sector,wday,hour,coeff,coeff_l,coeff_u
1,1,0,0.879890757492162,0.874997933490486,0.884783581493837
1,2,0,0.89457652840998,0.889690143263894,0.899462913556067
1,3,0,0.895809622609012,0.890923375669704,0.90069586954832
1,4,0,0.900098048430247,0.89521184706517,0.904984249795323
1,5,0,0.895857284626644,0.890974299234393,0.900740270018894
1,6,0,0.939090495274811,0.934222764391692,0.943958226157929
1,7,0,0.941859804709085,0.936992009083412,0.946727600334758
1,1,1,0.836938735151199,0.832488192781352,0.841389277521046
1,2,1,0.862298990554328,0.857851789286084,0.866746191822573
1,3,1,0.863176347528092,0.858729218047249,0.867623477008936
1,4,1,0.868389009276163,0.863941903468169,0.872836115084156
1,5,1,0.871783486934695,0.867338052459064,0.876228921410326
1,6,1,0.91630384250096,0.911866358846333,0.920741326155586
1,7,1,0.90962917790497,0.905191660423688,0.914066695386253
1,1,2,0.816373920558825,0.81087980658701,0.82186803453064
1,2,2,0.848204293831144,0.842719205591155,0.853689382071134
1,3,2,0.848336036235777,0.842851141697887,0.853820930773668
1,4,2,0.854086208125458,0.848601377461318,0.859571038789598
1,5,2,0.861989933282887,0.856509609555533,0.86747025701024
1,6,2,0.903214938220224,0.897755983102459,0.908673893337989
1,7,2,0.891427332185414,0.885968286408478,0.896886377962349
1,1,3,0.811500586044412,0.805908429684085,0.817092742404738
1,2,3,0.845500598169032,0.839916722111986,0.851084474226077
1,3,3,0.845163878119807,0.839580179835131,0.850747576404484
1,4,3,0.850086952379199,0.844503312716032,0.855670592042367
1,5,3,0.859855770853219,0.85427626831348,0.865435273392959
1,6,3,0.893034937141096,0.887475070948723,0.898594803333468
1,7,3,0.8797391147201,0.874179165144046,0.885299064296155
1,1,4,0.822932338967012,0.818019671961102,0.827845005972922
1,2,4,0.855028723798477,0.850120153786672,0.859937293810283
1,3,4,0.854768114090238,0.849859632082766,0.859676596097709
1,4,4,0.857488645089238,0.852580192102143,0.862397098076333
1,5,4,0.867248933835013,0.862342529443051,0.872155338226975
1,6,4,0.886659557338682,0.88176289101745,0.891556223659914
1,7,4,0.872790223961684,0.867893516235772,0.877686931687596
1,1,5,0.859733146194493,0.853840234775465,0.865626057613521
1,2,5,0.88645364845508,0.880571758076432,0.892335538833728
1,3,5,0.886619152813984,0.880737498855111,0.892500806772858
1,4,5,0.886868861713585,0.880987285713764,0.892750437713406
1,5,5,0.895851286373496,0.889975209968772,0.90172736277822
1,6,5,0.893868679791066,0.88801864601102,0.899718713571112
1,7,5,0.875443385812067,0.869593241656591,0.881293529967542
1,1,6,0.926831802466385,0.921738799905322,0.931924805027447
1,2,6,0.945421619679619,0.940333844564835,0.950509394794402
1,3,6,0.946152910408177,0.9410652475883,0.951240573228055
1,4,6,0.944647461453618,0.939559835664265,0.94973508724297
1,5,6,0.953144625621325,0.948059613961625,0.958229637281025
1,6,6,0.922240858568469,0.917168275087495,0.927313442049443
1,7,6,0.891981420608876,0.886908784280622,0.89705405693713
1,1,7,1.00338389939506,0.998017797476183,1.00875000131393
1,2,7,1.0123407421938,1.00698218207982,1.01769930230777
1,3,7,1.01362296258214,1.00826456426362,1.01898136090066
1,4,7,1.01102395374134,1.00566560877473,1.01638229870795
1,5,7,1.02004938338472,1.01469480224928,1.02540396452016
1,6,7,0.964267450275381,0.958930696530092,0.969604204020671
1,7,7,0.921373383926163,0.916036554607065,0.926710213245261
1,1,8,1.059862632661,1.05411453112293,1.06561073419906
1,2,8,1.05912424242893,1.05338627123033,1.06486221362753
1,3,8,1.06080641275713,1.0550686588544,1.06654416665986
1,4,8,1.05736464930529,1.05162696705539,1.0631023315552
1,5,8,1.06851480776262,1.06278218004602,1.07424743547921
1,6,8,1.00724251712584,1.00153381956194,1.01295121468974
1,7,8,0.960683438070616,0.954974639101096,0.966392237040137
1,1,9,1.08338237944016,1.07849163313383,1.08827312574649
1,2,9,1.0744171438872,1.06953027938442,1.07930400838998
1,3,9,1.07615257870422,1.07126579763696,1.08103935977147
1,4,9,1.07195558827756,1.06706883472456,1.07684234183056
1,5,9,1.08624377772855,1.08135896706553,1.09112858839158
1,6,9,1.04131559345773,1.03644003475316,1.0461911521623
1,7,9,1.00351819416132,0.998642596062441,1.00839379226019
1,1,10,1.08686529184426,1.08102496953051,1.092705614158
1,2,10,1.07281240967419,1.06698295094902,1.07864186839936
1,3,10,1.07396633439047,1.06813710863655,1.07979556014439
1,4,10,1.06932257689528,1.06349342796261,1.07515172582794
1,5,10,1.08537167013483,1.07954793972105,1.0911954005486
1,6,10,1.06107035775905,1.05527226465659,1.06686845086151
1,7,10,1.03812793378821,1.03232973210154,1.04392613547489
1,1,11,1.08446559520091,1.07923750129903,1.08969368910279
1,2,11,1.06972025589881,1.06449864338972,1.0749418684079
1,3,11,1.06947369785537,1.06425222444613,1.0746951712646
1,4,11,1.06490406469437,1.05968263715369,1.07012549223506
1,5,11,1.07913966110803,1.07392147008605,1.08435785213
1,6,11,1.06275393300275,1.057551088346,1.06795677765951
1,7,11,1.05415962187847,1.04895671210754,1.05936253164941
1,1,12,1.08249151780135,1.07726342389947,1.08771961170323
1,2,12,1.0693147733369,1.0640931608278,1.07453638584599
1,3,12,1.06755274486841,1.06233127145917,1.07277421827765
1,4,12,1.06346057303769,1.058239145497,1.06868200057838
1,5,12,1.07287963018179,1.06766143915982,1.07809782120376
1,6,12,1.05279479107371,1.04759194641695,1.05799763573046
1,7,12,1.05601146058565,1.05080855081472,1.06121437035659
1,1,13,1.08350265336967,1.07766233105593,1.08934297568342
1,2,13,1.07041776863597,1.0645883099108,1.07624722736114
1,3,13,1.06814834820991,1.06231912245599,1.07397757396383
1,4,13,1.06466260409182,1.05883345515915,1.07049175302448
1,5,13,1.0681519394757,1.06232820906192,1.07397566988948
1,6,13,1.0424582389825,1.03666014588004,1.04825633208496
1,7,13,1.05509676456179,1.04929856287511,1.06089496624847
1,1,14,1.08888328601776,1.08399253971143,1.09377403232409
1,2,14,1.07277804357775,1.06789117907497,1.07766490808053
1,3,14,1.07140937687917,1.06652259581192,1.07629615794643
1,4,14,1.06847216719839,1.06358541364539,1.07335892075139
1,5,14,1.06652727287917,1.06164246221614,1.0714120835422
1,6,14,1.04005704516055,1.03518148645598,1.04493260386512
1,7,14,1.05973132851134,1.05485573041246,1.06460692661022
1,1,15,1.09760139854304,1.09185329700498,1.1033495000811
1,2,15,1.07815750521588,1.07241953401728,1.08389547641448
1,3,15,1.07797620814249,1.07223845423976,1.08371396204521
1,4,15,1.0755283224844,1.0697906402345,1.0812660047343
1,5,15,1.06964666907286,1.06391404135626,1.07537929678945
1,6,15,1.04764980876985,1.04194111120596,1.05335850633375
1,7,15,1.07164460823573,1.06593580926621,1.07735340720525
1,1,16,1.10813379056156,1.10276768864269,1.11349989248044
1,2,16,1.0880699935591,1.08271143344513,1.09342855367307
1,3,16,1.08815515361854,1.08279675530003,1.09351355193706
1,4,16,1.08617008474045,1.08081173977384,1.09152842970706
1,5,16,1.07857616266295,1.07322158152751,1.0839307437984
1,6,16,1.06577472155216,1.06043796780687,1.07111147529745
1,7,16,1.09116531985816,1.08582849053907,1.09650214917726
1,1,17,1.11678422469974,1.11169122213868,1.12187722726081
1,2,17,1.09819879769467,1.09311102257989,1.10328657280946
1,3,17,1.09764954489478,1.0925618820749,1.10273720771466
1,4,17,1.09625737880841,1.09116975301905,1.10134500459776
1,5,17,1.08759438096498,1.08250936930528,1.09267939262468
1,6,17,1.08645005477065,1.08137747128967,1.09152263825162
1,7,17,1.11197962445853,1.10690698813028,1.11705226078678
1,1,18,1.11845401215961,1.11256110074059,1.12434692357864
1,2,18,1.10046688229427,1.09458499191562,1.10634877267291
1,3,18,1.09919416528946,1.09331251133059,1.10507581924834
1,4,18,1.09876133738906,1.09287976138924,1.10464291338889
1,5,18,1.08660399343782,1.0807279170331,1.09248006984255
1,6,18,1.09620166201109,1.09035162823104,1.10205169579113
1,7,18,1.12349049816555,1.11764035401007,1.12934064232102
1,1,19,1.1075309902068,1.10261832320089,1.11244365721271
1,2,19,1.08805057279498,1.08314200278318,1.09295914280679
1,3,19,1.08658610575256,1.08167762374509,1.09149458776003
1,4,19,1.08754446741747,1.08263601443037,1.09245292040456
1,5,19,1.06843721726998,1.06353081287802,1.07334362166194
1,6,19,1.08575177592682,1.08085510960559,1.09064844224805
1,7,19,1.11735458563476,1.11245787790885,1.12225129336067
1,1,20,1.07699319764418,1.07140104128386,1.08258535400451
1,2,20,1.05791183437068,1.05232795831364,1.06349571042773
1,3,20,1.05682056250157,1.0512368642169,1.06240426078625
1,4,20,1.05917185820702,1.05358821854385,1.06475549787019
1,5,20,1.03456306701908,1.02898356447934,1.04014256955882
1,6,20,1.05815706144681,1.05259719525444,1.06371692763919
1,7,20,1.09191667798744,1.08635672841139,1.0974766275635
1,1,21,1.0204393632118,1.01494524923999,1.02593347718362
1,2,21,1.00827507284191,1.00278998460192,1.0137601610819
1,3,21,1.00803510113162,1.00255020659373,1.01351999566951
1,4,21,1.01129256212957,1.00580773146543,1.01677739279371
1,5,21,0.988271787041213,0.98279146331386,0.993752110768567
1,6,21,1.01882204959567,1.0133630944779,1.02428100471343
1,7,21,1.04719625429396,1.04173720851702,1.05265530007089
1,1,22,0.94713372287644,0.942683180506593,0.951584265246287
1,2,22,0.947883030287331,0.943435829019087,0.952330231555576
1,3,22,0.948615018008064,0.94416788852722,0.953062147488907
1,4,22,0.952344576684134,0.94789747087614,0.956791682492127
1,5,22,0.937839973721794,0.933394539246163,0.942285408197425
1,6,22,0.975729134979336,0.971291651324709,0.980166618633963
1,7,22,0.991820041271013,0.98738252378973,0.996257558752296
1,1,23,0.879890757492162,0.874997933490486,0.884783581493837
1,2,23,0.894576528409981,0.889690143263894,0.899462913556067
1,3,23,0.895809622609012,0.890923375669704,0.90069586954832
1,4,23,0.900098048430247,0.89521184706517,0.904984249795323
1,5,23,0.895857284626644,0.890974299234393,0.900740270018894
1,6,23,0.939090495274811,0.934222764391692,0.943958226157929
1,7,23,0.941859804709085,0.936992009083412,0.946727600334758
2,1,0,0.772821410555451,0.767202564590022,0.77844025652088
2,2,0,0.778963201569645,0.773344277768405,0.784582125370886
2,3,0,0.784603296640331,0.778984308033974,0.790222285246688
2,4,0,0.790133549640761,0.784514679505669,0.795752419775854
2,5,0,0.802788904041165,0.797170240004932,0.808407568077398
2,6,0,0.788618569125651,0.783001196862467,0.794235941388835
2,7,0,0.74765812137429,0.742040774557968,0.753275468190611
2,1,1,0.60602136451348,0.600920021407203,0.611122707619757
2,2,1,0.608339574531501,0.603238191328595,0.613440957734407
2,3,1,0.614406253405352,0.609304836819089,0.619507669991614
2,4,1,0.61777710970622,0.612675754149009,0.62287846526343
2,5,1,0.63204408196601,0.626942832582439,0.637145331349581
2,6,1,0.637267204295069,0.632166620503756,0.642367788086382
2,7,1,0.602410785721113,0.59731021504357,0.607511356398656
2,1,2,0.504240701535679,0.497924510264706,0.510556892806652
2,2,2,0.505745274496781,0.499428973987293,0.51206157500627
2,3,2,0.511026201545803,0.50470981008542,0.517342593006187
2,4,2,0.510323928098242,0.504007702906442,0.516640153290042
2,5,2,0.51538330530504,0.509067369360799,0.521699241249282
2,6,2,0.531646847546016,0.525332724469955,0.537960970622078
2,7,2,0.511757334263778,0.505443246898704,0.518071421628851
2,1,3,0.453963539842874,0.447538127064565,0.460388952621184
2,2,3,0.457966574083014,0.451541061373856,0.464392086792172
2,3,3,0.46137594354059,0.45495034763061,0.46780153945057
2,4,3,0.458034509229438,0.451609065420441,0.464459953038434
2,5,3,0.457360349067133,0.450935169863512,0.463785528270753
2,6,3,0.466993293912865,0.46056977325754,0.47341681456819
2,7,3,0.45711696745079,0.450693479468743,0.463540455432836
2,1,4,0.459456420769762,0.453823813911473,0.465089027628051
2,2,4,0.468608679917281,0.462976023787455,0.474241336047107
2,3,4,0.469876189163607,0.464243492011426,0.475508886315789
2,4,4,0.466520703454815,0.460888081296602,0.472153325613028
2,5,4,0.467857822948737,0.462225331257643,0.473490314639832
2,6,4,0.449985560904281,0.444353887052503,0.455617234756058
2,7,4,0.437551525423428,0.43191986768425,0.443183183162605
2,1,5,0.545544235711586,0.538764412534191,0.552324058888982
2,2,5,0.560721254019467,0.553941297021579,0.567501211017355
2,3,5,0.561188629110938,0.554408560694546,0.56796869752733
2,4,5,0.55914213047237,0.55236226574106,0.56592199520368
2,5,5,0.562919029608128,0.556139519209102,0.569698540007154
2,6,5,0.5005322338972,0.493754944097922,0.507309523696477
2,7,5,0.472519594057427,0.465742347997608,0.479296840117246
2,1,6,0.724402786899913,0.718559718723439,0.730245855076388
2,2,6,0.744310859414677,0.738467728419837,0.750153990409517
2,3,6,0.74636467699226,0.740521493696413,0.752207860288108
2,4,6,0.745725235855225,0.739882148172213,0.751568323538237
2,5,6,0.74633454263971,0.740491621295422,0.752177463983998
2,6,6,0.63138423931763,0.625542360702298,0.637226117932963
2,7,6,0.577119136073237,0.571277278001611,0.582960994144862
2,1,7,0.931019216968786,0.924854979267313,0.93718345467026
2,2,7,0.950337842471327,0.944173513226752,0.956502171715903
2,3,7,0.953987489661499,0.947823084198473,0.960151895124526
2,4,7,0.954836796741925,0.948672530614499,0.96100106286935
2,5,7,0.951411991117151,0.945247967379374,0.957576014854927
2,6,7,0.811116665029131,0.804954160354735,0.817279169703528
2,7,7,0.735689622389493,0.729527147636438,0.741852097142548
2,1,8,1.07443488059806,1.06782400538063,1.0810457558155
2,2,8,1.08326181954644,1.07665082124699,1.0898728178459
2,3,8,1.08501254800891,1.0784014472316,1.09162364878622
2,4,8,1.08782436582271,1.08121345238589,1.09443527925953
2,5,8,1.08788456315964,1.08127397562069,1.0944951506986
2,6,8,0.993108119220697,0.986499574047128,0.999716664394267
2,7,8,0.921760629875872,0.915152124930434,0.928369134821309
2,1,9,1.11696727891228,1.11136059020935,1.12257396761522
2,2,9,1.10626749328981,1.10066075813289,1.11187422844672
2,3,9,1.10288156584362,1.09727479201068,1.10848833967656
2,4,9,1.10781973429355,1.10221303116554,1.11342643742157
2,5,9,1.12117266557427,1.1155660854553,1.12677924569325
2,6,9,1.14038086822985,1.13477505930236,1.14598667715735
2,7,9,1.10183762530352,1.09623183157139,1.10744341903565
2,1,10,1.10355370003305,1.09683455116852,1.11027284889759
2,2,10,1.07360621507386,1.06688693399006,1.08032549615767
2,3,10,1.06793453433334,1.06121514316353,1.07465392550315
2,4,10,1.07376422550765,1.06704503558651,1.0804834154288
2,5,10,1.10305002626837,1.09633118643622,1.10976886610052
2,6,10,1.23092874819269,1.22421210222644,1.23764539415894
2,7,10,1.23155534551072,1.2248387427549,1.23827194826653
2,1,11,1.08181276766389,1.07581039841483,1.08781513691294
2,2,11,1.04194297809099,1.03594053039657,1.0479454257854
2,3,11,1.04211977690324,1.03611726389599,1.04812228991049
2,4,11,1.04648231152673,1.04047991791877,1.0524847051347
2,5,11,1.08682095437622,1.08081876847993,1.0928231402725
2,6,11,1.24867223340998,1.24267134934898,1.25467311747099
2,7,11,1.27324310454606,1.26724224612933,1.27924396296279
2,1,12,1.06421522336134,1.05821285411228,1.0702175926104
2,2,12,1.02489842619856,1.01889597850415,1.03090087389297
2,3,12,1.03396183464174,1.02795932163449,1.03996434764899
2,4,12,1.03630097244908,1.03029857884111,1.04230336605704
2,5,12,1.07895235441024,1.07295016851395,1.08495454030652
2,6,12,1.21437140602259,1.20837052196158,1.2203722900836
2,7,12,1.24982288646504,1.24382202804831,1.25582374488177
2,1,13,1.0465708957135,1.03985174684896,1.05329004457803
2,2,13,1.0156625116177,1.00894323053389,1.0223817927015
2,3,13,1.02664147557686,1.01992208440705,1.03336086674668
2,4,13,1.02958226357512,1.02286307365398,1.03630145349627
2,5,13,1.06371152830496,1.05699268847281,1.07043036813711
2,6,13,1.16633403486838,1.15961738890214,1.17305068083463
2,7,13,1.2130438030219,1.20632720026609,1.21976040577772
2,1,14,1.04084606251437,1.03523937381144,1.04645275121731
2,2,14,1.02288091598618,1.01727418082927,1.0284876511431
2,3,14,1.0247047344892,1.01909796065626,1.03031150832214
2,4,14,1.03136368798409,1.02575698485607,1.0369703911121
2,5,14,1.04728780768771,1.04168122756873,1.05289438780668
2,6,14,1.13971236652647,1.13410655759898,1.14531817545396
2,7,14,1.20381821302136,1.19821241928923,1.20942400675349
2,1,15,1.093103499398,1.08649262418056,1.09971437461544
2,2,15,1.08787504205478,1.08126404375532,1.09448604035423
2,3,15,1.0778295760228,1.07121847524549,1.08444067680011
2,4,15,1.08615611263911,1.07954519920229,1.09276702607593
2,5,15,1.08212942189182,1.07551883435286,1.08874000943078
2,6,15,1.16281464488497,1.1562060997114,1.16942319005854
2,7,15,1.23996066434072,1.23335215939529,1.24656916928616
2,1,16,1.24569807405599,1.23953383635451,1.25186231175746
2,2,16,1.24850633642959,1.24234200718502,1.25467066567417
2,3,16,1.2330832589022,1.22691885343917,1.23924766436522
2,4,16,1.23581331404803,1.2296490479206,1.24197758017545
2,5,16,1.21813386817151,1.21196984443374,1.22429789190929
2,6,16,1.25787943196732,1.25171692729292,1.26404193664172
2,7,16,1.33234703125821,1.32618455650515,1.33850950601126
2,1,17,1.44796997358764,1.44212690541117,1.45381304176412
2,2,17,1.454583729297,1.44874059830216,1.46042686029184
2,3,17,1.44111973500928,1.43527655171344,1.44696291830513
2,4,17,1.43351951687629,1.42767642919327,1.4393626045593
2,5,17,1.40783288400717,1.40198996266288,1.41367580535146
2,6,17,1.386603448557,1.38076156994167,1.39244532717233
2,7,17,1.44500154573201,1.43915968766039,1.45084340380364
2,1,18,1.58928304534513,1.58250322216774,1.59606286852253
2,2,18,1.59913954915836,1.59235959216047,1.60591950615625
2,3,18,1.59042346524297,1.58364339682658,1.59720353365936
2,4,18,1.57528280500113,1.56850294026982,1.58206266973244
2,5,18,1.54097581931092,1.5341963089119,1.54775532970995
2,6,18,1.47164697711447,1.46486968731519,1.47842426691375
2,7,18,1.51174020534583,1.50496295928601,1.51851745140565
2,1,19,1.5910000551335,1.58536744827521,1.59663266199179
2,2,19,1.60560685406439,1.59997419793456,1.61123951019421
2,3,19,1.6009541023332,1.59532140518102,1.60658679948538
2,4,19,1.58605943028998,1.58042680813177,1.59169205244819
2,5,19,1.54035979445031,1.53472730275921,1.5459922861414
2,6,19,1.45774214606039,1.45211047220861,1.46337381991216
2,7,19,1.48443233842827,1.47880068068909,1.49006399616745
2,1,20,1.4694058105495,1.46298039777119,1.47583122332781
2,2,20,1.48759006325592,1.48116455054676,1.49401557596507
2,3,20,1.48619195811432,1.47976636220434,1.4926175540243
2,4,20,1.47681778873698,1.47039234492798,1.48324323254598
2,5,20,1.42685558031692,1.4204304011133,1.43328075952054
2,6,20,1.35498345126389,1.34855993060856,1.36140697191921
2,7,20,1.3683269173203,1.36190342933826,1.37475040530235
2,1,21,1.2585250262278,1.25220883495683,1.26484121749877
2,2,21,1.27578542787229,1.2694691273628,1.28210172838177
2,3,21,1.2772808276282,1.27096443616782,1.28359721908858
2,4,21,1.27490168947161,1.26858546427981,1.28121791466341
2,5,21,1.23896124430651,1.23264530836227,1.24527718025075
2,6,21,1.18573469284165,1.17942056976559,1.19204881591771
2,7,21,1.17936860771336,1.17305452034828,1.18568269507843
2,1,22,1.00632261955296,1.00122127644668,1.01142396265923
2,2,22,1.01843617599081,1.0133347927879,1.02353755919371
2,3,22,1.02242863024942,1.01732721366315,1.02753004683568
2,4,22,1.02568426893819,1.02058291338098,1.0307856244954
2,5,22,1.01698255702919,1.01188130764562,1.02208380641276
2,6,22,0.982924247686155,0.977823663894842,0.988024831477468
2,7,22,0.954259873988974,0.949159303311431,0.959360444666516
2,1,23,0.772821410555451,0.767202564590022,0.77844025652088
2,2,23,0.778963201569645,0.773344277768405,0.784582125370886
2,3,23,0.784603296640331,0.778984308033974,0.790222285246688
2,4,23,0.790133549640761,0.784514679505669,0.795752419775854
2,5,23,0.802788904041165,0.797170240004932,0.808407568077398
2,6,23,0.788618569125651,0.783001196862467,0.794235941388836
2,7,23,0.74765812137429,0.742040774557968,0.753275468190611
3,1,0,0.880529863059916,0.879808258901256,0.881251467218576
3,2,0,0.879196105747622,0.878474470864296,0.879917740630949
3,3,0,0.880158725321384,0.879437104935421,0.880880345707346
3,4,0,0.880341708857747,0.879620099835433,0.881063317880061
3,5,0,0.879262680961495,0.878541060542238,0.879984301380752
3,6,0,0.880176912981729,0.879455298835728,0.88089852712773
3,7,0,0.8798459620541,0.87912433778576,0.880567586322441
3,1,1,0.898125775860076,0.897470579518807,0.898780972201345
3,2,1,0.897241610471042,0.896586398298347,0.897896822643737
3,3,1,0.897399890233363,0.896744685530573,0.898055094936153
3,4,1,0.896870957460351,0.896215758612937,0.897526156307766
3,5,1,0.896289422539427,0.895634217819482,0.896944627259373
3,6,1,0.897681373443678,0.897026171956152,0.898336574931204
3,7,1,0.897025272504893,0.89637006580165,0.897680479208135
3,1,2,0.928367470064263,0.927556346441114,0.929178593687412
3,2,2,0.928250834403984,0.92743966766217,0.929062001145797
3,3,2,0.927549481555362,0.926738335159048,0.928360627951675
3,4,2,0.926269423126706,0.925458292677987,0.927080553575425
3,5,2,0.926601451250913,0.925790304807873,0.927412597693952
3,6,2,0.927944618484481,0.927133480845254,0.928755756123708
3,7,2,0.927586122971666,0.92677497112686,0.928397274816473
3,1,3,0.960239855798051,0.959414686630112,0.96106502496599
3,2,3,0.960493130763468,0.959667922146928,0.961318339380007
3,3,3,0.959545599085966,0.958720409083091,0.960370789088841
3,4,3,0.958263667142744,0.957438491730133,0.959088842555355
3,5,3,0.959148151924194,0.95832296187857,0.959973341969818
3,6,3,0.959734615277612,0.958909433286475,0.960559797268748
3,7,3,0.960319572005809,0.959494377018203,0.961144766993415
3,1,4,0.98861851960342,0.987895098486715,0.989341940720124
3,2,4,0.988724665824585,0.988001225255334,0.989448106393836
3,3,4,0.988208777221489,0.987485345830777,0.988932208612201
3,4,4,0.987756683787239,0.987033259591181,0.988480107983298
3,5,4,0.988597216699144,0.987873785287352,0.989320648110935
3,6,4,0.987922770254074,0.987199342814048,0.9886461976941
3,7,4,0.989726757926886,0.989003324078154,0.990450191775618
3,1,5,1.01518928907254,1.01431865458281,1.01605992356227
3,2,5,1.01520104352463,1.01433035621902,1.01607173083023
3,3,5,1.01516026299982,1.01428960061552,1.01603092538413
3,4,5,1.0156359679242,1.01476532507395,1.01650661077445
3,5,5,1.01622730196463,1.01535663952309,1.01709796440617
3,6,5,1.01443670710087,1.01356605544306,1.01530735875868
3,7,5,1.01691027139851,1.01603960234035,1.01778094045667
3,1,6,1.04122261282922,1.04047218145786,1.04197304420057
3,2,6,1.04164602444722,1.04089556827418,1.04239648062027
3,3,6,1.04158098034472,1.04083053587414,1.0423314248153
3,4,6,1.04241972220762,1.04166928691013,1.04317015750512
3,5,6,1.04293042847739,1.04217998397994,1.04368087297485
3,6,6,1.04072693697669,1.03997649754318,1.0414773764102
3,7,6,1.04266161445303,1.04191116684852,1.04341206205754
3,1,7,1.06354182541659,1.06275018957212,1.06433346126106
3,2,7,1.06446972990185,1.06367805792719,1.06526140187652
3,3,7,1.06406812910415,1.0632764741776,1.0648597840307
3,4,7,1.06469430930878,1.06390266774505,1.0654859508725
3,5,7,1.06537445738736,1.06458280242166,1.06616611235307
3,6,7,1.06337474261497,1.06258309502618,1.06416639020376
3,7,7,1.06397383299994,1.06318217350795,1.06476549249193
3,1,8,1.0774861585094,1.07663720675705,1.07833511026175
3,2,8,1.07830594678888,1.07745694646,1.07915494711777
3,3,8,1.07769181018632,1.07684283277843,1.07854078759422
3,4,8,1.07774824696669,1.07689928752491,1.07859720640847
3,5,8,1.07882454812188,1.07797557066134,1.07967352558242
3,6,8,1.07733583678563,1.07648686924326,1.07818480432801
3,7,8,1.07658242953579,1.07573344598972,1.07743141308185
3,1,9,1.08210786551536,1.08138776871269,1.08282796231804
3,2,9,1.08204182482234,1.08132170967632,1.08276193996836
3,3,9,1.08150483280698,1.08078472631604,1.08222493929793
3,4,9,1.08101081441404,1.08029071470755,1.08173091412054
3,5,9,1.08249250158506,1.08177239507423,1.08321260809588
3,6,9,1.08159551157233,1.0808754088068,1.08231561433785
3,7,9,1.07999960001798,1.07927949120918,1.08071970882678
3,1,10,1.08221678947141,1.08135394579603,1.0830796331468
3,2,10,1.08116010082117,1.08029720496622,1.08202299667612
3,3,10,1.08073568390927,1.07987281267551,1.08159855514303
3,4,10,1.08033159837219,1.07946874643708,1.08119445030729
3,5,10,1.08170969829196,1.08084682700166,1.08257256958227
3,6,10,1.08138754130703,1.08052468067052,1.08225040194354
3,7,10,1.07959347027936,1.07873059245214,1.08045634810659
3,1,11,1.08252222801533,1.08175136148003,1.08329309455064
3,2,11,1.08104089886417,1.08027000136502,1.08181179636332
3,3,11,1.08052221484597,1.07975133195709,1.08129309773486
3,4,11,1.08133021687118,1.08055934543439,1.08210108830798
3,5,11,1.081668567154,1.08089768423157,1.08243945007644
3,6,11,1.08182125160484,1.08105037500449,1.08259212820519
3,7,11,1.08052811901775,1.07975723221626,1.08129900581924
3,1,12,1.08300164517716,1.08223077864186,1.08377251171247
3,2,12,1.08174360805796,1.08097271055881,1.08251450555711
3,3,12,1.08106352451969,1.0802926416308,1.08183440740857
3,4,12,1.08341387472164,1.08264300328485,1.08418474615844
3,5,12,1.08227739756285,1.08150651464041,1.08304828048529
3,6,12,1.08274894536844,1.08197806876808,1.08351982196879
3,7,12,1.08234663077251,1.08157574397102,1.083117517574
3,1,13,1.08137660880351,1.08051376512813,1.08223945247889
3,2,13,1.08079063800864,1.07992774215369,1.08165353386359
3,3,13,1.08020256028823,1.07933968905446,1.08106543152199
3,4,13,1.083031198362,1.08216834642689,1.0838940502971
3,5,13,1.08092587889983,1.08006300760953,1.08178875019014
3,6,13,1.08151772120055,1.08065486056404,1.08238058183705
3,7,13,1.08191404308401,1.08105116525679,1.08277692091123
3,1,14,1.07544960729289,1.07472951049021,1.07616970409557
3,2,14,1.07574257337246,1.07502245822644,1.07646268851848
3,3,14,1.07560578499668,1.07488567850573,1.07632589148763
3,4,14,1.07725380066734,1.07653370096085,1.07797390037384
3,5,14,1.07519268892061,1.07447258240979,1.07591279543144
3,6,14,1.07573916200725,1.07501905924173,1.07645926477277
3,7,14,1.07647656032349,1.07575645151469,1.0771966691323
3,1,15,1.06322196064674,1.0623730088944,1.06407091239909
3,2,15,1.06427281998841,1.06342381965953,1.0651218203173
3,3,15,1.06459998959404,1.06375101218614,1.06544896700193
3,4,15,1.0644979552974,1.06364899585562,1.06534691473918
3,5,15,1.06308535637997,1.06223637891943,1.06393433384051
3,6,15,1.06361184948143,1.06276288193905,1.06446081702381
3,7,15,1.06411431018824,1.06326532664218,1.06496329373431
3,1,16,1.04299313040688,1.04220149456241,1.04378476625135
3,2,16,1.04437176462611,1.04358009265144,1.04516343660077
3,3,16,1.04480871236755,1.044017057441,1.0456003672941
3,4,16,1.04360260000886,1.04281095844514,1.04439424157258
3,5,16,1.04294411785407,1.04215246288836,1.04373577281977
3,6,16,1.04365716992026,1.04286552233147,1.04444881750905
3,7,16,1.0433086208856,1.04251696139361,1.04410028037759
3,1,17,1.01623742500372,1.01548699363237,1.01698785637507
3,2,17,1.01754955039733,1.01679909422428,1.01830000657038
3,3,17,1.01780238911324,1.01705194464266,1.01855283358381
3,4,17,1.01635183622594,1.01560140092844,1.01710227152343
3,5,17,1.01634918880064,1.01559874430318,1.01709963329809
3,6,17,1.0172898678126,1.01653942837909,1.01804030724611
3,7,17,1.01598408454727,1.01523363694276,1.01673453215178
3,1,18,0.986476857959448,0.985606223469714,0.987347492449181
3,2,18,0.987586436128124,0.986715748822523,0.988457123433724
3,3,18,0.987697038012639,0.986826375628333,0.988567700396946
3,4,18,0.986429179454217,0.985558536603968,0.987299822304466
3,5,18,0.986970350055718,0.986099687614178,0.987841012497259
3,6,18,0.987790860777939,0.986920209120129,0.988661512435748
3,7,18,0.986285781261305,0.985415112203147,0.987156450319463
3,1,19,0.956686690360014,0.95596326924331,0.957410111476719
3,2,19,0.957608477723403,0.956885037154152,0.958331918292654
3,3,19,0.957851225418587,0.957127794027875,0.958574656809299
3,4,19,0.956861069053,0.956137644856943,0.957584493249058
3,5,19,0.957771617715789,0.957048186303997,0.95849504912758
3,6,19,0.957964642400677,0.957241214960651,0.958688069840703
3,7,19,0.957427066042521,0.956703632193789,0.958150499891253
3,1,20,0.928171248053525,0.927346078885586,0.928996417221464
3,2,20,0.928751045774386,0.927925837157847,0.929576254390926
3,3,20,0.929322624715618,0.928497434712743,0.930147814718493
3,4,20,0.928692766468856,0.927867591056245,0.929517941881467
3,5,20,0.929586658247283,0.92876146820166,0.930411848292907
3,6,20,0.929155777590885,0.928330595599748,0.929980959582021
3,7,20,0.929834680373239,0.929009485385633,0.930659875360845
3,1,21,0.902143769237037,0.901332645613888,0.902954892860187
3,2,21,0.902024896051521,0.901213729309707,0.902836062793334
3,3,21,0.902984293865717,0.902173147469403,0.903795440262031
3,4,21,0.902829613467788,0.902018483019069,0.903640743916507
3,5,21,0.903111077815188,0.902299931372149,0.903922224258228
3,6,21,0.902658611864648,0.901847474225421,0.903469749503875
3,7,21,0.903703493111651,0.902892341266845,0.904514644956458
3,1,22,0.883542940783569,0.8828877444423,0.884198137124838
3,2,22,0.882590167743069,0.881934955570374,0.883245379915764
3,3,22,0.883776744171827,0.883121539469037,0.884431948874617
3,4,22,0.884021080975729,0.883365882128314,0.884676279823144
3,5,22,0.883396560429093,0.882741355709147,0.884051765149038
3,6,22,0.88354966018966,0.882894458702134,0.884204861677185
3,7,22,0.884005742190342,0.883350535487099,0.884660948893584
3,1,23,0.880529863059916,0.879808258901256,0.881251467218576
3,2,23,0.879196105747622,0.878474470864296,0.879917740630949
3,3,23,0.880158725321384,0.879437104935421,0.880880345707346
3,4,23,0.880341708857747,0.879620099835433,0.881063317880061
3,5,23,0.879262680961495,0.878541060542238,0.879984301380752
3,6,23,0.88017691298173,0.879455298835728,0.880898527127731
3,7,23,0.8798459620541,0.87912433778576,0.880567586322441
4,1,0,0.877199629291848,0.876681573732362,0.877717684851333
4,2,0,0.877751019980029,0.877232972002953,0.878269067957105
4,3,0,0.876723499383646,0.876205446314841,0.87724155245245
4,4,0,0.878025385210521,0.877507336811515,0.878543433609527
4,5,0,0.876689936117163,0.876171881177495,0.877207991056831
4,6,0,0.87754369737638,0.877025643483335,0.878061751269426
4,7,0,0.877819224175396,0.87730116960943,0.878337278741362
4,1,1,0.895087404968603,0.894617086300244,0.895557723636962
4,2,1,0.895459847623569,0.894989532860694,0.895930162386444
4,3,1,0.895039791277683,0.894569473892194,0.895510108663172
4,4,1,0.895071513560736,0.894601198580535,0.895541828540937
4,5,1,0.894347357354316,0.893877039005204,0.894817675703427
4,6,1,0.895700665786102,0.895230347976072,0.896170983596132
4,7,1,0.895377033105108,0.894906714948479,0.895847351261738
4,1,2,0.926233450372948,0.925651083247243,0.926815817498652
4,2,2,0.926183474647355,0.925601118163429,0.926765831131281
4,3,2,0.926588646987002,0.926006283356928,0.927171010617075
4,4,2,0.924980105568254,0.924397748492157,0.92556246264435
4,5,2,0.925130107661354,0.924547741405554,0.925712473917154
4,6,2,0.9266768106961,0.926094445909218,0.927259175482981
4,7,2,0.926187499766565,0.925605134035251,0.92676986549788
4,1,3,0.95927441240215,0.958681983347255,0.959866841457045
4,2,3,0.958667744664725,0.95807532534432,0.95926016398513
4,3,3,0.959595244472703,0.959002818615403,0.960187670330004
4,4,3,0.95744333579295,0.95685091593086,0.958035755655041
4,5,3,0.957955694497636,0.957363266238476,0.958548122756795
4,6,3,0.959202341609401,0.95860991469392,0.959794768524881
4,7,3,0.958827960405117,0.958235532625726,0.959420388184509
4,1,4,0.988853359638939,0.988334057260562,0.989372662017317
4,2,4,0.987614720407807,0.987095422828771,0.988134017986843
4,3,4,0.988621720562512,0.988102419760621,0.989141021364403
4,4,4,0.987380376306085,0.986861078459984,0.987899674152186
4,5,4,0.987616587861744,0.987097285875682,0.988135889847806
4,6,4,0.988172278793729,0.987652977470131,0.988691580117327
4,7,4,0.98802005095358,0.987500749204054,0.988539352703105
4,1,5,1.01655741541214,1.01593228774088,1.01718254308339
4,2,5,1.01461247991143,1.01398736527752,1.01523759454535
4,3,5,1.01555640255128,1.01493127916257,1.01618152593999
4,4,5,1.01575335766194,1.01512824230255,1.01637847302133
4,5,5,1.01569733190889,1.01507220530337,1.01632245851441
4,6,5,1.01560881168526,1.01498368687933,1.01623393649119
4,7,5,1.01558886355223,1.01496373758926,1.01621398951519
4,1,6,1.04353840287628,1.04299968793415,1.0440771178184
4,2,6,1.04088560818177,1.04034689935841,1.04142431700513
4,3,6,1.04187729843429,1.04133858550206,1.04241601136652
4,4,6,1.04313626855148,1.04259755938763,1.04367497771532
4,5,6,1.04331672202615,1.0427780075842,1.0438554364681
4,6,6,1.04298644184651,1.04244772824915,1.04352515544388
4,7,6,1.0428642146668,1.04232550052641,1.04340292880719
4,1,7,1.0663478477395,1.06577950256517,1.06691619291382
4,2,7,1.06347829535151,1.06290995909565,1.06404663160737
4,3,7,1.06448279123711,1.06391444899235,1.06505113348187
4,4,7,1.06604755908137,1.06547922232924,1.0666158958335
4,5,7,1.06687024776016,1.06630190331487,1.06743859220545
4,6,7,1.0664934077673,1.06592506455306,1.06706175098154
4,7,7,1.0661903322123,1.06562198820656,1.06675867621804
4,1,8,1.0800068307478,1.07939728642133,1.08061637507428
4,2,8,1.07803829748291,1.07742876514775,1.07864782981808
4,3,8,1.07874068777853,1.078131147391,1.07935022816607
4,4,8,1.0796648244314,1.07905529142897,1.08027435743383
4,5,8,1.08118060218768,1.08057105884143,1.08179014553393
4,6,8,1.0805558643331,1.07994632264205,1.08116540602414
4,7,8,1.0802506948557,1.07964115210045,1.08086023761095
4,1,9,1.08366407177693,1.08314716091965,1.08418098263421
4,2,9,1.08362321375811,1.08310630742526,1.08414012009095
4,3,9,1.08370736682033,1.08319045744922,1.08422427619143
4,4,9,1.08330596286135,1.08278905627674,1.08382286944597
4,5,9,1.08522277176946,1.08470586128202,1.0857396822569
4,6,9,1.08413735678733,1.08362044692441,1.08465426665026
4,7,9,1.08407467671439,1.08355776644994,1.08459158697885
4,1,10,1.08286862017084,1.08224908722694,1.08348815311473
4,2,10,1.08457816183968,1.08395864177775,1.08519768190161
4,3,10,1.08415897126894,1.08353944255657,1.08477849998132
4,4,10,1.08270853650098,1.08208901572223,1.08332805727973
4,5,10,1.0844103530776,1.08379082118674,1.08502988496845
4,6,10,1.08323724536112,1.08261771524841,1.08385677547383
4,7,10,1.08343048711822,1.08281095586226,1.08405001837418
4,1,11,1.08302039371436,1.08246698103318,1.08357380639553
4,2,11,1.08517853541805,1.08462513037887,1.08573194045723
4,3,11,1.08475299812759,1.08419958795667,1.08530640829851
4,4,11,1.08341198022742,1.082858574763,1.08396538569185
4,5,11,1.08406327374589,1.0835098616894,1.08461668580238
4,6,11,1.08366398993529,1.08311057893365,1.08421740093693
4,7,11,1.08391466033996,1.08336124866011,1.08446807201981
4,1,12,1.08396252860345,1.08340911592228,1.08451594128463
4,2,12,1.08553380084887,1.08498039580969,1.08608720588806
4,3,12,1.08529720289651,1.08474379272559,1.08585061306743
4,4,12,1.08499663025613,1.0844432247917,1.08555003572055
4,5,12,1.08435899515439,1.08380558309791,1.08491240721088
4,6,12,1.08490341809034,1.0843500070887,1.08545682909197
4,7,12,1.08515666326746,1.08460325158762,1.08571007494731
4,1,13,1.08288977286189,1.082270239918,1.08350930580579
4,2,13,1.08376603660946,1.08314651654753,1.08438555667139
4,3,13,1.08328884291657,1.08266931420419,1.08390837162895
4,4,13,1.08420425746645,1.08358473668769,1.0848237782452
4,5,13,1.08302217142937,1.08240263953851,1.08364170332023
4,6,13,1.08343139114765,1.08281186103494,1.08405092126036
4,7,13,1.08394348094648,1.08332394969052,1.08456301220244
4,1,14,1.07722196582487,1.07670505496759,1.07773887668215
4,2,14,1.07785961105025,1.0773427047174,1.0783765173831
4,3,14,1.07656961355712,1.07605270418602,1.07708652292823
4,4,14,1.07827279382244,1.07775588723782,1.07878970040705
4,5,14,1.07767989708424,1.0771629865968,1.07819680757168
4,6,14,1.07653682334184,1.07601991347892,1.07705373320477
4,7,14,1.07753932865696,1.0770224183925,1.07805623892141
4,1,15,1.06488518469136,1.06427564036488,1.06549472901783
4,2,15,1.06553577091514,1.06492623857997,1.0661453032503
4,3,15,1.06373336347582,1.06312382308829,1.06434290386336
4,4,15,1.06551731954375,1.06490778654132,1.06612685254618
4,5,15,1.06578635465758,1.06517681131133,1.06639589800383
4,6,15,1.06325253744791,1.06264299575687,1.06386207913896
4,7,15,1.06424592106078,1.06363637830553,1.06485546381603
4,1,16,1.04415842892953,1.0435900837552,1.04472677410386
4,2,16,1.04478953051148,1.04422119425562,1.04535786676734
4,3,16,1.04366578363627,1.04309744139151,1.04423412588104
4,4,16,1.0446354191935,1.04406708244137,1.04520375594563
4,5,16,1.04510414294325,1.04453579849796,1.04567248738854
4,6,16,1.04298389870163,1.04241555548739,1.04355224191587
4,7,16,1.04276984373301,1.04220149972727,1.04333818773874
4,1,17,1.01668239141293,1.01614367647081,1.01722110635506
4,2,17,1.01718360791472,1.01664489909136,1.01772231673808
4,3,17,1.01754423429851,1.01700552136628,1.01808294723075
4,4,17,1.01719456711698,1.01665585795313,1.01773327628082
4,5,17,1.01723430722308,1.01669559278112,1.01777302166503
4,6,17,1.01691435549486,1.01637564189749,1.01745306909223
4,7,17,1.01500562118961,1.01446690704922,1.01554433533
4,1,18,0.986265879075771,0.985640751404518,0.986891006747024
4,2,18,0.986581754658959,0.985956640025042,0.987206869292877
4,3,18,0.988024295492768,0.987399172104055,0.98864941888148
4,4,18,0.986613291439477,0.985988176080089,0.987238406798864
4,5,18,0.986253553523214,0.985628426917692,0.986878680128735
4,6,18,0.9873744081479,0.98674928334197,0.987999532953831
4,7,18,0.984903627648306,0.984278501685338,0.985528753611273
4,1,19,0.956036333275602,0.955517030897224,0.956555635653979
4,2,19,0.956178020463335,0.955658722884299,0.956697318042371
4,3,19,0.957510744951943,0.956991444150053,0.958030045753834
4,4,19,0.955854916417034,0.955335618570933,0.956374214263136
4,5,19,0.955526542167966,0.955007240181904,0.956045844154028
4,6,19,0.956615575290126,0.956096273966528,0.957134876613724
4,7,19,0.955566957837437,0.955047656087911,0.956086259586963
4,1,20,0.927057265427881,0.926464836372986,0.927649694482776
4,2,20,0.927129704049652,0.926537284729247,0.927722123370057
4,3,20,0.927616044363692,0.927023618506391,0.928208470220993
4,4,20,0.926484603448153,0.925892183586062,0.927077023310243
4,5,20,0.926251005919586,0.925658577660427,0.926843434178745
4,6,20,0.926607187822775,0.926014760907294,0.927199614738256
4,7,20,0.927562898429249,0.926970470649857,0.92815532620864
4,1,21,0.900255838697795,0.899673471572091,0.900838205823499
4,2,21,0.900453064781012,0.899870708297086,0.901035421264938
4,3,21,0.900020334557345,0.899437970927272,0.900602698187419
4,4,21,0.900004327051243,0.899421969975146,0.900586684127339
4,5,21,0.899457818689794,0.898875452433994,0.900040184945594
4,6,21,0.899445573770488,0.898863208983607,0.90002793855737
4,7,21,0.901263760636352,0.900681394905038,0.901846126367667
4,1,22,0.880732942794733,0.880262624126374,0.881203261463091
4,2,22,0.881166678950134,0.880696364187259,0.881636993713009
4,3,22,0.880160621568174,0.879690304182686,0.880630938953663
4,4,22,0.881267283279842,0.88079696829964,0.881737598260043
4,5,22,0.880134289122341,0.87966397077323,0.880604607471453
4,6,22,0.880412221390469,0.87994190358044,0.880882539200499
4,7,22,0.881676974553615,0.881206656396985,0.882147292710244
4,1,23,0.877199629291848,0.876681573732362,0.877717684851333
4,2,23,0.877751019980029,0.877232972002953,0.878269067957105
4,3,23,0.876723499383646,0.876205446314841,0.87724155245245
4,4,23,0.878025385210521,0.877507336811515,0.878543433609527
4,5,23,0.876689936117163,0.876171881177495,0.877207991056831
4,6,23,0.87754369737638,0.877025643483335,0.878061751269426
4,7,23,0.877819224175396,0.87730116960943,0.878337278741362
5,1,0,0.884709553463848,0.883246367959523,0.886172738968173
5,2,0,0.885021361292832,0.883558495333983,0.886484227251681
5,3,0,0.885066669610225,0.883603832242182,0.886529506978268
5,4,0,0.883752709763798,0.88228941859436,0.885216000933236
5,5,0,0.884532038448269,0.883069260635705,0.885994816260832
5,6,0,0.885755415223949,0.884292326414432,0.887218504033467
5,7,0,0.884696862094614,0.883233899921357,0.886159824267871
5,1,1,0.900786981938549,0.8994574288152,0.902116535061899
5,2,1,0.90116917202994,0.899839784004688,0.902498560055191
5,3,1,0.901310222818228,0.899980849567385,0.902639596069071
5,4,1,0.900565833726752,0.899236226021283,0.901895441432221
5,5,1,0.900351009461575,0.899021666987589,0.90168035193556
5,6,1,0.901732010098053,0.900402506928099,0.903061513268007
5,7,1,0.901512759735215,0.900183321993851,0.902842197476579
5,1,2,0.929345676998302,0.927701701444452,0.930989652552153
5,2,2,0.929369850677202,0.927726323362821,0.931013377991583
5,3,2,0.929672732497776,0.928029245287738,0.931316219707814
5,4,2,0.930425537935953,0.928781414156159,0.932069661715746
5,5,2,0.928638907413634,0.926995503741502,0.930282311085765
5,6,2,0.929835859788767,0.928192019875148,0.931479699702385
5,7,2,0.930267826234202,0.928624163958424,0.93191148850998
5,1,3,0.959571636910546,0.957898821196392,0.961244452624699
5,2,3,0.959992368593077,0.958319963412068,0.961664773774087
5,3,3,0.960263793162862,0.958591424715066,0.961936161610658
5,4,3,0.96160017845655,0.959927226996579,0.963273129916522
5,5,3,0.959625569016392,0.957953277085704,0.96129786094708
5,6,3,0.9600198300981,0.958347138608614,0.961692521587586
5,7,3,0.960805832388266,0.959133303593573,0.962478361182959
5,1,4,0.986620366392463,0.985152535464944,0.988088197319982
5,2,4,0.988247128590077,0.986779500359813,0.989714756820342
5,3,4,0.988182431932466,0.986714821840403,0.98965004202453
5,4,4,0.988872039751,0.987404141806833,0.990339937695167
5,5,4,0.988266552664537,0.986798980356035,0.989734124973039
5,6,4,0.987572284177699,0.986104514581837,0.98904005377356
5,7,4,0.988363168540741,0.986895479274058,0.989830857807423
5,1,5,1.01254874701504,1.01078470702324,1.01431278700684
5,2,5,1.0149417370783,1.01317824546099,1.01670522869561
5,3,5,1.01429598440862,1.01253254185105,1.01605942696618
5,4,5,1.01455419212594,1.01278997077811,1.01631841347376
5,5,5,1.01498084769355,1.01321750732613,1.01674418806097
5,6,5,1.01394998087863,1.01218610683672,1.01571385492054
5,7,5,1.0144106599977,1.01264700327724,1.01617431671816
5,1,6,1.03884157015827,1.03731932789321,1.04036381242333
5,2,6,1.04054824374012,1.03902625999774,1.04207022748249
5,3,6,1.03921743016737,1.03769546955913,1.04073939077561
5,4,6,1.04040765509647,1.03888532735952,1.04192998283342
5,5,6,1.0399951478367,1.03847323541925,1.04151706025415
5,6,6,1.040120723894,1.03859855985117,1.04164288793683
5,7,6,1.03999258043413,1.03847051884417,1.04151464202409
5,1,7,1.06163119628471,1.06002621187556,1.06323618069387
5,2,7,1.06191635388628,1.06031174464524,1.06352096312732
5,3,7,1.06033844542385,1.05873386974709,1.06194302110061
5,4,7,1.06275696273893,1.06115185425693,1.06436207122093
5,5,7,1.06075714660276,1.05915264083963,1.0623616523659
5,6,7,1.06239355783209,1.06078868695631,1.06399842870787
5,7,7,1.06182305137417,1.06021832917795,1.06342777357039
5,1,8,1.07526440105411,1.07354404533283,1.07698475677539
5,2,8,1.07469978967502,1.07297993818847,1.07641964116156
5,3,8,1.07397865035407,1.07225884397768,1.07569845673047
5,4,8,1.07611098670311,1.07439046422046,1.07783150918575
5,5,8,1.07379881074842,1.07207909833492,1.07551852316191
5,6,8,1.07552959977794,1.07380939665037,1.07724980290551
5,7,8,1.0751750700747,1.07345506677593,1.07689507337346
5,1,9,1.07859542664931,1.0771342556371,1.08005659766152
5,2,9,1.0783491924232,1.07688821291431,1.07981017193208
5,3,9,1.07932518151199,1.07786421914164,1.08078614388234
5,4,9,1.07943464129596,1.07797340697717,1.08089587561474
5,5,9,1.07867369367354,1.07721276700541,1.08013462034168
5,6,9,1.07858806206877,1.07712694899684,1.08004917514071
5,7,9,1.07917374577838,1.07771270859946,1.08063478295729
5,1,10,1.07746798409447,1.07571971369597,1.07921625449298
5,2,10,1.07820238787613,1.07645465875248,1.07995011699978
5,3,10,1.08001156860182,1.07826388790004,1.0817592493036
5,4,10,1.07860264814809,1.07685419872925,1.08035109756692
5,5,10,1.07962031154807,1.07787273170633,1.08136789138981
5,6,10,1.07729272512834,1.0755446185371,1.07904083171958
5,7,10,1.07891730397108,1.07716941188768,1.08066519605449
5,1,11,1.07759893414607,1.07603570183686,1.07916216645529
5,2,11,1.07937776516072,1.07781485472645,1.08094067559498
5,3,11,1.07967903719955,1.07811615556367,1.08124191883542
5,4,11,1.07928828462486,1.07772494587641,1.08085162337331
5,5,11,1.08072411763254,1.0791612959841,1.08228693928098
5,6,11,1.0772426287932,1.07567949388553,1.07880576370088
5,7,11,1.07937349674401,1.07781048939576,1.08093650409225
5,1,12,1.07892283288003,1.07735960057082,1.08048606518924
5,2,12,1.08122914898225,1.07966623854798,1.08279205941651
5,3,12,1.07899235001569,1.07742946837981,1.08055523165156
5,4,12,1.08084454219544,1.07928120344699,1.08240788094389
5,5,12,1.0816544254449,1.08009160379646,1.08321724709334
5,6,12,1.07849322061901,1.07693008571133,1.08005635552668
5,7,12,1.08039332534369,1.07883031799544,1.08195633269193
5,1,13,1.07861793055534,1.07686966015684,1.08036620095385
5,2,13,1.08036598469454,1.07861825557089,1.08211371381819
5,3,13,1.0771922090366,1.07544452833482,1.07893988973838
5,4,13,1.07961581662594,1.0778673672071,1.08136426604477
5,5,13,1.07997667145207,1.07822909161033,1.08172425129381
5,6,13,1.07845582657123,1.07670771997999,1.08020393316247
5,7,13,1.07938909351897,1.07764120143556,1.08113698560237
5,1,14,1.07402651244212,1.07256534142992,1.07548768345433
5,2,14,1.07412469852973,1.07266371902084,1.07558567803861
5,3,14,1.07275257740362,1.07129161503327,1.07421353977397
5,4,14,1.07280042045122,1.07133918613243,1.07426165477001
5,5,14,1.07357739769552,1.07211647102738,1.07503832436365
5,6,14,1.07443841270053,1.07297729962859,1.07589952577247
5,7,14,1.07397549365097,1.07251445647206,1.07543653082989
5,1,15,1.06287045565629,1.06115009993501,1.06459081137757
5,2,15,1.06140169549423,1.05968184400768,1.06312154698078
5,3,15,1.06255789946597,1.06083809308957,1.06427770584236
5,4,15,1.05942625170673,1.05770572922409,1.06114677418937
5,5,15,1.06104370103046,1.05932398861697,1.06276341344396
5,6,15,1.06356634023092,1.06184613710336,1.06528654335849
5,7,15,1.06222313855277,1.060503135254,1.06394314185153
5,1,16,1.04323729376527,1.04163230935612,1.04484227817443
5,2,16,1.04147532623698,1.03987071699594,1.04307993547802
5,3,16,1.04366115903758,1.04205658336081,1.04526573471434
5,4,16,1.03896000493664,1.03735489645464,1.04056511341864
5,5,16,1.04126912694452,1.03966462118138,1.04287363270765
5,6,16,1.04333260482026,1.04172773394449,1.04493747569604
5,7,16,1.04252248427281,1.0409177620766,1.04412720646903
5,1,17,1.01690967229907,1.01538743003401,1.01843191456413
5,2,17,1.01578057184818,1.01425858810581,1.01730255559055
5,3,17,1.01740133936471,1.01587937875647,1.01892329997295
5,4,17,1.01329124772403,1.01176891998708,1.01481357546098
5,5,17,1.01568421830666,1.01416230588921,1.01720613072411
5,6,17,1.01577124827874,1.01424908423591,1.01729341232157
5,7,17,1.01631479085425,1.0147927292643,1.01783685244421
5,1,18,0.988053231774485,0.986289191782686,0.989817271766283
5,2,18,0.987143474060038,0.985379982442728,0.988906965677347
5,3,18,0.987881869916406,0.98611842735884,0.989645312473972
5,4,18,0.985871774771024,0.984107553423198,0.98763599611885
5,5,18,0.987355804176796,0.985592463809377,0.989119144544215
5,6,18,0.985844860589124,0.984080986547215,0.987608734631033
5,7,18,0.987009100373694,0.985245443653232,0.988772757094156
5,1,19,0.959928923141707,0.958461092214188,0.961396754069227
5,2,19,0.958100683281834,0.956633055051569,0.959568311512099
5,3,19,0.958540423710657,0.957072813618593,0.960008033802721
5,4,19,0.959266323272229,0.957798425328063,0.960734221216396
5,5,19,0.9588936252246,0.957426052916098,0.960361197533102
5,6,19,0.957410473776919,0.955942704181057,0.95887824337278
5,7,19,0.957570565425488,0.956102876158805,0.95903825469217
5,1,20,0.933081061912904,0.93140824619875,0.934753877627058
5,2,20,0.930289709087926,0.928617303906916,0.931962114268936
5,3,20,0.930767054622459,0.929094686174663,0.932439423070255
5,4,20,0.933413064277574,0.931740112817602,0.935086015737546
5,5,20,0.931514134845562,0.929841842914874,0.93318642677625
5,6,20,0.931004520403676,0.92933182891419,0.932677211893162
5,7,20,0.92959312594104,0.927920597146348,0.931265654735733
5,1,21,0.907814276657999,0.906170301104149,0.90945825221185
5,2,21,0.905351811649292,0.903708284334911,0.906995338963673
5,3,21,0.905770507616109,0.904127020406071,0.907413994826147
5,4,21,0.908075618071166,0.906431494291373,0.909719741850959
5,5,21,0.906379846612461,0.90473644294033,0.908023250284592
5,6,21,0.90679981567939,0.905155975765772,0.908443655593009
5,7,21,0.904598072680547,0.902954410404769,0.906241734956325
5,1,22,0.888845780345233,0.887516227221883,0.890175333468583
5,2,22,0.887880183819286,0.886550795794034,0.889209571844538
5,3,22,0.888073792511155,0.886744419260312,0.889403165761998
5,4,22,0.88831055583681,0.886980948131341,0.889640163542279
5,5,22,0.8881548570782,0.886825514604214,0.889484199552185
5,6,22,0.889094583346703,0.887765080176749,0.890424086516657
5,7,22,0.88720158992395,0.885872152182587,0.888531027665314
5,1,23,0.884709553463848,0.883246367959523,0.886172738968173
5,2,23,0.885021361292832,0.883558495333983,0.886484227251681
5,3,23,0.885066669610225,0.883603832242182,0.886529506978268
5,4,23,0.883752709763798,0.88228941859436,0.885216000933236
5,5,23,0.884532038448269,0.883069260635705,0.885994816260832
5,6,23,0.885755415223949,0.884292326414432,0.887218504033467
5,7,23,0.884696862094614,0.883233899921357,0.886159824267871
6,1,0,0.59917985026944,0.594786221922788,0.603573478616091
6,2,0,0.601691179529562,0.597297532736858,0.606084826322265
6,3,0,0.600119865198378,0.595726234670823,0.604513495725934
6,4,0,0.599784169184137,0.595390550372562,0.604177787995711
6,5,0,0.595769782964216,0.591376162894593,0.600163403033839
6,6,0,0.799813059057186,0.795421728547021,0.804204389567351
6,7,0,0.889691848229487,0.885318055070762,0.894065641388212
6,1,1,0.390508755905657,0.386520216245889,0.394497295565424
6,2,1,0.388841374009772,0.384852824850871,0.392829923168674
6,3,1,0.385548900129028,0.381560359346161,0.389537440911895
6,4,1,0.390190223662784,0.386201688913302,0.394178758412267
6,5,1,0.387932218447821,0.383943683050479,0.391920753845162
6,6,1,0.692530906555614,0.68854355064413,0.696518262467097
6,7,1,0.840751100011631,0.836772807760479,0.844729392262784
6,1,2,0.19084417401118,0.18590495425258,0.195783393769781
6,2,2,0.183978802212064,0.179039556563844,0.188918047860284
6,3,2,0.183524805812131,0.178585582992563,0.188464028631698
6,4,2,0.190459580022428,0.1855203736466,0.195398786398256
6,5,2,0.191108438364743,0.186169230223205,0.19604764650628
6,6,2,0.590787626658599,0.585851631778926,0.595723621538273
6,7,2,0.800244616344416,0.79533322067893,0.805156012009902
6,1,3,0.0735038382571251,0.0684793655323147,0.0785283109819356
6,2,3,0.0656040346136031,0.0605795382083895,0.0706285310188167
6,3,3,0.0686189843035972,0.0635945087790154,0.0736434598281789
6,4,3,0.0758079929956147,0.0707835325116185,0.0808324534796109
6,5,3,0.0765936864104541,0.0715692243114163,0.081618148509492
6,6,3,0.536500341604059,0.531478819014835,0.541521864193283
6,7,3,0.784457874868197,0.779458884724412,0.789456865011983
6,1,4,0.096685537093529,0.0922815528739457,0.101089521313112
6,2,4,0.0930954737828048,0.0886914778892807,0.0974994696763289
6,3,4,0.0977737805102648,0.0933697949104516,0.102177766110078
6,4,4,0.103729480984216,0.0993255027991093,0.108133459169323
6,5,4,0.101350873285002,0.0969468943037115,0.105754852266293
6,6,4,0.556747904907375,0.552345375289313,0.561150434525438
6,7,4,0.801725347282306,0.797333944555664,0.806116750008948
6,1,5,0.301106813181609,0.295804803302586,0.306408823060631
6,2,5,0.303724286436856,0.298422244837323,0.30902632803639
6,3,5,0.307550496452562,0.302248482823181,0.312852510081942
6,4,5,0.311229872629133,0.305927879146934,0.316531866111332
6,5,5,0.305773226410877,0.300471230765299,0.311075222056456
6,6,5,0.661454571931762,0.656156512578286,0.666752631285239
6,7,5,0.851189306763833,0.845921338112859,0.856457275414806
6,1,6,0.698732735972047,0.694164033142157,0.703301438801936
6,2,6,0.706156403963927,0.701587686251151,0.710725121676704
6,3,6,0.706470911536609,0.70190220694709,0.711039616126129
6,4,6,0.707343067498879,0.702774372362235,0.711911762635524
6,5,6,0.701847946466974,0.697279250315289,0.706416642618658
6,6,6,0.8488032424768,0.844236394186544,0.853370090767056
6,7,6,0.928557618288105,0.924004961673902,0.933110274902308
6,1,7,1.14608672635635,1.14126654505349,1.15090690765921
6,2,7,1.15588225815155,1.15106205514971,1.16070246115339
6,3,7,1.15250880540263,1.14768862153427,1.15732898927099
6,4,7,1.15096659685692,1.1461464267706,1.15578676694324
6,5,7,1.14777537153294,1.14295519996673,1.15259554309916
6,6,7,1.05662282641696,1.05180534756774,1.06144030526617
6,7,7,1.01318545954468,1.00838856755296,1.01798235153641
6,1,8,1.44766539936567,1.4424956155648,1.45283518316654
6,2,8,1.45715870925025,1.45198889627335,1.46232852222716
6,3,8,1.45326664949905,1.44809686224865,1.45843643674944
6,4,8,1.4507592010004,1.44558943228106,1.45592896971974
6,5,8,1.45026053217287,1.4450907614637,1.45543030288205
6,6,8,1.20258548786615,1.19741933757032,1.20775163816197
6,7,8,1.07898161032177,1.07384312804352,1.08412009260002
6,1,9,1.52860395601775,1.52422027301055,1.53298763902496
6,2,9,1.53520727141092,1.53082357740005,1.53959096542179
6,3,9,1.53424221713786,1.52985853282966,1.53862590144605
6,4,9,1.53264002735722,1.52825635003803,1.53702370467642
6,5,9,1.53402094067584,1.52963726260617,1.5384046187455
6,6,9,1.253839651914,1.24945734035451,1.25822196347349
6,7,9,1.11416006516076,1.1097882680157,1.11853186230582
6,1,10,1.50111150144042,1.49585694612788,1.50636605675296
6,2,10,1.50282754214648,1.49757295548927,1.50808212880368
6,3,10,1.50375244782665,1.49849788880819,1.50900700684511
6,4,10,1.50436308001738,1.49910854090736,1.5096176191274
6,5,10,1.50677665657601,1.50152211532825,1.51203119782377
6,6,10,1.25425460040836,1.24900394831542,1.25950525250131
6,7,10,1.12911674847408,1.12389579487555,1.13433770207262
6,1,11,1.48172148104147,1.4770280246872,1.48641493739574
6,2,11,1.4774220060621,1.47272853111609,1.4821154810081
6,3,11,1.47516010628649,1.47046664773409,1.47985356483889
6,4,11,1.47851096013045,1.47381751338655,1.48320440687435
6,5,11,1.48123901671677,1.47654556870489,1.48593246472865
6,6,11,1.25001286658497,1.24532172605013,1.25470400711982
6,7,11,1.13526763652197,1.13059416044991,1.13994111259402
6,1,12,1.49350921469002,1.48881575833575,1.49820267104429
6,2,12,1.48480272173774,1.48010924679174,1.48949619668375
6,3,12,1.47700629271115,1.47231283415875,1.48169975126355
6,4,12,1.48179188262455,1.47709843588065,1.48648532936845
6,5,12,1.48473921291269,1.48004576490081,1.48943266092457
6,6,12,1.25325578145125,1.24856464091641,1.2579469219861
6,7,12,1.13697591892418,1.13230244285212,1.14164939499623
6,1,13,1.51499606088908,1.50974150557654,1.52025061620162
6,2,13,1.50709987844959,1.50184529179239,1.5123544651068
6,3,13,1.49735563937665,1.49210108035819,1.50261019839511
6,4,13,1.49995081655229,1.49469627744227,1.50520535566231
6,5,13,1.50387538115539,1.49862083990763,1.50912992240315
6,6,13,1.25988349168405,1.2546328395911,1.265134143777
6,7,13,1.13523810376704,1.13001715016851,1.14045905736557
6,1,14,1.52664125319713,1.52225757018993,1.53102493620434
6,2,14,1.52537302081314,1.52098932680227,1.52975671482401
6,3,14,1.51957943543877,1.51519575113058,1.52396311974696
6,4,14,1.51651020945109,1.51212653213189,1.52089388677028
6,5,14,1.52213154841714,1.51774787034748,1.52651522648681
6,6,14,1.26441669641,1.2600343848505,1.26879900796949
6,7,14,1.13047737157896,1.1261055744339,1.13484916872402
6,1,15,1.51354331436074,1.50837353055987,1.51871309816161
6,2,15,1.51900062135184,1.51383080837494,1.52417043432875
6,3,15,1.51772942167503,1.51255963442464,1.52289920892542
6,4,15,1.51086075095416,1.50569098223483,1.5160305196735
6,5,15,1.51698728300326,1.51181751229408,1.52215705371243
6,6,15,1.25869304201597,1.25352689172014,1.2638591923118
6,7,15,1.12195807149902,1.11681958922076,1.12709655377727
6,1,16,1.46265056216014,1.45783038085728,1.467470743463
6,2,16,1.46897089410849,1.46415069110665,1.47379109711033
6,3,16,1.46717845058512,1.46235826671677,1.47199863445348
6,4,16,1.46363888154053,1.45881871145421,1.46845905162685
6,5,16,1.46721856330765,1.46239839174143,1.47203873487387
6,6,16,1.23485241523876,1.23003493638954,1.23966989408797
6,7,16,1.10883486820505,1.10403797621332,1.11363176019677
6,1,17,1.37562421771913,1.37105551488925,1.38019292054902
6,2,17,1.37744604161852,1.37287732390574,1.38201475933129
6,3,17,1.37229919793052,1.367730493341,1.37686790252003
6,4,17,1.37601093791971,1.37144224278306,1.38057963305635
6,5,17,1.37546142589189,1.37089272974021,1.38003012204358
6,6,17,1.19247568352693,1.18790883523668,1.19704253181719
6,7,17,1.09068363500889,1.08613097839469,1.09523629162309
6,1,18,1.26361758306118,1.25831557318215,1.2689195929402
6,2,18,1.26024760367842,1.25494556207888,1.26554964527795
6,3,18,1.25616872867243,1.25086671504305,1.26147074230181
6,4,18,1.26238728732223,1.25708529384004,1.26768928080443
6,5,18,1.25974266378725,1.25444066814167,1.26504465943283
6,6,18,1.13594512170449,1.13064706235102,1.14124318105797
6,7,18,1.06735232293609,1.06208435428512,1.07262029158706
6,1,19,1.13782781683695,1.13342383261737,1.14223180105654
6,2,19,1.13212952310773,1.1277255272142,1.13653351900125
6,3,19,1.1370224357078,1.13261845010799,1.14142642130761
6,4,19,1.1363394826222,1.13193550443709,1.1407434608073
6,5,19,1.13552750264651,1.13112352366522,1.1399314816278
6,6,19,1.07049457462705,1.06609204500899,1.07489710424512
6,7,19,1.03902229921907,1.03463089649243,1.04341370194571
6,1,20,1.00912315891412,1.00409868618931,1.01414763163893
6,2,20,1.00411987847812,0.999095382072902,1.00914437488333
6,3,20,1.01827164354363,1.01324716801905,1.02329611906821
6,4,20,1.00839122891644,1.00336676843245,1.01341568940044
6,5,20,1.01017480841687,1.00515034631783,1.01519927051591
6,6,20,1.00357728266062,0.998555760071394,1.00859880524984
6,7,20,1.00682097676223,1.00182198661844,1.01181996690601
6,1,21,0.887137403058381,0.882198183299781,0.892076622816982
6,2,21,0.885320602836664,0.880381357188444,0.890259848484884
6,3,21,0.899939874471204,0.895000651651636,0.904879097290772
6,4,21,0.887359087809355,0.882419881433527,0.892298294185182
6,5,21,0.88866373189965,0.883724523758112,0.893602940041187
6,6,21,0.942296105584356,0.937360110704683,0.947232100464029
6,7,21,0.971939404635983,0.967028008970497,0.97685080030147
6,1,22,0.760398795931433,0.756410256271665,0.7643873355912
6,2,22,0.762208692720313,0.758220143561412,0.766197241879215
6,3,22,0.768791044594084,0.764802503811217,0.772779585376951
6,4,22,0.761191012763743,0.757202478014261,0.765179547513225
6,5,22,0.759259405572954,0.755270870175613,0.763247940970296
6,6,22,0.880343659657497,0.876356303746013,0.884331015568981
6,7,22,0.933675947422781,0.929697655171629,0.937654239673933
6,1,23,0.599179850269439,0.594786221922788,0.603573478616091
6,2,23,0.601691179529562,0.597297532736858,0.606084826322265
6,3,23,0.600119865198378,0.595726234670822,0.604513495725934
6,4,23,0.599784169184137,0.595390550372562,0.604177787995711
6,5,23,0.595769782964216,0.591376162894593,0.600163403033839
6,6,23,0.799813059057186,0.795421728547021,0.804204389567351
6,7,23,0.889691848229487,0.885318055070762,0.894065641388212
7,1,0,0.186227731679162,0.181600058902322,0.190855404456002
7,2,0,0.200717028680343,0.19608931871624,0.205344738644447
7,3,0,0.204582975374949,0.199955284571889,0.209210666178008
7,4,0,0.206317299574388,0.2016896263517,0.210944972797077
7,5,0,0.231123938823461,0.226496438249998,0.235751439396924
7,6,0,0.313915825524348,0.3092892423912,0.318542408657495
7,7,0,0.291250248944593,0.286623417019643,0.295877080869543
7,1,1,0.0979018843730768,0.0937010265201863,0.102102742225967
7,2,1,0.111304800550381,0.107103923549437,0.115505677551326
7,3,1,0.109379542479856,0.105178675345077,0.113580409614636
7,4,1,0.103263121290412,0.0990622632079484,0.107463979372876
7,5,1,0.123135305610501,0.118934536429453,0.127336074791549
7,6,1,0.206584123051832,0.202383826361229,0.210784419742436
7,7,1,0.189816629985766,0.185616205152139,0.194017054819393
7,1,2,0.0276018738332066,0.0223994415842599,0.0328043060821533
7,2,2,0.0375106097675501,0.0323081253240403,0.0427130942110599
7,3,2,0.0337627735973943,0.0285603160475759,0.0389652311472128
7,4,2,0.0269685861353235,0.0217661532606018,0.0321710190100452
7,5,2,0.0472306596347393,0.0420284690822599,0.0524328501872187
7,6,2,0.12620073692312,0.120999834009195,0.131401639837045
7,7,2,0.133877836487233,0.12867658439717,0.139079088577295
7,1,3,0.0251464309207177,0.0198542566393821,0.0304386052020532
7,2,3,0.0207037945967671,0.0154115725769978,0.0259960166165364
7,3,3,0.0187798261409471,0.0134876287187834,0.0240720235631108
7,4,3,0.0119902830753683,0.00669810822168206,0.0172824579290546
7,5,3,0.0347033806549254,0.0294114274379797,0.0399953338718711
7,6,3,0.0904436589912177,0.0851528835742732,0.0957344344081621
7,7,3,0.112122645998003,0.106831551177325,0.11741374081868
7,1,4,0.147409334639761,0.142770893118855,0.152047776160668
7,2,4,0.122465500530399,0.117827035476696,0.127103965584101
7,3,4,0.122643264960957,0.118004812032698,0.127281717889216
7,4,4,0.112963977567996,0.108325535764946,0.117602419371046
7,5,4,0.1287456219421,0.12410728939708,0.133383954487121
7,6,4,0.117322213105975,0.112684461212908,0.121959964999041
7,7,4,0.121591360476487,0.11695345111102,0.126229269841954
7,1,5,0.459420741136611,0.453836105555875,0.465005376717348
7,2,5,0.427743846486055,0.422159146952047,0.433328546020064
7,3,5,0.423410669997385,0.417826003415883,0.428995336578886
7,4,5,0.407739073425245,0.402154437077758,0.413323709772733
7,5,5,0.386305769514125,0.380721430076437,0.391890108951814
7,6,5,0.225228777728732,0.219646015875476,0.230811539581988
7,7,5,0.168979521847451,0.163396332211526,0.174562711483376
7,1,6,0.985242928697964,0.980430942911741,0.990054914484188
7,2,6,0.975083956854566,0.970271941067321,0.97989597264181
7,3,6,0.955124519964583,0.950312519635577,0.95993652029359
7,4,6,0.931123783222776,0.92631179707686,0.935935769368692
7,5,6,0.831134162300972,0.826322315444383,0.835946009157561
7,6,6,0.428548162591222,0.423737056005236,0.433359269177208
7,7,6,0.266424782625472,0.261613475275761,0.271236089975183
7,1,7,1.51715172128447,1.51207474369524,1.52222869887371
7,2,7,1.53609000467883,1.53101298334134,1.54116702601631
7,3,7,1.49934609134802,1.49426909255221,1.50442309014382
7,4,7,1.46984481646043,1.46476783834668,1.47492179457417
7,5,7,1.29692685605444,1.29185008104671,1.30200363106218
7,6,7,0.719120613057785,0.714044917226954,0.724196308888615
7,7,7,0.453507657450153,0.448431668985624,0.458583645914683
7,1,8,1.7702511337707,1.76480580832881,1.77569645921259
7,2,8,1.79335675696583,1.78791137270007,1.79880214123159
7,3,8,1.75347782115419,1.74803246719797,1.75892317511041
7,4,8,1.72790031033149,1.72245498418435,1.73334563647864
7,5,8,1.55400343639358,1.54855838334164,1.55944848944553
7,6,8,1.08046635853366,1.07502275650824,1.08590996055909
7,7,8,0.778188133791791,0.772744138305304,0.783632129278278
7,1,9,1.66400564950237,1.65938860254019,1.66862269646455
7,2,9,1.65684631546144,1.65222924631951,1.66146338460338
7,3,9,1.63171783838396,1.62710078067028,1.63633489609764
7,4,9,1.62012992482545,1.61551287759734,1.62474697205355
7,5,9,1.53430257885822,1.52968563460862,1.53891952310782
7,6,9,1.46714572568897,1.46252932878387,1.47176212259407
7,7,9,1.2187834004702,1.21416685511483,1.22339994582557
7,1,10,1.43476387725894,1.42922922768883,1.44029852682906
7,2,10,1.38908456907253,1.38354985630436,1.39461928184071
7,3,10,1.3844341900442,1.37889950983944,1.38996887024897
7,4,10,1.38831189538969,1.38277724506188,1.3938465457175
7,5,10,1.42037537005438,1.41484101312702,1.42590972698175
7,6,10,1.78884338883906,1.78331059076071,1.79437618691741
7,7,10,1.6456494614733,1.64011624070743,1.65118268223918
7,1,11,1.32096005779085,1.31601660811098,1.32590350747072
7,2,11,1.25485749061338,1.2499140034517,1.25980097777506
7,3,11,1.26414264373343,1.25919917588457,1.26908611158229
7,4,11,1.27642478420653,1.27148133407728,1.28136823433578
7,5,11,1.39596762710861,1.39102435099499,1.40091090322224
7,6,11,1.96322475285964,1.95828240141766,1.96816710430162
7,7,11,1.93408414061483,1.92914153842496,1.9390267428047
7,1,12,1.361110517714,1.35616706803413,1.36605396739387
7,2,12,1.29604379958686,1.29110031242518,1.30098728674853
7,3,12,1.31075893255768,1.30581546470882,1.31570240040654
7,4,12,1.3225713497036,1.31762789957435,1.32751479983285
7,5,12,1.48310592235201,1.47816264623838,1.48804919846564
7,6,12,2.00199279905263,1.99705044761065,2.00693515049461
7,7,12,2.07238602160611,2.06744341941624,2.07732862379598
7,1,13,1.4983852670567,1.49285061748659,1.50391991662681
7,2,13,1.44821918485916,1.44268447209098,1.45375389762733
7,3,13,1.46280838193928,1.45727370173452,1.46834306214405
7,4,13,1.46668204399259,1.46114739366479,1.4722166943204
7,5,13,1.62670837843219,1.62117402150482,1.63224273535955
7,6,13,1.96161110866768,1.95607831058933,1.96714390674603
7,7,13,2.10269810110554,2.09716488033967,2.10823132187142
7,1,14,1.67357915746338,1.6689621105012,1.67819620442556
7,2,14,1.64553374083906,1.64091667169712,1.650150809981
7,3,14,1.65699822723958,1.65238116952591,1.66161528495326
7,4,14,1.64875667107735,1.64413962384925,1.65337371830545
7,5,14,1.7729994117357,1.7683824674861,1.7776163559853
7,6,14,1.88529191228504,1.88067551537994,1.88990830919014
7,7,14,2.06059214522556,2.05597559987019,2.06520869058093
7,1,15,1.82373755010525,1.81829222466336,1.82918287554714
7,2,15,1.82052088658851,1.81507550232275,1.82596627085427
7,3,15,1.82753248823089,1.82208713427468,1.83297784218711
7,4,15,1.8102083690527,1.80476304290556,1.81565369519985
7,5,15,1.87193869507967,1.86649364202772,1.87738374813161
7,6,15,1.78788025046582,1.7824366484404,1.79332385249124
7,7,15,1.96716414018152,1.96172014469503,1.97260813566801
7,1,16,1.88664967932826,1.88157270173903,1.8917266569175
7,2,16,1.90676876089181,1.90169173955433,1.9118457822293
7,3,16,1.90960325680249,1.90452625800669,1.91468025559829
7,4,16,1.89334603102298,1.88826905290924,1.89842300913673
7,5,16,1.87603663853112,1.87095986352338,1.88111341353886
7,6,16,1.67859480984511,1.67351911401428,1.68367050567595
7,7,16,1.83998568271181,1.83490969424728,1.84506167117634
7,1,17,1.81424078699063,1.8094288012044,1.81905277277685
7,2,17,1.8524930990636,1.84768108327635,1.85730511485084
7,3,17,1.85355315529583,1.84874115496682,1.85836515562484
7,4,17,1.84882287204065,1.84401088589474,1.85363485818657
7,5,17,1.76198832653845,1.75717647968186,1.76680017339504
7,6,17,1.54277163671438,1.53796053012839,1.54758274330036
7,7,17,1.67684690240926,1.67203559505954,1.68165820975897
7,1,18,1.56760290714305,1.56201827156232,1.57318754272379
7,2,18,1.61539533554916,1.60981063601516,1.62098003508317
7,3,18,1.61954571303325,1.61396104645175,1.62513037961475
7,4,18,1.63272072768707,1.62713609133958,1.63830536403455
7,5,18,1.52211747267819,1.5165331332405,1.52770181211588
7,6,18,1.35036008208424,1.34477732023098,1.3559428439375
7,7,18,1.46278908265746,1.45720589302153,1.46837227229338
7,1,19,1.15458027042493,1.14994182890402,1.15921871194584
7,2,19,1.2016801092827,1.197041644229,1.20631857433641
7,3,19,1.21409308873249,1.20945463580424,1.21873154166075
7,4,19,1.24621742332133,1.24157898151828,1.25085586512438
7,5,19,1.17451878540798,1.16988045286296,1.179157117953
7,6,19,1.09242663485319,1.08778888296012,1.09706438674625
7,7,19,1.19597789917266,1.19133998980719,1.20061580853813
7,1,20,0.717062853454717,0.711770679173382,0.722355027736053
7,2,20,0.756619385017635,0.751327162997866,0.761911607037404
7,3,20,0.776560944258427,0.771268746836264,0.781853141680591
7,4,20,0.819951579245302,0.814659404391615,0.825243754098988
7,5,20,0.810669359062342,0.805377405845396,0.815961312279288
7,6,20,0.821520052446654,0.81622927702971,0.826810827863599
7,7,20,0.912943265465736,0.907652170645059,0.918234360286414
7,1,21,0.413398372027957,0.40819593977901,0.418600804276904
7,2,21,0.442797867651943,0.437595383208433,0.448000352095453
7,3,21,0.462886151166273,0.457683693616455,0.468088608716091
7,4,21,0.50118399305594,0.495981560181218,0.506386425930662
7,5,21,0.530676865398044,0.525474674845564,0.535879055950523
7,6,21,0.59858334465283,0.593382441738905,0.603784247566755
7,7,21,0.655950173368193,0.65074892127813,0.661151425458256
7,1,22,0.267341541724134,0.263140683871243,0.271542399577024
7,2,22,0.287446127731139,0.283245250730195,0.291647004732084
7,3,22,0.300274528188971,0.296073661054192,0.30447539532375
7,4,22,0.320243784720997,0.316042926638533,0.324444642803461
7,5,22,0.354161499010775,0.349960729829727,0.358362268191823
7,6,22,0.43800720651252,0.433806909821916,0.442207503203123
7,7,22,0.447140516986269,0.442940092152642,0.451340941819896
7,1,23,0.186227731679162,0.181600058902322,0.190855404456002
7,2,23,0.200717028680344,0.19608931871624,0.205344738644447
7,3,23,0.204582975374949,0.199955284571889,0.209210666178008
7,4,23,0.206317299574388,0.2016896263517,0.210944972797077
7,5,23,0.231123938823461,0.226496438249998,0.235751439396924
7,6,23,0.313915825524348,0.309289242391201,0.318542408657495
7,7,23,0.291250248944593,0.286623417019643,0.295877080869543
8,1,0,0.369194898884907,0.360314557199362,0.378075240570452
8,2,0,0.361157802513277,0.352277201581519,0.370038403445035
8,3,0,0.353091561891862,0.344210974909734,0.36197214887399
8,4,0,0.350937904580392,0.342057165851239,0.359818643309546
8,5,0,0.354113861252043,0.345232921957909,0.362994800546177
8,6,0,0.367195742007058,0.358315532830058,0.376075951184058
8,7,0,0.355965587954001,0.347085845023428,0.364845330884574
8,1,1,0.20122623682596,0.193161803651497,0.209290670000423
8,2,1,0.19509522284662,0.187030656018098,0.203159789675143
8,3,1,0.190256804074203,0.182192244437255,0.198321363711151
8,4,1,0.190926981346536,0.182862343478975,0.198991619214098
8,5,1,0.188860447214585,0.180795705952023,0.196925188477146
8,6,1,0.203838877636316,0.195774512778586,0.211903242494045
8,7,1,0.200255044826694,0.192190920360592,0.208319169292796
8,1,2,0.134405656073502,0.124424600551559,0.144386711595446
8,2,2,0.130779574365908,0.120798155055034,0.140760993676782
8,3,2,0.128655607325511,0.11867420758961,0.138637007061411
8,4,2,0.133485899083725,0.12350428640671,0.14346751176074
8,5,2,0.126941749070622,0.116959854946665,0.136923643194578
8,6,2,0.137725834645466,0.127744965066003,0.14770670422493
8,7,2,0.143502824614759,0.133522609289762,0.153483039939755
8,1,3,0.23353360604361,0.2233792297846,0.24368798230262
8,2,3,0.232851102618805,0.222696393461315,0.243005811776296
8,3,3,0.230578047992582,0.220423356747753,0.240732739237411
8,4,3,0.235775278586852,0.225620392484792,0.245930164688912
8,5,3,0.22711572515027,0.216960581505869,0.23727086879467
8,6,3,0.23595511777964,0.225800911676291,0.246109323882989
8,7,3,0.245459155519837,0.235305548135165,0.255612762904508
8,1,4,0.489825378560769,0.480921423761692,0.498729333359847
8,2,4,0.492323461172405,0.483419342175712,0.501227580169098
8,3,4,0.487502886045936,0.478598775884338,0.496406996207535
8,4,4,0.489070049800682,0.480165843529785,0.497974256071579
8,5,4,0.4813054228481,0.472401089551424,0.490209756144777
8,6,4,0.491490091898726,0.482586221027814,0.500393962769639
8,7,4,0.496756799243224,0.487853223692924,0.505660374793524
8,1,5,0.809424089439405,0.798711460253917,0.820136718624893
8,2,5,0.815090225075301,0.804377150397011,0.825803299753591
8,3,5,0.809043557422929,0.798330506716196,0.819756608129662
8,4,5,0.808474359430571,0.797761047954378,0.819187670906764
8,5,5,0.804165708137069,0.793452051994238,0.8148793642799
8,6,5,0.811586108517701,0.800873707032566,0.822298510002837
8,7,5,0.808121461934038,0.797409861614721,0.818833062253356
8,1,6,1.10132823366017,1.09209234410786,1.11056412321249
8,2,6,1.109814085651,1.10057798673393,1.11905018456807
8,3,6,1.10682229421066,1.097586206559,1.11605838186233
8,4,6,1.10988917334156,1.10065296314353,1.11912538353958
8,5,6,1.1106917456117,1.10145537344715,1.11992811777625
8,6,6,1.10601470836894,1.09677892583202,1.11525049090587
8,7,6,1.0932669568738,1.08403155089755,1.10250236285004
8,1,7,1.31703146431291,1.30728955238583,1.32677337623999
8,2,7,1.32718512218622,1.31744290550211,1.33692733887033
8,3,7,1.32921967205117,1.31947747176574,1.33896187233659
8,4,7,1.33741692862607,1.32767454995112,1.34715930730102
8,5,7,1.34186768066218,1.33212506620476,1.35161029511959
8,6,7,1.32534277682713,1.31560102066767,1.3350845329866
8,7,7,1.30753497507896,1.29779376699014,1.31727618316778
8,1,8,1.42344388315604,1.41299772390472,1.43389004240736
8,2,8,1.43316133704971,1.42271476808447,1.44360790601495
8,3,8,1.43809902806933,1.42765248115045,1.4485455749882
8,4,8,1.44576595756611,1.43531917082029,1.45621274431193
8,5,8,1.44857727273247,1.43813016899952,1.45902437646541
8,6,8,1.43498054195283,1.42453459211396,1.44542649179171
8,7,8,1.42130685272217,1.4108616396997,1.43175206574464
8,1,9,1.42608619323408,1.41722304228202,1.43494934418613
8,2,9,1.4331566839207,1.4242933780733,1.44201998976811
8,3,9,1.4375732094788,1.42870991196585,1.44643650699176
8,4,9,1.43776384689667,1.42890045872124,1.44662723507209
8,5,9,1.43359543396349,1.42473192596363,1.44245894196334
8,6,9,1.4400176758638,1.43115460408689,1.44888074764072
8,7,9,1.43905630181774,1.43019350864623,1.44791909498925
8,1,10,1.39030253918528,1.37968575258224,1.40091932578832
8,2,10,1.39371910367935,1.38310187703292,1.40433633032579
8,3,10,1.39722191741794,1.38660471444999,1.40783912038589
8,4,10,1.39080777041446,1.38019030986419,1.40142523096473
8,5,10,1.3801143028203,1.36949650181269,1.3907321038279
8,6,10,1.40702491818665,1.39640835649628,1.41764147987702
8,7,10,1.41807769574415,1.40746192539832,1.42869346608999
8,1,11,1.3788006858206,1.36931389673606,1.38828747490513
8,2,11,1.37877008187865,1.36928303155669,1.38825713220061
8,3,11,1.38389178859828,1.37440475233314,1.39337882486342
8,4,11,1.3790213864718,1.36953419729323,1.38850857565036
8,5,11,1.36783242907006,1.35834503778382,1.3773198203563
8,6,11,1.39963692381293,1.39015026825393,1.40912357937192
8,7,11,1.413240169504,1.40375398376568,1.42272635524233
8,1,12,1.39248232836796,1.38299553928342,1.40196911745249
8,2,12,1.38960854442936,1.38012149410739,1.39909559475132
8,3,12,1.39800021874897,1.38851318248384,1.40748725501411
8,4,12,1.3995884287899,1.39010123961134,1.40907561796847
8,5,12,1.39376583299384,1.3842784417076,1.40325322428008
8,6,12,1.41616969685355,1.40668304129455,1.42565635241255
8,7,12,1.42406760148715,1.41458141574883,1.43355378722547
8,1,13,1.40286574523417,1.39224895863113,1.41348253183721
8,2,13,1.39776337809297,1.38714615144653,1.40838060473941
8,3,13,1.4083866244562,1.39776942148824,1.41900382742415
8,4,13,1.41312836537039,1.40251090482012,1.42374582592066
8,5,13,1.41562523153956,1.40500743053195,1.42624303254717
8,6,13,1.42389793148542,1.41328136979505,1.43451449317579
8,7,13,1.42379200543973,1.4131762350939,1.43440777578557
8,1,14,1.3959310729564,1.38706792200434,1.40479422390846
8,2,14,1.38966769458835,1.38080438874095,1.39853100043576
8,3,14,1.39997865953171,1.39111536201875,1.40884195704467
8,4,14,1.40053438396478,1.39167099578935,1.4093977721402
8,5,14,1.41096434543351,1.40210083743366,1.41982785343336
8,6,14,1.40733411750965,1.39847104573273,1.41619718928656
8,7,14,1.40184249588257,1.39297970271106,1.41070528905407
8,1,15,1.38836556901387,1.37791940976255,1.39881172826519
8,2,15,1.38339439721325,1.37294782824801,1.3938409661785
8,3,15,1.39185008412318,1.3814035372043,1.40229663104205
8,4,15,1.38568745677088,1.37524067002506,1.3961342435167
8,5,15,1.39945683576243,1.38900973202948,1.40990393949537
8,6,15,1.38754063270776,1.37709468286888,1.39798658254663
8,7,15,1.38195431863991,1.37150910561745,1.39239953166238
8,1,16,1.39734077334348,1.3875988614164,1.40708268527056
8,2,16,1.39729950570222,1.38755728901811,1.40704172238633
8,3,16,1.40357948353475,1.39383728324932,1.41332168382018
8,4,16,1.39373009161761,1.38398771294266,1.40347247029256
8,5,16,1.40256641294667,1.39282379848926,1.41230902740408
8,6,16,1.38647210996197,1.37673035380251,1.39621386612143
8,7,16,1.38796843449561,1.3782272264068,1.39770964258443
8,1,17,1.40070910843713,1.39147321888481,1.40994499798944
8,2,17,1.40671612962053,1.39748003070346,1.4159522285376
8,3,17,1.4106311681318,1.40139508048014,1.41986725578347
8,4,17,1.40154488482697,1.39230867462895,1.410781095025
8,5,17,1.40091119270341,1.39167482053886,1.41014756486796
8,6,17,1.38295413904136,1.37371835650443,1.39218992157828
8,7,17,1.39473762965982,1.38550222368358,1.40397303563607
8,1,18,1.35097409532635,1.34026146614086,1.36168672451184
8,2,18,1.35924119633451,1.34852812165622,1.3699542710128
8,3,18,1.36002959712886,1.34931654642213,1.37074264783559
8,4,18,1.35489954701842,1.34418623554222,1.36561285849461
8,5,18,1.3487742392534,1.33806058311057,1.35948789539623
8,6,18,1.32800640508715,1.31729400360201,1.33871880657228
8,7,18,1.34553169116302,1.3348200908437,1.35624329148234
8,1,19,1.21841446930846,1.20951051450938,1.22731842410753
8,2,19,1.22246092439266,1.21355680539597,1.23136504338936
8,3,19,1.21921238742128,1.21030827725968,1.22811649758288
8,4,19,1.21950177681627,1.21059757054537,1.22840598308716
8,5,19,1.21687672281687,1.20797238952019,1.22578105611355
8,6,19,1.19139217958222,1.18248830871131,1.20029605045314
8,7,19,1.20527929133643,1.19637571578613,1.21418286688673
8,1,20,1.02565562367314,1.01550124741413,1.03580999993215
8,2,20,1.02279155487101,1.01263684571352,1.0329462640285
8,3,20,1.01570018906904,1.00554549782421,1.02585488031387
8,4,20,1.01990945583947,1.00975456973741,1.03006434194153
8,5,20,1.02448748582821,1.01433234218381,1.03464262947261
8,6,20,0.99812476176911,0.987970555665761,1.00827896787246
8,7,20,1.00272622923438,0.992572621849708,1.01287983661905
8,1,21,0.804299770257704,0.794318714735761,0.814280825779648
8,2,21,0.796601939270371,0.786620519959497,0.806583358581245
8,3,21,0.787150176729232,0.777168776993331,0.797131576465131
8,4,21,0.790829940884049,0.780848328207034,0.800811553561064
8,5,21,0.799451570750995,0.789469676627038,0.809433464874951
8,6,21,0.782473889451171,0.772493019871708,0.792454759030634
8,7,21,0.777336665689611,0.767356450364615,0.787316881014608
8,1,22,0.579163679999199,0.571099246824736,0.587228113173663
8,2,22,0.570193130013528,0.562128563185005,0.57825769684205
8,3,22,0.560433474653921,0.552368915016973,0.56849803429087
8,4,22,0.560372227375452,0.55230758950789,0.568436865243013
8,5,22,0.567824490186198,0.559759748923636,0.57588923144876
8,6,22,0.56762907704639,0.559564712188661,0.57569344190412
8,7,22,0.55625422318439,0.548190098718288,0.564318347650492
8,1,23,0.369194898884907,0.360314557199362,0.378075240570452
8,2,23,0.361157802513277,0.352277201581519,0.370038403445035
8,3,23,0.353091561891862,0.344210974909734,0.36197214887399
8,4,23,0.350937904580392,0.342057165851239,0.359818643309546
8,5,23,0.354113861252043,0.345232921957909,0.362994800546177
8,6,23,0.367195742007058,0.358315532830058,0.376075951184058
8,7,23,0.355965587954001,0.347085845023428,0.364845330884574
9,1,0,0.991059726746995,0.990003771443452,0.992115682050538
9,2,0,0.990681278940849,0.989623664995058,0.99173889288664
9,3,0,0.99057951145444,0.989520770022677,0.991638252886204
9,4,0,0.990654051623723,0.989597056484823,0.991711046762622
9,5,0,0.990879496361752,0.989826211017582,0.991932781705923
9,6,0,0.990543519857285,0.989485344917588,0.991601694796982
9,7,0,0.990739047960556,0.989681152091758,0.991796943829353
9,1,1,0.990463561319148,0.989475113819426,0.99145200881887
9,2,1,0.990124546275676,0.989135107889463,0.991113984661889
9,3,1,0.990052061403364,0.989061951494618,0.99104217131211
9,4,1,0.990121385777089,0.989132316650858,0.99111045490332
9,5,1,0.990521768528604,0.989534923673925,0.991508613383284
9,6,1,0.990009645987171,0.989019873270623,0.990999418703719
9,7,1,0.990195150644913,0.989205544192499,0.991184757097328
9,1,2,0.990619548145826,0.989454931911844,0.991784164379808
9,2,2,0.990356488040489,0.989189581198553,0.991523394882426
9,3,2,0.990269842792608,0.989101378427494,0.991438307157722
9,4,2,0.990377852888917,0.989211800720232,0.991543905057602
9,5,2,0.99095893844796,0.989798007794534,0.992119869101385
9,6,2,0.990284558467511,0.989116876706882,0.99145224022814
9,7,2,0.990412629900658,0.98924533364075,0.991579926160566
9,1,3,0.991733575632492,0.990539212243681,0.992927939021304
9,2,3,0.991577713522761,0.990381161820826,0.992774265224695
9,3,3,0.991415725021013,0.990217686500082,0.992613763541945
9,4,3,0.99162900140642,0.990433265974117,0.992824736838722
9,5,3,0.992405055044224,0.991214216877848,0.9935958932106
9,6,3,0.991589444094816,0.990392152535878,0.992786735653753
9,7,3,0.991607510317515,0.990410586788354,0.992804433846677
9,1,4,0.99383305501593,0.992746701216028,0.994919408815832
9,2,4,0.993815301944652,0.99272775589062,0.994902847998684
9,3,4,0.993526347766121,0.992437993607286,0.994614701924955
9,4,4,0.993883586665008,0.992796484935029,0.994970688394987
9,5,4,0.994843213393923,0.993758787531905,0.995927639255941
9,6,4,0.993918641929124,0.992830693556726,0.995006590301523
9,7,4,0.993807222865881,0.992719474571355,0.994894971160406
9,1,5,0.996739059167897,0.995502920096244,0.997975198239551
9,2,5,0.996895713534739,0.995656917485612,0.998134509583865
9,3,5,0.99646929377883,0.995228689243534,0.997709898314126
9,4,5,0.996922850479804,0.995685046182116,0.998160654777492
9,5,5,0.997989501652083,0.996757630858477,0.999221372445689
9,6,5,0.997004231205321,0.995764535561939,0.998243926848704
9,7,5,0.996821164470928,0.995581916397157,0.998060412544699
9,1,6,1.00018032332472,0.999066154883468,1.00129449176597
9,2,6,1.00054334413735,0.999427695789618,1.00165899248507
9,3,6,1.00001038034354,0.998893727860128,1.00112703282695
9,4,6,1.000441305824,0.999326209220639,1.00155640242735
9,5,6,1.00148642396378,1.0003746445984,1.00259820332916
9,6,6,1.00050152730521,0.99938537915081,1.00161767545961
9,7,6,1.00036445496958,0.999248555401651,1.00148035453752
9,1,7,1.00343320513987,1.00227926947264,1.0045871408071
9,2,7,1.00397400126653,1.00281817957224,1.00512982296082
9,3,7,1.00339867105926,1.00224156714296,1.00455577497556
9,4,7,1.0037190736035,1.00256395558187,1.00487419162513
9,5,7,1.00464795721978,1.00349705700163,1.00579885743794
9,6,7,1.00371804521111,1.00256158555007,1.00487450487214
9,7,7,1.00369262959944,1.0025364873044,1.00484877189448
9,1,8,1.00562605339435,1.00441281539086,1.00683929139785
9,2,8,1.00623697787802,1.00502129631854,1.0074526594375
9,3,8,1.00571339659254,1.00449605210548,1.0069307410796
9,4,8,1.00590159317769,1.00468682364663,1.00711636270876
9,5,8,1.00668253101103,1.00547321955827,1.00789184246379
9,6,8,1.00584935426585,1.00463284548826,1.00706586304344
9,7,8,1.00591117389115,1.00469507666709,1.00712727111522
9,1,9,1.00644250719872,1.00535975150109,1.00752526289636
9,2,9,1.0069989761603,1.00591504211168,1.00808291020892
9,3,9,1.00662240973713,1.00553767728895,1.00770714218531
9,4,9,1.00669692090306,1.00561342594026,1.00778041586586
9,5,9,1.00731825358427,1.00623740433158,1.00839910283696
9,6,9,1.0066288069358,1.00554447537149,1.0077131385001
9,7,9,1.00670873967582,1.0056246057938,1.00779287355784
9,1,10,1.00642715041612,1.00519996789746,1.00765433293477
9,2,10,1.00688395776512,1.0056542009131,1.00811371461713
9,3,10,1.00670620715401,1.00547469795091,1.00793771635712
9,4,10,1.00668539367277,1.0054565977469,1.00791418959864
9,5,10,1.00708891284002,1.00586586547723,1.00831196020281
9,6,10,1.00662350769296,1.00539287918257,1.00785413620335
9,7,10,1.00667813519109,1.0054479403546,1.00790833002759
9,1,11,1.00616415559045,1.00503102340552,1.00729728777537
9,2,11,1.0065536076078,1.00541879154224,1.00768842367337
9,3,11,1.00658179836853,1.00544583826526,1.00771775847179
9,4,11,1.00647922840094,1.00534504043327,1.00761341636862
9,5,11,1.00656424829184,1.00543382898048,1.00769466760319
9,6,11,1.00643100437413,1.00529561901873,1.00756638972954
9,7,11,1.00644658636663,1.00531148419397,1.00758168853928
9,1,12,1.00596393657816,1.00483080439324,1.00709706876309
9,2,12,1.00631523935657,1.005180423291,1.00745005542213
9,3,12,1.00653268846386,1.00539672836059,1.00766864856712
9,4,12,1.00634791940881,1.00521373144113,1.00748210737649
9,5,12,1.00604911099361,1.00491869168226,1.00717953030497
9,6,12,1.00632103374921,1.00518564839381,1.00745641910462
9,7,12,1.00629697374014,1.00516187156748,1.00743207591279
9,1,13,1.00600546851933,1.00477828600068,1.00723265103798
9,2,13,1.00630635820443,1.00507660135241,1.00753611505644
9,3,13,1.00668255867664,1.00545104947354,1.00791406787975
9,4,13,1.00639688075058,1.0051680848247,1.00762567667645
9,5,13,1.00572130755748,1.00449826019469,1.00694435492026
9,6,13,1.00640632217503,1.00517569366464,1.00763695068543
9,7,13,1.00634726479924,1.00511706996274,1.00757745963573
9,1,14,1.0063222795585,1.00523952386086,1.00740503525614
9,2,14,1.00653049829801,1.00544656424939,1.00761443234663
9,3,14,1.00702667337716,1.00594194092898,1.00811140582534
9,4,14,1.00662572732446,1.00554223236166,1.00770922228726
9,5,14,1.00563990335129,1.0045590540986,1.00672075260397
9,6,14,1.00668717694642,1.00560284538212,1.00777150851073
9,7,14,1.00660005674765,1.00551592286564,1.00768419062967
9,1,15,1.00664458179227,1.00543134378878,1.00785781979577
9,2,15,1.00671243923398,1.0054967576745,1.00792812079346
9,3,15,1.0072930609785,1.00607571649144,1.00851040546556
9,4,15,1.00681432412864,1.00559955459757,1.0080290936597
9,5,15,1.00561659496563,1.00440728351287,1.00682590641839
9,6,15,1.00693018169668,1.00571367291909,1.00814669047427
9,7,15,1.0068181362501,1.00560203902604,1.00803423347416
9,1,16,1.00665639861044,1.00550246294321,1.00781033427767
9,2,16,1.00653750382442,1.00538168213012,1.00769332551871
9,3,16,1.0071690876058,1.0060119836895,1.0083261915221
9,4,16,1.00670294165577,1.00554782363414,1.0078580596774
9,5,16,1.00541842937585,1.00426752915769,1.006569329594
9,6,16,1.00686058906239,1.00570412940135,1.00801704872343
9,7,16,1.00672349317365,1.00556735087861,1.00787963546868
9,1,17,1.0059488019132,1.00483463347196,1.00706297035445
9,2,17,1.00564036901273,1.004524720665,1.00675601736045
9,3,17,1.00626059869176,1.00514394620835,1.00737725117517
9,4,17,1.00589323286869,1.00477813626533,1.00700832947205
9,5,17,1.00465549872522,1.00354371935984,1.0057672780906
9,6,17,1.00606530214929,1.00494915399489,1.00718145030369
9,7,17,1.00591488785359,1.00479898828566,1.00703078742152
9,1,18,1.00405324840766,1.00281710933601,1.00528938747932
9,2,18,1.00362335808698,1.00238456203785,1.00486215413611
9,3,18,1.00412120762049,1.0028806030852,1.00536181215579
9,4,18,1.00389778357776,1.00265997928007,1.00513558787544
9,5,18,1.00283697963806,1.00160510884446,1.00406885043167
9,6,18,1.00404234183576,1.00280264619237,1.00528203747914
9,7,18,1.00391194209425,1.00267269402048,1.00515119016802
9,1,19,1.00085229109898,0.999765937299082,1.00193864489889
9,2,19,1.00040806397218,0.999320517918149,1.00149561002621
9,3,19,1.00066414994187,0.999575795783033,1.0017525041007
9,4,19,1.00058974693843,0.999502645208451,1.00167684866841
9,5,19,0.999814641401839,0.998730215539821,1.00089906726386
9,6,19,1.0006622737463,0.999574325373901,1.0017502221187
9,7,19,1.00059588781883,0.999508139524306,1.00168363611336
9,1,20,0.997241288614411,0.996046925225599,0.998435652003222
9,2,20,0.996836027112754,0.995639475410819,0.998032578814689
9,3,20,0.996839637981063,0.995641599460131,0.998037676501995
9,4,20,0.996883737710587,0.995688002278284,0.998079473142889
9,5,20,0.996430577803423,0.995239739637047,0.997621415969799
9,6,20,0.996871569886645,0.995674278327708,0.998068861445582
9,7,20,0.996891942146534,0.995695018617372,0.998088865675696
9,1,21,0.994259078731775,0.993094462497793,0.995423694965757
9,2,21,0.993878695388986,0.99271178854705,0.995045602230922
9,3,21,0.993742751572688,0.992574287207574,0.994911215937801
9,4,21,0.993842156051605,0.99267610388292,0.99500820822029
9,5,21,0.993668733553254,0.992507802899828,0.994829664206679
9,6,21,0.993769118320686,0.992601436560057,0.994936800081315
9,7,21,0.993872526903753,0.992705230643845,0.995039823163661
9,1,22,0.992270978335748,0.991282530836026,0.99325942583547
9,2,22,0.991888261493837,0.990898823107624,0.99287769988005
9,3,22,0.991742428164343,0.990752318255598,0.992732538073089
9,4,22,0.991839253538039,0.990850184411808,0.99282832266427
9,5,22,0.991882425933331,0.990895581078651,0.99286927078801
9,6,22,0.99173828324802,0.990748510531472,0.992728055964568
9,7,22,0.991903394657547,0.990913788205133,0.992893001109961
9,1,23,0.991059726746995,0.990003771443452,0.992115682050538
9,2,23,0.990681278940849,0.989623664995058,0.99173889288664
9,3,23,0.99057951145444,0.989520770022677,0.991638252886204
9,4,23,0.990654051623723,0.989597056484823,0.991711046762622
9,5,23,0.990879496361752,0.989826211017582,0.991932781705923
9,6,23,0.990543519857285,0.989485344917588,0.991601694796982
9,7,23,0.990739047960556,0.989681152091758,0.991796943829353
11,1,0,0.999998969778747,0.999974268224952,1.00002367133254
11,2,0,0.999999995131274,0.999980727458725,1.00001926280382
11,3,0,1.00000000814147,0.999980744303162,1.00001927197978
11,4,0,0.999999993629222,0.999980731408115,1.00001925585033
11,5,0,0.999939205910381,0.999897025845232,0.99998138597553
11,6,0,1.00000000581138,0.999980737835231,1.00001927378753
11,7,0,1.00062820113742,1.00057553658978,1.00068086568507
11,1,1,1.00000124997217,0.999976573570319,1.00002592637402
11,2,1,1.00000000091247,0.999980733518922,1.00001926830601
11,3,1,1.00000000778388,0.999980744204252,1.00001927136351
11,4,1,0.99999999530048,0.999980733329478,1.00001925727148
11,5,1,1.00000058344897,0.999959468333193,1.00004169856475
11,6,1,1.00000000024463,0.999980732549088,1.00001926794016
11,7,1,1.0010374104623,1.0009893988795,1.00108542204509
11,1,2,1.00000347265104,0.999978655654958,1.00002828964712
11,2,2,1.00000000667216,0.999980738349477,1.00001927499483
11,3,2,1.00000000697972,0.999980742538999,1.00001927142045
11,4,2,0.999999997413154,0.999980734609746,1.00001926021656
11,5,2,1.00006202040786,1.00001723517962,1.00010680563609
11,6,2,0.999999994690662,0.999980726060603,1.00001926332072
11,7,2,1.00143329707964,1.00137423739121,1.00149235676807
11,1,3,1.00000542794215,0.999980466503894,1.0000303893804
11,2,3,1.00000001195581,0.999980742615129,1.00001928129649
11,3,3,1.00000000580538,0.999980740421178,1.00001927118959
11,4,3,0.999999999761959,0.999980736046489,1.00001926347743
11,5,3,1.00011710498554,1.00007091167915,1.00016329829194
11,6,3,0.999999989532703,0.999980719878742,1.00001925918666
11,7,3,1.00177882305783,1.00171867094066,1.001838975175
11,1,4,1.00000694975556,0.999981899842997,1.00003199966812
11,2,4,1.00000001636345,0.999980746295991,1.0000192864309
11,3,4,1.00000000431379,0.999980738255953,1.00001927037162
11,4,4,1.00000000213234,0.999980737765658,1.00001926649902
11,5,4,1.00016108105238,1.00011646105307,1.00020570105169
11,6,4,0.999999985105655,0.99998071472071,1.0000192554906
11,7,4,1.00202488240668,1.00197190298578,1.00207786182759
11,1,5,1.00000792261945,0.999982679080237,1.00003316615866
11,2,5,1.00000001955816,0.99998074775271,1.00001929136361
11,3,5,1.0000000025307,0.999980734861785,1.00001927019961
11,4,5,1.00000000429902,0.999980738374787,1.00001927022326
11,5,5,1.00019110660942,1.00014398271436,1.00023823050448
11,6,5,0.99999998168858,0.99998070955559,1.00001925382157
11,7,5,1.00210841719194,1.00204512748966,1.00217170689422
11,1,6,1.00000825227793,0.999982964854388,1.00003353970148
11,2,6,1.00000002124526,0.999980748725461,1.00001929376506
11,3,6,1.00000000048665,0.99998073215538,1.00001926881793
11,4,6,1.00000000605514,0.999980739490481,1.0000192726198
11,5,6,1.00020494965584,1.00015990132559,1.00024999798609
11,6,6,0.999999979537392,0.999980706685936,1.00001925238885
11,7,6,1.00197436797668,1.00191948598503,1.00202924996834
11,1,7,1.00000794741549,0.999982565079993,1.00003332975098
11,2,7,1.00000002134668,0.999980747596498,1.00001929509686
11,3,7,0.99999999824721,0.99998072877515,1.00001926771927
11,4,7,1.00000000730014,0.999980739632494,1.00001927496779
11,5,7,1.00020319491785,1.00015748807315,1.00024890176256
11,6,7,0.999999978795899,0.999980704706973,1.00001925288483
11,7,7,1.00161678141175,1.00155904280278,1.00167452002071
11,1,8,1.00000705304899,0.999981588102252,1.00003251799573
11,2,8,1.00000001986148,0.999980744941847,1.00001929478112
11,3,8,0.999999995891494,0.999980725335066,1.00001926644792
11,4,8,1.00000000797114,0.999980739255029,1.00001927668725
11,5,8,1.0001874131875,1.00014068981627,1.00023413655873
11,6,8,0.99999997956721,0.999980704302091,1.00001925483233
11,7,8,1.00104748532291,1.00098572421039,1.00110924643542
11,1,9,1.00000564698057,0.99998020582013,1.00003108814102
11,2,9,1.00000001689996,0.99998074170597,1.00001929209395
11,3,9,0.999999993581405,0.999980722770334,1.00001926439248
11,4,9,1.00000000804779,0.999980739085361,1.00001927701021
11,5,9,1.0001595870979,1.00011504366195,1.00020413053386
11,6,9,0.999999981850967,0.999980706309933,1.000019257392
11,7,9,1.00032090902791,1.00026815784038,1.00037366021543
11,1,10,1.00000385777379,0.999978329658953,1.00002938588863
11,2,10,1.00000001274463,0.999980736499066,1.00001928899019
11,3,10,0.999999991607127,0.999980719821043,1.00001926339321
11,4,10,1.00000000757558,0.999980737670441,1.00001927748071
11,5,10,1.00012233611204,1.00007536792305,1.00016930430102
11,6,10,0.999999985486498,0.999980708887833,1.00001926208516
11,7,10,0.999557487590042,0.999494759755514,0.99962021542457
11,1,11,1.00000182007148,0.999976326874963,1.00002731326799
11,2,11,1.00000000770131,0.999980731546952,1.00001928385566
11,3,11,0.999999990255921,0.999980718554241,1.0000192619576
11,4,11,1.00000000661109,0.999980736787497,1.00001927643469
11,5,11,1.000078349959,1.00003298358049,1.00012371633751
11,6,11,0.999999990277357,0.999980713770439,1.00001926678428
11,7,11,0.998878151859813,0.998821861364131,0.998934442355495
11,1,12,0.999999682118139,0.999974188921627,1.00002517531465
11,2,12,1.00000000214325,0.999980725988893,1.00001927829761
11,3,12,0.999999989704227,0.999980718002545,1.00001926140591
11,4,12,1.00000000525386,0.999980735430266,1.00001927507746
11,5,12,1.00003044134573,0.999985074967219,1.00007580772424
11,6,12,0.999999995852506,0.999980719345587,1.00001927235942
11,7,12,0.998362677841437,0.998306387345755,0.998418968337119
11,1,13,0.999997598563765,0.999972070448925,1.00002312667861
11,2,13,0.99999999647578,0.999980720230218,1.00001927272134
11,3,13,0.999999990074997,0.999980718288913,1.00001926186108
11,4,13,1.00000000362382,0.999980733718688,1.00001927352896
11,5,13,0.999981479344944,0.999934511155957,1.00002844753393
11,6,13,1.00000000175765,0.999980725158981,1.00001927835631
11,7,13,0.998070942016828,0.9980082141823,0.998133669851357
11,1,14,0.999995710978167,0.999970269817724,1.00002115213861
11,2,14,0.99999999109224,0.999980715898248,1.00001926628623
11,3,14,0.999999991388252,0.999980720577181,1.00001926219932
11,4,14,1.00000000182936,0.999980732866939,1.00001927079179
11,5,14,0.99993396334922,0.999889419913262,0.999978506785178
11,6,14,1.000000007538,0.999980731996965,1.00001928307903
11,7,14,0.998018222519489,0.997965471331964,0.998070973707014
11,1,15,0.999994133418305,0.999968668471566,1.00001959836505
11,2,15,0.999999986360419,0.999980711440782,1.00001926128006
11,3,15,0.999999993448827,0.999980722892398,1.00001926400526
11,4,15,0.999999999954366,0.999980731238255,1.00001926867048
11,5,15,0.999889616775386,0.999842893404157,0.999936340146615
11,6,15,1.00000001273886,0.999980737473742,1.00001928800398
11,7,15,0.998126528304856,0.998064767192341,0.998188289417371
11,1,16,0.999992973220328,0.999967590884834,1.00001835555582
11,2,16,0.999999982636098,0.999980708885919,1.00001925638628
11,3,16,0.999999996029822,0.999980726557761,1.00001926550188
11,4,16,0.999999998080021,0.999980730412374,1.00001926574767
11,5,16,0.999850190927826,0.999804484083123,0.999895897772529
11,6,16,1.00000001691738,0.999980742828452,1.00001929100631
11,7,16,0.998310735620123,0.998252997011158,0.998368474229088
11,1,17,0.999992299864086,0.999967012440542,1.00001758728763
11,2,17,0.999999980172875,0.999980707653074,1.00001925269268
11,3,17,0.999999998850365,0.999980730519091,1.00001926718164
11,4,17,0.999999996292081,0.999980729727421,1.00001926285674
11,5,17,0.999818897172476,0.999773848842224,0.999863945502729
11,6,17,1.00000001976834,0.999980746916883,1.00001929261979
11,7,17,0.998539329847327,0.998484447855675,0.99859421183898
11,1,18,0.999992158387942,0.999966914848732,1.00001740192715
11,2,18,0.999999979158352,0.999980707352903,1.0000192509638
11,3,18,1.00000000159481,0.999980733925892,1.00001926926372
11,4,18,0.999999994679258,0.999980728755021,1.00001926060349
11,5,18,0.999799887996481,0.999752764101423,0.99984701189154
11,6,18,1.00000002107542,0.999980748942431,1.00001929320841
11,7,18,0.998815378017967,0.998752088315688,0.998878667720246
11,1,19,0.999992575422154,0.999967525509592,1.00001762533472
11,2,19,0.99999997971226,0.999980709644806,1.00001924977972
11,3,19,1.0000000039941,0.999980737936271,1.00001927005194
11,4,19,0.999999993348709,0.999980728982028,1.00001925771539
11,5,19,0.999796481017678,0.999751861018366,0.99984110101699
11,6,19,1.00000002070842,0.999980750323476,1.00001929109337
11,7,19,0.999137654011544,0.999084674590638,0.999190633432451
11,1,20,0.999993525816864,0.999968564378612,1.00001848725512
11,2,20,0.999999981762251,0.999980712421572,1.00001925110293
11,3,20,1.00000000591493,0.999980740530721,1.00001927129913
11,4,20,0.999999992460504,0.999980728745033,1.00001925617597
11,5,20,0.999809547187351,0.999763353880957,0.999855740493745
11,6,20,1.0000000187806,0.999980749126643,1.00001928843456
11,7,20,0.999490924290217,0.999430772173049,0.999551076407386
11,1,21,0.999994972463076,0.999970155466993,1.00001978945916
11,2,21,0.999999985194555,0.999980716871876,1.00001925351723
11,3,21,1.00000000725258,0.999980742811857,1.00001927169331
11,4,21,0.999999992178868,0.99998072937546,1.00001925498228
11,5,21,0.999839389578475,0.999794604350239,0.999884174806711
11,6,21,1.00000001545502,0.999980746824962,1.00001928408508
11,7,21,0.999858159600792,0.999799099912362,0.999917219289222
11,1,22,0.999996829681068,0.99997215327922,1.00002150608292
11,2,22,0.999999989768012,0.999980722374466,1.00001925716156
11,3,22,1.00000000798086,0.999980744401233,1.00001927156049
11,4,22,0.999999992572861,0.999980730601858,1.00001925454386
11,5,22,0.999883966049371,0.999842850933594,0.999925081165148
11,6,22,1.00000001100749,0.999980743311957,1.00001927870303
11,7,22,1.00023503226709,1.00018702068429,1.00028304384988
11,1,23,0.999998969778747,0.999974268224952,1.00002367133254
11,2,23,0.999999995131274,0.999980727458725,1.00001926280382
11,3,23,1.00000000814147,0.999980744303162,1.00001927197978
11,4,23,0.999999993629222,0.999980731408115,1.00001925585033
11,5,23,0.999939205910381,0.999897025845232,0.99998138597553
11,6,23,1.00000000581138,0.999980737835231,1.00001927378753
11,7,23,1.00062820113742,1.00057553658978,1.00068086568507
