Pollutant,sector,wday,hour,coeff,coeff_l,coeff_u
SOx,1,1,0,0.96172912373415,0.960301229077705,0.963157018390595
SOx,1,2,0,0.961997888091277,0.960606055349004,0.96338972083355
SOx,1,3,0,0.961869556858697,0.960539710294963,0.963199403422431
SOx,1,4,0,0.961953303966214,0.960667075460769,0.963239532471659
SOx,1,5,0,0.961454519809055,0.960110198312727,0.962798841305384
SOx,1,6,0,0.960159037768856,0.958699856872537,0.961618218665174
SOx,1,7,0,0.959655716943919,0.958150463032467,0.961160970855371
SOx,1,1,1,0.948892932374571,0.947536810796703,0.950249053952438
SOx,1,2,1,0.949251841276462,0.947932683354928,0.950570999197996
SOx,1,3,1,0.949080467280832,0.947827415718745,0.950333518842919
SOx,1,4,1,0.949192303473387,0.947985282161845,0.950399324784929
SOx,1,5,1,0.948526225292336,0.94725953468542,0.949792915899253
SOx,1,6,1,0.946796233855085,0.945413244376632,0.948179223333537
SOx,1,7,1,0.946124097391351,0.944694505018919,0.947553689763784
SOx,1,1,2,0.943219025737007,0.941689492359217,0.944748559114796
SOx,1,2,2,0.943617780705114,0.942123263885711,0.945112297524518
SOx,1,3,2,0.943427380768524,0.94198971629469,0.944865045242359
SOx,1,4,2,0.943551633015154,0.942154685718736,0.944948580311572
SOx,1,5,2,0.942811606834576,0.941358293866456,0.944264919802695
SOx,1,6,2,0.940889551748306,0.93932271808657,0.942456385410043
SOx,1,7,2,0.940142794694504,0.938530395566023,0.941755193822984
SOx,1,1,3,0.94058462257427,0.939038500185371,0.942130744963169
SOx,1,2,3,0.941001878129287,0.939490624178672,0.942513132079901
SOx,1,3,3,0.94080264442044,0.939347471761316,0.942257817079564
SOx,1,4,3,0.940932661459163,0.939517780601723,0.942347542316604
SOx,1,5,3,0.940158301114088,0.938687289389971,0.941629312838206
SOx,1,6,3,0.938147070594253,0.936562689923181,0.939731451265325
SOx,1,7,3,0.937365667091179,0.935735780206338,0.938995553976021
SOx,1,1,4,0.941291727579733,0.939861389195462,0.942722065964005
SOx,1,2,4,0.94170401735814,0.940309712740336,0.943098321975944
SOx,1,3,4,0.941507154738376,0.940174703816059,0.942839605660693
SOx,1,4,4,0.941635624438635,0.940346715240087,0.942924533637183
SOx,1,5,4,0.940870479789896,0.939523525587416,0.942217433992375
SOx,1,6,4,0.938883185012445,0.937421412631213,0.940344957393676
SOx,1,7,4,0.938111081026639,0.936603250993164,0.939618911060113
SOx,1,1,5,0.950757863041114,0.94915833682256,0.952357389259668
SOx,1,2,5,0.951103675120027,0.949538578639646,0.952668771600408
SOx,1,3,5,0.950938554674733,0.949427169034923,0.952449940314543
SOx,1,4,5,0.951046309890726,0.949573925697332,0.952518694084119
SOx,1,5,5,0.950404537342611,0.948876700778418,0.951932373906804
SOx,1,6,5,0.948737674435993,0.947096845896971,0.950378502975016
SOx,1,7,5,0.948090064675934,0.946403880694447,0.949776248657422
SOx,1,1,6,0.97264511078856,0.97118464648403,0.974105575093091
SOx,1,2,6,0.972837215593324,0.971412450851743,0.974261980334905
SOx,1,3,6,0.972745488227972,0.971380982605687,0.974109993850256
SOx,1,4,6,0.972805348180799,0.971483471588365,0.974127224773232
SOx,1,5,6,0.972448832033514,0.971069474226439,0.97382818984059
SOx,1,6,6,0.971522859828465,0.970029153415675,0.973016566241254
SOx,1,7,6,0.971163101005377,0.969623512915311,0.972702689095443
SOx,1,1,7,0.999198103720159,0.997690934350605,1.00070527308971
SOx,1,2,7,0.99920373518615,0.997731791508522,1.00067567886378
SOx,1,3,7,0.999201046239671,0.997787022270489,1.00061507020885
SOx,1,4,7,0.999202801007278,0.997830087562001,1.00057551445256
SOx,1,5,7,0.999192349896692,0.997762934752167,1.00062176504122
SOx,1,6,7,0.999165205437772,0.99762203718945,1.00070837368609
SOx,1,7,7,0.999154659269603,0.997565835767461,1.00074348277174
SOx,1,1,8,1.01880226444901,1.01722841918237,1.02037610971566
SOx,1,2,8,1.0186702220447,1.01713101042713,1.02020943366227
SOx,1,3,8,1.01873327045141,1.01724888898435,1.02021765191848
SOx,1,4,8,1.01869212597248,1.01724735195246,1.02013689999249
SOx,1,5,8,1.01893717579994,1.01743663733983,1.02043771426006
SOx,1,6,8,1.01957363877873,1.01795994762207,1.02118732993538
SOx,1,7,8,1.01982091744534,1.0181618057364,1.02148002915428
SOx,1,1,9,1.02643885598675,1.02501217613869,1.0278655358348
SOx,1,2,9,1.02625318419593,1.02486258031402,1.02764378807783
SOx,1,3,9,1.02634183988683,1.02501328822247,1.02767039155119
SOx,1,4,9,1.02628398446435,1.02499908893765,1.02756887999106
SOx,1,5,9,1.02662856195477,1.02528554945235,1.02797157445718
SOx,1,6,9,1.0275235261269,1.02606563355318,1.02898141870063
SOx,1,7,9,1.02787123770563,1.02636726441742,1.02937521099384
SOx,1,1,10,1.02731887094206,1.0257286333065,1.02890910857762
SOx,1,2,10,1.0271270190823,1.02557128347266,1.02868275469195
SOx,1,3,10,1.02721862566994,1.02571700148032,1.02872024985956
SOx,1,4,10,1.02715884453491,1.0256964379841,1.02862125108572
SOx,1,5,10,1.02751489125625,1.02599692239235,1.02903286012015
SOx,1,6,10,1.02843964423076,1.0268086295173,1.03007065894422
SOx,1,7,10,1.02879892935826,1.02712253718867,1.03047532152786
SOx,1,1,11,1.02703445781859,1.02555097682238,1.02851793881479
SOx,1,2,11,1.02684460330296,1.02539658186695,1.02829262473898
SOx,1,3,11,1.02693525618663,1.02554632166559,1.02832419070767
SOx,1,4,11,1.02687609742502,1.02552912819947,1.02822306665058
SOx,1,5,11,1.02722843739141,1.02582438478524,1.02863248999759
SOx,1,6,11,1.02814356288599,1.0266254744313,1.02966165134067
SOx,1,7,11,1.02849910754392,1.02693525578355,1.0300629593043
SOx,1,1,12,1.02721628412668,1.02573280313047,1.02869976512289
SOx,1,2,12,1.02702515270194,1.02557713126593,1.02847317413796
SOx,1,3,12,1.02711641529191,1.02572748077087,1.02850534981295
SOx,1,4,12,1.02705685864478,1.02570988941923,1.02840382787034
SOx,1,5,12,1.02741156835262,1.02600751574645,1.0288156209588
SOx,1,6,12,1.02833284872891,1.02681476027423,1.0298509371836
SOx,1,7,12,1.02869078468217,1.0271269329218,1.03025463644254
SOx,1,1,13,1.02760795807182,1.02601772043625,1.02919819570738
SOx,1,2,13,1.02741407604384,1.0258583404342,1.02896981165349
SOx,1,3,13,1.02750665200849,1.02600502781887,1.02900827619811
SOx,1,4,13,1.02744623827203,1.02598383172122,1.02890864482284
SOx,1,5,13,1.02780605266463,1.02628808380073,1.02932402152852
SOx,1,6,13,1.02874059133576,1.0271095766223,1.03037160604922
SOx,1,7,13,1.02910367840319,1.0274272862336,1.03078007057279
SOx,1,1,14,1.02827611437281,1.02684943452476,1.02970279422086
SOx,1,2,14,1.02807754009276,1.02668693621085,1.02946814397467
SOx,1,3,14,1.02817235654234,1.02684380487798,1.02950090820671
SOx,1,4,14,1.0281104806978,1.02682558517109,1.0293953762245
SOx,1,5,14,1.02847900316844,1.02713599066603,1.02982201567085
SOx,1,6,14,1.02943615915521,1.02797826658148,1.03089405172893
SOx,1,7,14,1.0298080335046,1.02830406021639,1.03131200679281
SOx,1,1,15,1.02998917071259,1.02841532544594,1.03156301597924
SOx,1,2,15,1.02977856617531,1.02823935455774,1.03131777779288
SOx,1,3,15,1.02987912690496,1.02839474543789,1.03136350837202
SOx,1,4,15,1.02981350242626,1.02836872840625,1.03125827644628
SOx,1,5,15,1.03020435115243,1.02870381269232,1.03170488961254
SOx,1,6,15,1.03121949467276,1.02960580351611,1.03283318582942
SOx,1,7,15,1.03161389834508,1.02995478663614,1.03327301005402
SOx,1,1,16,1.03343942375126,1.03193225438171,1.03494659312081
SOx,1,2,16,1.03320458916935,1.03173264549172,1.03467653284698
SOx,1,3,16,1.03331671940742,1.03190269543824,1.0347307433766
SOx,1,4,16,1.03324354483475,1.03187083138948,1.03461625828003
SOx,1,5,16,1.03367936069316,1.03224994554863,1.03510877583768
SOx,1,6,16,1.0348112964399,1.03326812819158,1.03635446468822
SOx,1,7,16,1.03525107624089,1.03366225273875,1.03683989974303
SOx,1,1,17,1.03740699752962,1.03594653322509,1.03886746183415
SOx,1,2,17,1.03714429992183,1.03571953518024,1.03856906466341
SOx,1,3,17,1.0372697343662,1.03590522874391,1.03863423998848
SOx,1,4,17,1.0371878776608,1.03586600106836,1.03850975425323
SOx,1,5,17,1.0376754028903,1.03629604508322,1.03905476069737
SOx,1,6,17,1.03894164234457,1.03744793593178,1.04043534875736
SOx,1,7,17,1.0394336018368,1.03789401374673,1.04097318992687
SOx,1,1,18,1.03943831609848,1.03783878987992,1.04103784231703
SOx,1,2,18,1.03916135317767,1.03759625669729,1.04072644965805
SOx,1,3,18,1.03929359911008,1.03778221347027,1.04080498474989
SOx,1,4,18,1.03920729732604,1.03773491313264,1.04067968151943
SOx,1,5,18,1.03972129672125,1.03819346015706,1.04124913328544
SOx,1,6,18,1.04105629699264,1.03941546845362,1.04269712553166
SOx,1,7,18,1.04157497144511,1.03988878746362,1.0432611554266
SOx,1,1,19,1.03701916787838,1.03558882949411,1.03844950626265
SOx,1,2,19,1.03675919387655,1.03536488925875,1.03815349849436
SOx,1,3,19,1.03688332783706,1.03555087691474,1.03821577875938
SOx,1,4,19,1.03680231980863,1.03551341061008,1.03809122900718
SOx,1,5,19,1.03728479045604,1.03593783625356,1.03863174465852
SOx,1,6,19,1.03853790174611,1.03707612936488,1.03999967412734
SOx,1,7,19,1.03902476068254,1.03751693064907,1.04053259071601
SOx,1,1,20,1.02752006636268,1.02597394397378,1.02906618875158
SOx,1,2,20,1.0273268015706,1.02581554761999,1.02883805552122
SOx,1,3,20,1.02741908281372,1.0259639101546,1.02887425547284
SOx,1,4,20,1.02735886140827,1.02594398055083,1.02877374226571
SOx,1,5,20,1.02771753030862,1.0262465185845,1.02918854203274
SOx,1,6,20,1.02864909381582,1.02706471314475,1.03023347448689
SOx,1,7,20,1.02901102497224,1.0273811380874,1.03064091185708
SOx,1,1,21,1.00861646639659,1.0070869330188,1.01014599977437
SOx,1,2,21,1.00855595565636,1.00706143883696,1.01005047247577
SOx,1,3,21,1.00858484869099,1.00714718421716,1.01002251316483
SOx,1,4,21,1.00856599351421,1.00716904621779,1.00996294081062
SOx,1,5,21,1.00867829188175,1.00722497891363,1.01013160484987
SOx,1,6,21,1.00896996216882,1.00740312850708,1.01053679583056
SOx,1,7,21,1.00908328194087,1.00747088281239,1.01069568106936
SOx,1,1,22,0.983827952218988,0.98247183064112,0.985184073796855
SOx,1,2,22,0.983941523436827,0.982622365515293,0.985260681358361
SOx,1,3,22,0.983887294764071,0.982634243201984,0.985140346326158
SOx,1,4,22,0.983922683612105,0.982715662300563,0.985129704923647
SOx,1,5,22,0.98371191338657,0.982445222779653,0.984978603993487
SOx,1,6,22,0.983164484127098,0.981781494648646,0.984547473605551
SOx,1,7,22,0.982951796850917,0.981522204478485,0.984381389223349
SOx,1,1,23,0.96172912373415,0.960301229077705,0.963157018390595
SOx,1,2,23,0.961997888091277,0.960606055349004,0.96338972083355
SOx,1,3,23,0.961869556858697,0.960539710294963,0.963199403422431
SOx,1,4,23,0.961953303966214,0.960667075460769,0.963239532471659
SOx,1,5,23,0.961454519809055,0.960110198312727,0.962798841305384
SOx,1,6,23,0.960159037768856,0.958699856872537,0.961618218665174
SOx,1,7,23,0.959655716943919,0.958150463032467,0.961160970855371
SOx,2,1,0,0.777529931547742,0.774655992769287,0.780403870326197
SOx,2,2,0,0.774891409147459,0.772051284284963,0.777731534009954
SOx,2,3,0,0.774508440823753,0.771796039528688,0.777220842118818
SOx,2,4,0,0.774687408251105,0.772051717028078,0.777323099474131
SOx,2,5,0,0.774954615421858,0.772247581088474,0.777661649755241
SOx,2,6,0,0.778660420067163,0.775867847639603,0.781452992494722
SOx,2,7,0,0.787289590323299,0.784541729906822,0.790037450739777
SOx,2,1,1,0.625344210853728,0.62261649913859,0.628071922568866
SOx,2,2,1,0.620900747070328,0.618212317871898,0.623589176268757
SOx,2,3,1,0.620255800536467,0.617703231805088,0.622808369267846
SOx,2,4,1,0.620557194711389,0.618086022961836,0.623028366460941
SOx,2,5,1,0.621007191037279,0.618459673010822,0.623554709063736
SOx,2,6,1,0.627248035810096,0.624604619194116,0.629891452426076
SOx,2,7,1,0.641780186649454,0.639172138382811,0.644388234916097
SOx,2,1,2,0.53148438322953,0.52840416504255,0.53456460141651
SOx,2,2,2,0.52592773033536,0.522874234689965,0.528981225980756
SOx,2,3,2,0.525121209972271,0.522185408615449,0.528057011329094
SOx,2,4,2,0.525498110268076,0.522633380803997,0.528362839732156
SOx,2,5,2,0.526060840945879,0.523130848586942,0.528990833304816
SOx,2,6,2,0.533865159796972,0.530862789070386,0.536867530523557
SOx,2,7,2,0.552037946153797,0.549092855710825,0.55498303659677
SOx,2,1,3,0.48201805074992,0.478904769116601,0.485131332383238
SOx,2,2,3,0.475874721062708,0.472787084376618,0.478962357748798
SOx,2,3,3,0.474983047498735,0.472011632305481,0.47795446269199
SOx,2,4,3,0.475399741292722,0.472498582949309,0.478300899636135
SOx,2,5,3,0.476021885620376,0.473056349893228,0.478987421347523
SOx,2,6,3,0.484650192012644,0.481614251871505,0.487686132153782
SOx,2,7,3,0.504741678749628,0.501764975338381,0.507718382160875
SOx,2,1,4,0.480942148602833,0.478064424934305,0.483819872271361
SOx,2,2,4,0.474786058583702,0.471942012507674,0.47763010465973
SOx,2,3,4,0.473892532921401,0.471176012069972,0.476609053772831
SOx,2,4,4,0.474310092231548,0.471670168466126,0.47695001599697
SOx,2,5,4,0.474933528817395,0.472222383078912,0.477644674555878
SOx,2,6,4,0.483579757095525,0.480783329107622,0.486376185083429
SOx,2,7,4,0.503712975930993,0.500961496665816,0.506464455196169
SOx,2,1,5,0.552981805436248,0.549759387152103,0.556204223720393
SOx,2,2,5,0.547680114616012,0.544479887097701,0.550880342134323
SOx,2,3,5,0.54691060072217,0.543821964291979,0.549999237152361
SOx,2,4,5,0.547270207283255,0.544249287005431,0.550291127561079
SOx,2,5,5,0.547807117564604,0.544724592543297,0.550889642585912
SOx,2,6,5,0.555253342189224,0.552106696333063,0.558399988045386
SOx,2,7,5,0.572592286413576,0.569511234125784,0.575673338701369
SOx,2,1,6,0.711911645512606,0.70897262971779,0.714850661307421
SOx,2,2,6,0.708494882161634,0.705587370285237,0.711402394038032
SOx,2,3,6,0.707998956058115,0.705215836255756,0.710782075860474
SOx,2,4,6,0.708230710522935,0.70552241094285,0.71093901010302
SOx,2,5,6,0.708576731336724,0.705799118425016,0.711354344248431
SOx,2,6,6,0.713375575377834,0.710516744202471,0.716234406553198
SOx,2,7,6,0.724549948078742,0.721739865544446,0.727360030613039
SOx,2,1,7,0.903769468847945,0.900735093289612,0.906803844406278
SOx,2,2,7,0.902628162901476,0.899622029475066,0.905634296327887
SOx,2,3,7,0.902462508054237,0.899576168714845,0.905348847393631
SOx,2,4,7,0.902539921302288,0.899725821621349,0.905354020983228
SOx,2,5,7,0.902655503088855,0.899774874878071,0.905536131299638
SOx,2,6,7,0.904258467262167,0.901302665765193,0.907214268759142
SOx,2,7,7,0.907991057641299,0.905089798732105,0.910892316550492
SOx,2,1,8,1.051724152442,1.04855398541503,1.05489431946898
SOx,2,2,8,1.05233760725776,1.04919126564974,1.05548394886578
SOx,2,3,8,1.05242664715465,1.04939407073793,1.05545922357136
SOx,2,4,8,1.05238503733918,1.0494213658758,1.05534870880257
SOx,2,5,8,1.0523229118383,1.0492963359059,1.0553494877707
SOx,2,6,8,1.05146131456489,1.04836765240297,1.05455497672682
SOx,2,7,8,1.04945503785144,1.04642394458238,1.05248613112049
SOx,2,1,9,1.11968349603012,1.11681326062893,1.1225537314313
SOx,2,2,9,1.12110295702735,1.11826666917153,1.12393924488317
SOx,2,3,9,1.12130898468837,1.11860061503476,1.12401735434197
SOx,2,4,9,1.12121270455716,1.11858115590751,1.1238442532068
SOx,2,5,9,1.12106895358615,1.11836594291692,1.12377196425538
SOx,2,6,9,1.11907532065099,1.1162865209868,1.12186412031517
SOx,2,7,9,1.11443303653934,1.11168871703469,1.11717735604399
SOx,2,1,10,1.13473727603725,1.13153366064212,1.13794089143238
SOx,2,2,10,1.13633527671865,1.13315443640436,1.13951611703294
SOx,2,3,10,1.13656721852144,1.13349874289885,1.13963569414404
SOx,2,4,10,1.13645882828347,1.13345849097956,1.13945916558739
SOx,2,5,10,1.13629699632749,1.13323459222209,1.1393594004329
SOx,2,6,10,1.13405260441038,1.13092502115674,1.13718018766401
SOx,2,7,10,1.12882641419583,1.12576333992303,1.13188948846863
SOx,2,1,11,1.12728222606404,1.12429616062005,1.13026829150803
SOx,2,2,11,1.12879180893496,1.12583562049679,1.13174799737313
SOx,2,3,11,1.12901091733499,1.1261768120803,1.13184502258968
SOx,2,4,11,1.12890852435824,1.12614793946672,1.13166910924977
SOx,2,5,11,1.12875564660821,1.12592714912784,1.13158414408859
SOx,2,6,11,1.12663543750371,1.12372874476209,1.12954213024532
SOx,2,7,11,1.12169841380911,1.11884334567194,1.12455348194628
SOx,2,1,12,1.11081475177639,1.1078286863324,1.11380081722038
SOx,2,2,12,1.11212902837494,1.10917283993677,1.1150852168131
SOx,2,3,12,1.11231978904681,1.10948568379212,1.1151538943015
SOx,2,4,12,1.11223064343196,1.10947005854044,1.11499122832348
SOx,2,5,12,1.11209754464476,1.10926904716438,1.11492604212513
SOx,2,6,12,1.11025164319492,1.10734495045331,1.11315833593654
SOx,2,7,12,1.10595335998486,1.10309829184769,1.10880842812203
SOx,2,1,13,1.09083419238353,1.0876305769884,1.09403780777866
SOx,2,2,13,1.09191149708786,1.08873065677356,1.09509233740215
SOx,2,3,13,1.09206786247505,1.08899938685245,1.09513633809764
SOx,2,4,13,1.09199479034521,1.0889944530413,1.09499512764913
SOx,2,5,13,1.09188569006164,1.08882328595624,1.09494809416705
SOx,2,6,13,1.09037261563132,1.08724503237769,1.09350019888495
SOx,2,7,13,1.08684933847044,1.08378626419764,1.08991241274324
SOx,2,1,14,1.08289499488941,1.08002475948823,1.08576523029059
SOx,2,2,14,1.08387813973406,1.08104185187824,1.08671442758988
SOx,2,3,14,1.08402083828878,1.08131246863517,1.08672920794238
SOx,2,4,14,1.08395415289564,1.08132260424599,1.08658570154528
SOx,2,5,14,1.08385458832406,1.08115157765483,1.08655759899329
SOx,2,6,14,1.08247376141431,1.07968496175012,1.0852625610785
SOx,2,7,14,1.07925842989012,1.07651411038547,1.08200274939477
SOx,2,1,15,1.12374122620277,1.1205710591758,1.12691139322975
SOx,2,2,15,1.1252088123794,1.12206247077138,1.12835515398743
SOx,2,3,15,1.1254218251694,1.12238924875269,1.12845440158611
SOx,2,4,15,1.12532228077197,1.12235860930858,1.12828595223536
SOx,2,5,15,1.12517365609095,1.12214708015855,1.12820023202335
SOx,2,6,15,1.12311243134253,1.1200187691806,1.12620609350445
SOx,2,7,15,1.1183127559703,1.11528166270125,1.12134384923936
SOx,2,1,16,1.24634606853018,1.24331169297185,1.24938044408851
SOx,2,2,16,1.24926776323078,1.24626162980437,1.25227389665719
SOx,2,3,16,1.24969183259693,1.24680549325754,1.25257817193632
SOx,2,4,16,1.24949365797313,1.24667955829219,1.25230775765407
SOx,2,5,16,1.24919777351345,1.24631714530267,1.25207840172423
SOx,2,6,16,1.24509425337943,1.24213845188245,1.2480500548764
SOx,2,7,16,1.23553898069908,1.23263772178988,1.23844023960827
SOx,2,1,17,1.40882892981627,1.40588991402146,1.41176794561109
SOx,2,2,17,1.4136776912551,1.4107701793787,1.41658520313149
SOx,2,3,17,1.4143814647156,1.41159834491324,1.41716458451796
SOx,2,4,17,1.41405257974557,1.41134428016549,1.41676087932566
SOx,2,5,17,1.41356153831057,1.41078392539886,1.41633915122227
SOx,2,6,17,1.40675145299083,1.40389262181546,1.40961028416619
SOx,2,7,17,1.39089379418053,1.38808371164624,1.39370387671483
SOx,2,1,18,1.52104256979799,1.51782015151385,1.52426498808214
SOx,2,2,18,1.5272221988217,1.52402197130339,1.53042242634001
SOx,2,3,18,1.52811914105273,1.52503050462254,1.53120777748292
SOx,2,4,18,1.52769998512354,1.52467906484572,1.53072090540137
SOx,2,5,18,1.52707416470695,1.52399163968565,1.53015668972826
SOx,2,6,18,1.51839487589749,1.51524823004133,1.52154152175365
SOx,2,7,18,1.49818467379362,1.49510362150582,1.50126572608141
SOx,2,1,19,1.5180398120353,1.51516208836677,1.52091753570383
SOx,2,2,19,1.52418382798227,1.52133978190624,1.5270278740583
SOx,2,3,19,1.52507560115341,1.52235908030198,1.52779212200484
SOx,2,4,19,1.52465886081135,1.52201893704592,1.52729878457677
SOx,2,5,19,1.52403664698512,1.52132550124664,1.52674779272361
SOx,2,6,19,1.51540737674105,1.51261094875314,1.51820380472895
SOx,2,7,19,1.49531364562203,1.49256216635685,1.4980651248872
SOx,2,1,20,1.40967685561803,1.40656357398471,1.41279013725135
SOx,2,2,20,1.41453567356125,1.41144803687516,1.41762331024734
SOx,2,3,20,1.41524090667305,1.4122694914798,1.41821232186631
SOx,2,4,20,1.41491133958385,1.41201018124043,1.41781249792726
SOx,2,5,20,1.41441927971137,1.41145374398422,1.41738481543852
SOx,2,6,20,1.40759507003146,1.40455912989032,1.41063101017259
SOx,2,7,20,1.39170452187043,1.38872781845919,1.39468122528168
SOx,2,1,21,1.22013192896075,1.21705171077377,1.22321214714773
SOx,2,2,21,1.22274272073881,1.21968922509341,1.22579621638421
SOx,2,3,21,1.22312166410146,1.22018586274464,1.22605746545828
SOx,2,4,21,1.22294457760493,1.22007984814086,1.22580930706901
SOx,2,5,21,1.22268017875641,1.21975018639747,1.22561017111535
SOx,2,6,21,1.21901332176932,1.21601095104273,1.2220156924959
SOx,2,7,21,1.21047484328082,1.20752975283785,1.21341993372379
SOx,2,1,22,0.990709943087679,0.987982231372542,0.993437654802817
SOx,2,2,22,0.990599761868994,0.987911332670565,0.993288191067424
SOx,2,3,22,0.990583769616429,0.98803120088505,0.993136338347809
SOx,2,4,22,0.990591243060372,0.988120071310819,0.993062414809925
SOx,2,5,22,0.990602401279727,0.98805488325327,0.993149919306184
SOx,2,6,22,0.990757150798619,0.988113734182638,0.993400567414599
SOx,2,7,22,0.991117493577957,0.988509445311314,0.9937255418446
SOx,2,1,23,0.777529931547742,0.774655992769287,0.780403870326198
SOx,2,2,23,0.774891409147459,0.772051284284963,0.777731534009955
SOx,2,3,23,0.774508440823753,0.771796039528688,0.777220842118819
SOx,2,4,23,0.774687408251105,0.772051717028078,0.777323099474131
SOx,2,5,23,0.774954615421858,0.772247581088475,0.777661649755241
SOx,2,6,23,0.778660420067163,0.775867847639603,0.781452992494722
SOx,2,7,23,0.7872895903233,0.784541729906822,0.790037450739777
SOx,3,1,0,0.875193958634987,0.874961194583655,0.875426722686319
SOx,3,2,0,0.875197015708742,0.874980058642769,0.875413972774716
SOx,3,3,0,0.875200080668339,0.874992406194226,0.875407755142451
SOx,3,4,0,0.875203159777293,0.874998532310824,0.875407787243761
SOx,3,5,0,0.875206253357313,0.874998589154921,0.875413917559704
SOx,3,6,0,0.875209356301088,0.874992420687957,0.87542629191422
SOx,3,7,0,0.875212462697656,0.874979733156517,0.875445192238794
SOx,3,1,1,0.897163423013489,0.896946959119015,0.897379886907962
SOx,3,2,1,0.897165941954056,0.896966572344505,0.897365311563606
SOx,3,3,1,0.897168467392328,0.896979240228397,0.897357694556259
SOx,3,4,1,0.897171004489263,0.896985125513338,0.897356883465188
SOx,3,5,1,0.897173553509939,0.896984335705312,0.897362771314565
SOx,3,6,1,0.897176110246079,0.896976760350312,0.897375460141845
SOx,3,7,1,0.89717866982722,0.896962238026236,0.897395101628203
SOx,3,1,2,0.933807868253339,0.933552607942735,0.934063128563943
SOx,3,2,2,0.933809489602968,0.933568556929341,0.934050422276594
SOx,3,3,2,0.933811115134931,0.933578507455056,0.934043722814805
SOx,3,4,2,0.933812748171147,0.933582857971508,0.934042638370786
SOx,3,5,2,0.933814388882237,0.933581792707297,0.934046985057178
SOx,3,6,2,0.93381603455949,0.933575125709427,0.934056943409552
SOx,3,7,2,0.933817682067964,0.933562459602906,0.934072904533022
SOx,3,1,3,0.966321033435696,0.966062214269746,0.966579852601646
SOx,3,2,3,0.966321858388429,0.966077158576234,0.966566558200623
SOx,3,3,3,0.966322685469158,0.966086178201303,0.966559192737014
SOx,3,4,3,0.966323516368099,0.966089681450616,0.966557351285581
SOx,3,5,3,0.966324351172063,0.966087855602018,0.966560846742108
SOx,3,6,3,0.96632518850284,0.966080512886706,0.966569864118974
SOx,3,7,3,0.966326026765355,0.966067245972596,0.966584807558114
SOx,3,1,4,0.988859445917071,0.988626267853505,0.989092623980637
SOx,3,2,4,0.98885971880046,0.988642317639557,0.989077119961362
SOx,3,3,4,0.988859992387762,0.988651854034714,0.989068130740809
SOx,3,4,4,0.988860267238077,0.988655169024221,0.989065365451934
SOx,3,5,4,0.988860543380122,0.988652415321739,0.989068671438505
SOx,3,6,4,0.988860820358004,0.988643440693856,0.989078200022152
SOx,3,7,4,0.988861097644092,0.988627954152102,0.989094241136082
SOx,3,1,5,1.01056597869534,1.01029548032137,1.01083647706931
SOx,3,2,5,1.01056571988594,1.01030869906014,1.01082274071175
SOx,3,3,5,1.01056546040894,1.01031622740363,1.01081469341425
SOx,3,4,5,1.01056519973406,1.01031850180783,1.01081189766029
SOx,3,5,5,1.01056493783407,1.010315717156,1.01081415851215
SOx,3,6,5,1.01056467514136,1.01030767972993,1.01082167055279
SOx,3,7,5,1.01056441215633,1.01029395388715,1.01083487042552
SOx,3,1,6,1.03884170665642,1.03860179206275,1.03908162125008
SOx,3,2,6,1.03884075524444,1.03861614422165,1.03906536626723
SOx,3,3,6,1.03883980137827,1.03862414363025,1.03905545912629
SOx,3,4,6,1.03883884310857,1.03862611837951,1.03905156783764
SOx,3,5,6,1.03883788033525,1.03862223325381,1.03905352741669
SOx,3,6,6,1.03883691464777,1.03861232583464,1.03906150346089
SOx,3,7,6,1.03883594788572,1.0385960688624,1.03907582690903
SOx,3,1,7,1.06666982157904,1.06641951871464,1.06692012444345
SOx,3,2,7,1.06666818852859,1.06643251423267,1.06690386282452
SOx,3,3,7,1.06666655126563,1.06643939432347,1.06689370820778
SOx,3,4,7,1.06666490644425,1.06644053271321,1.0668892801753
SOx,3,5,7,1.06666325389262,1.0664361081858,1.06689039959943
SOx,3,6,7,1.06666159633898,1.06642594534667,1.06689724733129
SOx,3,7,7,1.0666599369409,1.06640967118704,1.06691020269476
SOx,3,1,8,1.08216590376294,1.08190098227229,1.08243082525359
SOx,3,2,8,1.0821638911422,1.08191274601072,1.08241503627368
SOx,3,3,8,1.08216187332982,1.08191870382154,1.0824050428381
SOx,3,4,8,1.08215984620223,1.08191927535414,1.08240041705032
SOx,3,5,8,1.08215780954763,1.08191465206668,1.08240096702858
SOx,3,6,8,1.08215576672841,1.08190464643031,1.08240688702651
SOx,3,7,8,1.08215372163605,1.08188883942334,1.08241860384877
SOx,3,1,9,1.0821212275242,1.08188887610644,1.08235357894197
SOx,3,2,9,1.08211921599779,1.08190270166657,1.082335730329
SOx,3,3,9,1.08211719928256,1.08190998735295,1.08232441121216
SOx,3,4,9,1.08211517325718,1.08191101521527,1.08231933129908
SOx,3,5,9,1.08211313770997,1.08190593602921,1.08232033939073
SOx,3,6,9,1.0821110960015,1.08189460307935,1.08232758892366
SOx,3,7,9,1.08210905202113,1.08187673505238,1.08234136898988
SOx,3,1,10,1.07678219315517,1.07651369849122,1.07705068781912
SOx,3,2,10,1.07678031240625,1.07652540110393,1.07703522370857
SOx,3,3,10,1.07677842680587,1.07653136970491,1.07702548390682
SOx,3,4,10,1.07677653250062,1.07653203292948,1.07702103207176
SOx,3,5,10,1.0767746292926,1.07652758441126,1.07702167417395
SOx,3,6,10,1.07677272032389,1.07651783422735,1.07702760642043
SOx,3,7,10,1.07677080923098,1.07650235437473,1.07703926408722
SOx,3,1,11,1.07621175841106,1.07596670460915,1.07645681221298
SOx,3,2,11,1.07620989163471,1.07597979960303,1.07643998366639
SOx,3,3,11,1.07620802004294,1.0759866597634,1.07642938032247
SOx,3,4,11,1.07620613981098,1.0759876362722,1.07642464334976
SOx,3,5,11,1.07620425074238,1.07598290141148,1.07642560007329
SOx,3,6,11,1.07620235595589,1.07597228667585,1.07643242523594
SOx,3,7,11,1.07620045906098,1.07595544159137,1.07644547653059
SOx,3,1,12,1.07982408421678,1.07957903041487,1.0800691380187
SOx,3,2,12,1.07982212895797,1.07959203692629,1.08005222098965
SOx,3,3,12,1.07982016865548,1.07959880837595,1.08004152893502
SOx,3,4,12,1.07981819930328,1.0795996957645,1.08003670284206
SOx,3,5,12,1.0798162206956,1.07959487136469,1.0800375700265
SOx,3,6,12,1.079814236099,1.07958416681895,1.08004430537905
SOx,3,7,12,1.07981224929405,1.07956723182443,1.08005726676366
SOx,3,1,13,1.08196198071372,1.08169348604977,1.08223047537767
SOx,3,2,13,1.08195997308799,1.08170506178567,1.08221488439031
SOx,3,3,13,1.08195796028351,1.08171090318255,1.08220501738446
SOx,3,4,13,1.08195593818693,1.08171143861579,1.08220043775807
SOx,3,5,13,1.081953906587,1.08170686170565,1.08220095146834
SOx,3,6,13,1.08195186883774,1.0816969827412,1.08220675493428
SOx,3,7,13,1.08194982882098,1.08168137396474,1.08221828367723
SOx,3,1,14,1.07803543233573,1.07780308091797,1.07826778375349
SOx,3,2,14,1.07803352088922,1.077817006558,1.07825003522043
SOx,3,3,14,1.07803160451206,1.07782439258246,1.07823881644166
SOx,3,4,14,1.07802967928796,1.07782552124605,1.07823383732987
SOx,3,5,14,1.07802774501577,1.07782054333502,1.07823494669653
SOx,3,6,14,1.07802580488887,1.07780931196672,1.07824229781102
SOx,3,7,14,1.07802386260309,1.07779154563434,1.07825617957184
SOx,3,1,15,1.0657578670481,1.06549294555745,1.06602278853876
SOx,3,2,15,1.06575625633561,1.06550511120414,1.06600740146709
SOx,3,3,15,1.06575464146823,1.06551147195995,1.06599781097651
SOx,3,4,15,1.06575301914582,1.06551244829773,1.06599358999392
SOx,3,5,15,1.0657513891989,1.06550823171795,1.06599454667984
SOx,3,6,15,1.06574975431839,1.06549863402029,1.06600087461649
SOx,3,7,15,1.06574811761867,1.06548323540596,1.06601299983139
SOx,3,1,16,1.04354525755249,1.04329495468809,1.0437955604169
SOx,3,2,16,1.04354419092893,1.04330851663301,1.04377986522486
SOx,3,3,16,1.04354312155398,1.04331596461182,1.04377027849613
SOx,3,4,16,1.04354204724226,1.04331767351122,1.0437664209733
SOx,3,5,16,1.04354096788154,1.04331382217472,1.04376811358836
SOx,3,6,16,1.04353988525377,1.04330423426146,1.04377553624609
SOx,3,7,16,1.04353880142132,1.04328853566746,1.04378906717518
SOx,3,1,17,1.01460889216821,1.01436897757455,1.01484880676188
SOx,3,2,17,1.01460853432928,1.01438392330649,1.01483314535207
SOx,3,3,17,1.01460817556728,1.01439251781926,1.0148238333153
SOx,3,4,17,1.01460781514907,1.01439509042001,1.01482053987813
SOx,3,5,17,1.01460745303698,1.01439180595554,1.01482310011842
SOx,3,6,17,1.01460708982883,1.01438250101571,1.01483167864195
SOx,3,7,17,1.01460672621652,1.01436684719321,1.01484660523983
SOx,3,1,18,0.985251409438687,0.984980911064718,0.985521907812657
SOx,3,2,18,0.985251770699477,0.984994749873673,0.985508791525282
SOx,3,3,18,0.985252132892154,0.985002899886844,0.985501365897464
SOx,3,4,18,0.98525249675689,0.985005798830662,0.985499194683118
SOx,3,5,18,0.985252862331702,0.985003641653626,0.985502083009778
SOx,3,6,18,0.985253229013048,0.984996233601614,0.985510224424482
SOx,3,7,18,0.985253596102418,0.984983137833229,0.985524054371607
SOx,3,1,19,0.959434830298503,0.959201652234938,0.959668008362069
SOx,3,2,19,0.95943582392601,0.959218422765108,0.959653225086912
SOx,3,3,19,0.959436820116618,0.95922868176357,0.959644958469666
SOx,3,4,19,0.95943782090613,0.959232722692273,0.959642919119986
SOx,3,5,19,0.95943882639911,0.959230698340727,0.959646954457493
SOx,3,6,19,0.959439834935551,0.959222455271403,0.959657214599699
SOx,3,7,19,0.959440844594239,0.959207701102249,0.959673988086229
SOx,3,1,20,0.934240055092025,0.933981235926075,0.934498874257975
SOx,3,2,20,0.934241665855411,0.933996966043216,0.934486365667605
SOx,3,3,20,0.934243280773823,0.934006773505968,0.934479788041679
SOx,3,4,20,0.934244903147492,0.93401106823001,0.934478738064974
SOx,3,5,20,0.934246533145923,0.934010037575878,0.934483028715968
SOx,3,6,20,0.934248168078091,0.934003492461957,0.934492843694225
SOx,3,7,20,0.934249804829525,0.933991024036765,0.934508585622284
SOx,3,1,21,0.906076084812209,0.905820824501605,0.906331345122813
SOx,3,2,21,0.906078385440713,0.905837452767086,0.906319318114339
SOx,3,3,21,0.906080692003777,0.905848084323902,0.906313299683651
SOx,3,4,21,0.906083009215068,0.905853119015429,0.906312899414706
SOx,3,5,21,0.90608533731669,0.90585274114175,0.906317933491631
SOx,3,6,21,0.906087672465092,0.90584676361503,0.906328581315155
SOx,3,7,21,0.906090010211923,0.905834787746865,0.906345232676981
SOx,3,1,22,0.881365828649783,0.881149364755309,0.881582292544256
SOx,3,2,22,0.881368734546066,0.881169364936516,0.881568104155617
SOx,3,3,22,0.881371647938222,0.881182420774292,0.881560875102153
SOx,3,4,22,0.881374574780026,0.881188695804101,0.881560453755951
SOx,3,5,22,0.881377515377278,0.881188297572651,0.881566733181904
SOx,3,6,22,0.881380464875231,0.881181114979464,0.881579814770997
SOx,3,7,22,0.881383417655229,0.881166985854246,0.881599849456213
SOx,3,1,23,0.875193958634987,0.874961194583655,0.875426722686319
SOx,3,2,23,0.875197015708742,0.874980058642769,0.875413972774716
SOx,3,3,23,0.875200080668339,0.874992406194226,0.875407755142451
SOx,3,4,23,0.875203159777293,0.874998532310824,0.875407787243761
SOx,3,5,23,0.875206253357313,0.874998589154921,0.875413917559704
SOx,3,6,23,0.875209356301088,0.874992420687957,0.87542629191422
SOx,3,7,23,0.875212462697656,0.874979733156517,0.875445192238794
SOx,4,1,0,0.870939414729594,0.870884519639541,0.870994309819647
SOx,4,2,0,0.870941483490617,0.870890241643112,0.870992725338122
SOx,4,3,0,0.870943552385158,0.870894540924935,0.87099256384538
SOx,4,4,0,0.870945621629626,0.870897359847038,0.870993883412214
SOx,4,5,0,0.870947691324249,0.870898681435861,0.870996701212636
SOx,4,6,0,0.870949761405031,0.870898522844219,0.871000999965844
SOx,4,7,0,0.870951831685165,0.870896941876585,0.871006721493746
SOx,4,1,1,0.893849232639581,0.893798195158016,0.893900270121146
SOx,4,2,1,0.893850934170453,0.89380384814653,0.893898020194376
SOx,4,3,1,0.893852635811141,0.893807987148814,0.893897284473468
SOx,4,4,1,0.89385433773964,0.893810513173741,0.893898162305539
SOx,4,5,1,0.893856040038385,0.893811392807975,0.893900687268795
SOx,4,6,1,0.893857742654743,0.893810659650954,0.893904825658532
SOx,4,7,1,0.893859445435064,0.89380841286383,0.893910478006299
SOx,4,1,2,0.931934879154104,0.931874661738222,0.931995096569986
SOx,4,2,2,0.931935970195716,0.931879063486462,0.931992876904971
SOx,4,3,2,0.931937061307744,0.931882154566687,0.931991968048802
SOx,4,4,2,0.93193815260432,0.93188391417704,0.9319923910316
SOx,4,5,2,0.931939244138303,0.931884339158147,0.931994149118458
SOx,4,6,2,0.931940335875942,0.931883432816728,0.931997238935155
SOx,4,7,2,0.931941427718716,0.931881216096369,0.932001639341063
SOx,4,1,3,0.965654537949941,0.965593478865706,0.965715597034176
SOx,4,2,3,0.965655088486366,0.965597291904479,0.965712885068254
SOx,4,3,3,0.965655639058323,0.965599810586548,0.965711467530098
SOx,4,4,3,0.965656189723401,0.965601018428619,0.965711361018184
SOx,4,5,3,0.965656740508275,0.965600913826962,0.965712567189588
SOx,4,6,3,0.965657291395913,0.965599498521143,0.965715084270682
SOx,4,7,3,0.965657842336602,0.965596789126879,0.965718895546325
SOx,4,1,4,0.988928395159432,0.988873402475983,0.988983387842881
SOx,4,2,4,0.988928572630381,0.988877226248689,0.988979919012074
SOx,4,3,4,0.988928750112784,0.988879629375142,0.988977870850426
SOx,4,4,4,0.988928927625206,0.98888055487515,0.988977300375263
SOx,4,5,4,0.988929105176245,0.988879986013943,0.988978224338548
SOx,4,6,4,0.988929282760411,0.988877939672116,0.988980625848707
SOx,4,7,4,0.988929460361679,0.988874472969092,0.988984447754266
SOx,4,1,5,1.01124012661624,1.01117630476545,1.01130394846703
SOx,4,2,5,1.011239946444,1.0111792385311,1.01130065435689
SOx,4,3,5,1.01123976626012,1.01118092908642,1.01129860343382
SOx,4,4,5,1.01123958604577,1.01118137216895,1.01129779992258
SOx,4,5,5,1.01123940579221,1.01118057050546,1.01129824107896
SOx,4,6,5,1.01123922550502,1.01117852148598,1.01129992952406
SOx,4,7,5,1.01123904520047,1.01117522949,1.01130286091094
SOx,4,1,6,1.04028467873866,1.04022809208359,1.04034126539373
SOx,4,2,6,1.04028403300028,1.04023098302846,1.0403370829721
SOx,4,3,6,1.04028338722022,1.04023248840136,1.04033428603909
SOx,4,4,6,1.04028274133094,1.04023256404384,1.04033291861804
SOx,4,5,6,1.04028209530115,1.04023119811465,1.04033299248765
SOx,4,6,6,1.04028144915082,1.04022840258167,1.04033449571998
SOx,4,7,6,1.04028080293827,1.04022422172742,1.04033738414912
SOx,4,1,7,1.06889660331226,1.06883755878289,1.06895564784163
SOx,4,2,7,1.0688954989425,1.06883983479501,1.06895116308999
SOx,4,3,7,1.06889439450146,1.06884077660841,1.06894801239452
SOx,4,4,7,1.06889328987363,1.06884035652193,1.06894622322532
SOx,4,5,7,1.06889218500548,1.06883856883199,1.06894580117897
SOx,4,6,7,1.06889107993119,1.06883541935404,1.06894674050834
SOx,4,7,7,1.06888997475048,1.0688309359018,1.06894901359916
SOx,4,1,8,1.08489210089656,1.08482959817222,1.0849546036209
SOx,4,2,8,1.08489074012891,1.08483142050364,1.08495005975417
SOx,4,3,8,1.08488937927343,1.08483197556619,1.08494678298067
SOx,4,4,8,1.08488801818778,1.08483125346817,1.0849447829074
SOx,4,5,8,1.08488665680604,1.08482925493978,1.0849440586723
SOx,4,6,8,1.08488529517029,1.08482597934983,1.08494461099075
SOx,4,7,8,1.08488393340341,1.08482143669248,1.08494643011435
SOx,4,1,9,1.08494871484086,1.08489391777986,1.08500351190186
SOx,4,2,9,1.08494735316572,1.08489621634667,1.08499848998478
SOx,4,3,9,1.0849459914027,1.08489708975748,1.08499489304793
SOx,4,4,9,1.08494462940936,1.08489647914793,1.08499277967079
SOx,4,5,9,1.08494326711972,1.08489436704281,1.08499216719663
SOx,4,6,9,1.0849419045759,1.0848907710368,1.084993038115
SOx,4,7,9,1.08494054190087,1.08488575011191,1.08499533368984
SOx,4,1,10,1.0794871094737,1.07942376153225,1.07955045741516
SOx,4,2,10,1.07948583534471,1.07942562582994,1.07954604485947
SOx,4,3,10,1.07948456113348,1.07942623832557,1.07954288394138
SOx,4,4,10,1.07948328670673,1.07942559273566,1.07954098067781
SOx,4,5,10,1.07948201200274,1.0794236910653,1.07954033294019
SOx,4,6,10,1.07948073706092,1.07942053140804,1.0795409427138
SOx,4,7,10,1.07947946199632,1.07941612014959,1.07954280384305
SOx,4,1,11,1.07875716923121,1.07869936657916,1.07881497188326
SOx,4,2,11,1.0787559068027,1.07870156168238,1.07881025192302
SOx,4,3,11,1.07875464429272,1.07870239701628,1.07880689156915
SOx,4,4,11,1.0787533815692,1.07870183698836,1.07880492615003
SOx,4,5,11,1.07875211857098,1.07869987297015,1.0788043641718
SOx,4,6,11,1.07875085533711,1.07869651370252,1.07880519697169
SOx,4,7,11,1.07874959198159,1.07869179489075,1.07880738907242
SOx,4,1,12,1.08226379895509,1.08220599630304,1.08232160160713
SOx,4,2,12,1.08226248031748,1.08220813519716,1.0823168254378
SOx,4,3,12,1.08226116159477,1.08220891431834,1.08231340887121
SOx,4,4,12,1.08225984264902,1.08220829806819,1.08231138722985
SOx,4,5,12,1.08225852341633,1.08220627781551,1.08231076901716
SOx,4,6,12,1.08225720393751,1.08220286230293,1.08231154557209
SOx,4,7,12,1.08225588433162,1.08219808724078,1.08231368142245
SOx,4,1,13,1.08439404505123,1.08433069710978,1.08445739299268
SOx,4,2,13,1.0843926922671,1.08433248275234,1.08445290178187
SOx,4,3,13,1.08439133939567,1.08433301658777,1.08444966220358
SOx,4,4,13,1.08438998629542,1.08433229232434,1.08444768026649
SOx,4,5,13,1.0843886329008,1.08433031196335,1.08444695383825
SOx,4,6,13,1.08438727925367,1.08432707360079,1.08444748490655
SOx,4,7,13,1.08438592547618,1.08432258362945,1.08444926732291
SOx,4,1,14,1.0804978021015,1.08044300504049,1.0805525991625
SOx,4,2,14,1.08049651177173,1.08044537495267,1.08054764859079
SOx,4,3,14,1.08049522135868,1.08044631971346,1.0805441230039
SOx,4,4,14,1.08049393072737,1.08044578046594,1.0805420809888
SOx,4,5,14,1.0804926398153,1.08044373973839,1.08054153989221
SOx,4,6,14,1.08049134866236,1.08044021512326,1.08054248220147
SOx,4,7,14,1.08049005738509,1.08043526559613,1.08054484917406
SOx,4,1,15,1.06801022894336,1.06794772621902,1.0680727316677
SOx,4,2,15,1.06800913878163,1.06794981915637,1.06806845840689
SOx,4,3,15,1.06800804854954,1.0679506448423,1.06806545225679
SOx,4,4,15,1.06800695813305,1.06795019341344,1.06806372285267
SOx,4,5,15,1.06800586747935,1.06794846561309,1.06806326934562
SOx,4,6,15,1.06800477662216,1.0679454608017,1.06806409244261
SOx,4,7,15,1.06800368565991,1.06794118894898,1.06806618237085
SOx,4,1,16,1.04507517133065,1.04501612680128,1.04513421586002
SOx,4,2,16,1.04507444880365,1.04501878465616,1.04513011295114
SOx,4,3,16,1.04507372623002,1.04502010833696,1.04512734412307
SOx,4,4,16,1.04507300353417,1.04502007018248,1.04512593688586
SOx,4,5,16,1.0450722806811,1.04501866450761,1.04512589685459
SOx,4,6,16,1.04507155769317,1.04501589711602,1.04512721827032
SOx,4,7,16,1.04507083463561,1.04501179578693,1.04512987348429
SOx,4,1,17,1.01502256300408,1.01496597634901,1.01507914965915
SOx,4,2,17,1.01502232220173,1.0149692722299,1.01507537217355
SOx,4,3,17,1.01502208138383,1.01497118256497,1.01507298020269
SOx,4,4,17,1.0150218405252,1.01497166323811,1.0150720178123
SOx,4,5,17,1.01502159961418,1.01497070242768,1.01507249680068
SOx,4,6,17,1.0150213586582,1.01496831208905,1.01507440522736
SOx,4,7,17,1.01502111767903,1.01496453646817,1.01507769888988
SOx,4,1,18,0.984525668309361,0.984461846458571,0.98458949016015
SOx,4,2,18,0.984525916353287,0.984465208440394,0.984586624266179
SOx,4,3,18,0.984526164413221,0.984467327239518,0.984585001586924
SOx,4,4,18,0.984526412515112,0.984468198638299,0.984584626391926
SOx,4,5,18,0.984526660670977,0.984467825384227,0.984585495957726
SOx,4,6,18,0.984526908873141,0.984466204854102,0.984587612892181
SOx,4,7,18,0.984527157099208,0.984463341388737,0.98459097280968
SOx,4,1,19,0.957791034104025,0.957736041420576,0.957846026787474
SOx,4,2,19,0.957791710687533,0.95774036430584,0.957843057069225
SOx,4,3,19,0.957792387314707,0.957743266577065,0.957841508052349
SOx,4,4,19,0.957793064056324,0.957744691306267,0.957841436806381
SOx,4,5,19,0.957793740945163,0.957744621782861,0.957842860107466
SOx,4,6,19,0.957794417960295,0.957743074872,0.957845761048591
SOx,4,7,19,0.957795095040624,0.957740107648038,0.957850082433211
SOx,4,1,20,0.931769272936091,0.931708213851856,0.931830332020326
SOx,4,2,20,0.931770366632269,0.931712570050381,0.931828163214156
SOx,4,3,20,0.931771460399032,0.931715631927258,0.931827288870808
SOx,4,4,20,0.931772554350794,0.931717383056011,0.931827725645576
SOx,4,5,20,0.931773648540539,0.931717821859226,0.931829475221852
SOx,4,6,20,0.931774742934436,0.931716950059667,0.931832535809206
SOx,4,7,20,0.931775837433725,0.931714784224002,0.931836890643448
SOx,4,1,21,0.902693931600411,0.902633714184529,0.902754149016293
SOx,4,2,21,0.902695491356251,0.902638584646997,0.902752398065506
SOx,4,3,21,0.902697051212758,0.902642144471701,0.902751957953815
SOx,4,4,21,0.902698611333095,0.902644372905815,0.902752849760375
SOx,4,5,21,0.902700171792828,0.902645266812672,0.902755076772984
SOx,4,6,21,0.90270173254371,0.902644829484497,0.902758635602924
SOx,4,7,21,0.902703293444894,0.902643081822546,0.902763505067241
SOx,4,1,22,0.877204106192476,0.877153068710911,0.877255143674042
SOx,4,2,22,0.877206074534387,0.877158988510464,0.87725316055831
SOx,4,3,22,0.877208043003333,0.877163394341006,0.87725269166566
SOx,4,4,22,0.877210011805222,0.877166187239323,0.877253836371121
SOx,4,5,22,0.877211981035413,0.877167333805003,0.877256628265824
SOx,4,6,22,0.877213950633021,0.877166867629233,0.87726103363681
SOx,4,7,22,0.877215920420303,0.877164887849069,0.877266952991538
SOx,4,1,23,0.870939414729594,0.870884519639541,0.870994309819647
SOx,4,2,23,0.870941483490617,0.870890241643112,0.870992725338122
SOx,4,3,23,0.870943552385158,0.870894540924935,0.87099256384538
SOx,4,4,23,0.870945621629626,0.870897359847038,0.870993883412214
SOx,4,5,23,0.870947691324249,0.870898681435861,0.870996701212636
SOx,4,6,23,0.870949761405031,0.870898522844219,0.871000999965844
SOx,4,7,23,0.870951831685165,0.870896941876585,0.871006721493746
SOx,5,1,0,0.87215862578265,0.871982929065175,0.872334322500124
SOx,5,2,0,0.872151689008673,0.871988014879011,0.872315363138335
SOx,5,3,0,0.872144750684247,0.871988012689436,0.872301488679058
SOx,5,4,0,0.872137810462993,0.87198331647179,0.872292304454197
SOx,5,5,0,0.8721308681785,0.871974113165099,0.872287623191901
SOx,5,6,0,0.87212392386854,0.871960214193355,0.872287633543725
SOx,5,7,0,0.872116978002548,0.871941224047123,0.872292731957973
SOx,5,1,1,0.894532360791583,0.89436895029892,0.894695771284246
SOx,5,2,1,0.894526638034146,0.894376230517211,0.894677045551082
SOx,5,3,1,0.894520913997607,0.894378087014263,0.894663740980951
SOx,5,4,1,0.894515188396207,0.894374829253124,0.89465554753929
SOx,5,5,1,0.894509461092658,0.89436661860118,0.894652303584137
SOx,5,6,1,0.894503732118123,0.894353291936807,0.894654172299439
SOx,5,7,1,0.89449800185988,0.894334538131836,0.894661465587924
SOx,5,1,2,0.93199652062191,0.93180386576862,0.932189175475199
SOx,5,2,2,0.931992830699387,0.93181107136788,0.932174590030894
SOx,5,3,2,0.931989139952124,0.931813598757587,0.932164681146661
SOx,5,4,2,0.931985448195869,0.931811905741135,0.932158990650603
SOx,5,5,2,0.931981755342102,0.931806195087325,0.932157315596878
SOx,5,6,2,0.931978061410915,0.931796262606276,0.932159860215555
SOx,5,7,2,0.931974366652018,0.931781649036207,0.932167084267829
SOx,5,1,3,0.965297085078319,0.965101747594811,0.965492422561827
SOx,5,2,3,0.965295202070735,0.96511060140033,0.96547980274114
SOx,5,3,3,0.965293318642278,0.965114836775155,0.9654718005094
SOx,5,4,3,0.965291434698921,0.965114917950332,0.965467951447509
SOx,5,5,3,0.965289550195491,0.965111048948832,0.965468051442151
SOx,5,6,3,0.965287665142243,0.965103024381645,0.965472305902841
SOx,5,7,3,0.965285779666605,0.965090378546636,0.965481180786574
SOx,5,1,4,0.988438913045954,0.988262904820908,0.988614921271001
SOx,5,2,4,0.988438285732241,0.988274277222208,0.988602294242274
SOx,5,3,4,0.988437658278317,0.988280571100122,0.988594745456511
SOx,5,4,4,0.988437030652856,0.988282182379534,0.988591878926177
SOx,5,5,4,0.98843640284081,0.988279298606111,0.988593507075509
SOx,5,6,4,0.988435774845595,0.98827173071742,0.988599818973769
SOx,5,7,4,0.988435146709663,0.988259081145184,0.988611212274142
SOx,5,1,5,1.0107555211413,1.01055137840897,1.01095966387362
SOx,5,2,5,1.01075610474437,1.01056220963884,1.01094999984991
SOx,5,3,5,1.01075668847789,1.01056860853965,1.01094476841614
SOx,5,4,5,1.01075727237099,1.01057105521072,1.01094348953126
SOx,5,5,5,1.01075785643768,1.01056975607774,1.01094595679762
SOx,5,6,5,1.01075844067477,1.01056450346055,1.01095237788899
SOx,5,7,5,1.01075902504277,1.01055481580544,1.0109632342801
SOx,5,1,6,1.03979356553301,1.03961247930622,1.0399746517598
SOx,5,2,6,1.03979572476332,1.03962627767895,1.03996517184769
SOx,5,3,6,1.03979788447624,1.03963512667631,1.03996064227616
SOx,5,4,6,1.03980004477959,1.03963944619758,1.0399606433616
SOx,5,5,6,1.03980220572517,1.03963943025303,1.03996498119732
SOx,5,6,6,1.03980436730123,1.03963488341761,1.03997385118485
SOx,5,7,6,1.03980652936164,1.03962538414112,1.03998767458215
SOx,5,1,7,1.06832296391635,1.06813404647032,1.06851188136238
SOx,5,2,7,1.06832667117436,1.068148878574,1.06850446377471
SOx,5,3,7,1.06833037926098,1.06815894907017,1.06850180945179
SOx,5,4,7,1.06833408836133,1.06816470587086,1.0685034708518
SOx,5,5,7,1.06833779856435,1.06816634975967,1.06850924736903
SOx,5,6,7,1.06834150984986,1.06816367863783,1.06851934106188
SOx,5,7,7,1.06834522196696,1.06815624297597,1.06853420095795
SOx,5,1,8,1.08412594952222,1.08392601128796,1.08432588775648
SOx,5,2,8,1.08413051426271,1.08394105141694,1.08431997710849
SOx,5,3,8,1.08413508002347,1.08395157324779,1.08431858679915
SOx,5,4,8,1.08413964703245,1.08395805044702,1.08432124361787
SOx,5,5,8,1.08414421539913,1.08396068869831,1.08432774209995
SOx,5,6,8,1.08414878509867,1.08395928110677,1.08433828909057
SOx,5,7,8,1.08415335582216,1.08395335245262,1.0843533591917
SOx,5,1,9,1.08394117966743,1.08376579457702,1.08411656475784
SOx,5,2,9,1.08394573438216,1.08378239485157,1.08410907391276
SOx,5,3,9,1.08395029011493,1.08379390159657,1.08410667863329
SOx,5,4,9,1.08395484709316,1.08380070770463,1.08410898648168
SOx,5,5,9,1.08395940542612,1.08380299992711,1.08411581092512
SOx,5,6,9,1.08396396508901,1.08380059008556,1.08412734009246
SOx,5,7,9,1.0839685257736,1.08379308354676,1.08414396800044
SOx,5,1,10,1.078397763398,1.07819513125878,1.07860039553722
SOx,5,2,10,1.07840201732258,1.0782097134642,1.07859432118096
SOx,5,3,10,1.07840627219797,1.07821983331129,1.07859271108465
SOx,5,4,10,1.07841052823658,1.0782259688712,1.07859508760195
SOx,5,5,10,1.07841478554044,1.07822832641026,1.07860124467063
SOx,5,6,10,1.07841904408642,1.07822669846492,1.07861138970791
SOx,5,7,10,1.07842330358661,1.0782206054345,1.07862600173873
SOx,5,1,11,1.07792011018458,1.07773514978192,1.07810507058724
SOx,5,2,11,1.07792433819132,1.07775075651797,1.07809791986468
SOx,5,3,11,1.07792856714308,1.07776150865541,1.07809562563075
SOx,5,4,11,1.07793279725096,1.07776784121013,1.07809775329179
SOx,5,5,11,1.0779370286164,1.07776995198954,1.07810410524326
SOx,5,6,11,1.07794126121638,1.07776764184585,1.0781148805869
SOx,5,7,11,1.07794549476476,1.07776047410625,1.07813051542327
SOx,5,1,12,1.08181762034677,1.08163265994411,1.08200258074943
SOx,5,2,12,1.0818220598355,1.08164847816214,1.08199564150885
SOx,5,3,12,1.0818265003165,1.08165944182883,1.08199355880417
SOx,5,4,12,1.08183094201146,1.08166598597063,1.08199589805229
SOx,5,5,12,1.08183538502688,1.08166830840002,1.08200246165374
SOx,5,6,12,1.08183982933859,1.08166620996807,1.08201344870911
SOx,5,7,12,1.08184427464614,1.08165925398764,1.08202929530465
SOx,5,1,13,1.08410682626556,1.08390419412634,1.08430945840478
SOx,5,2,13,1.08411138996841,1.08391908611003,1.08430369382679
SOx,5,3,13,1.0841159546913,1.08392951580462,1.08430239357798
SOx,5,4,13,1.08412052066211,1.08393596129673,1.08430508002749
SOx,5,5,13,1.08412508799033,1.08393862886014,1.08431154712051
SOx,5,6,13,1.0841296566511,1.08393731102961,1.08432200227259
SOx,5,7,13,1.08413422633558,1.08393152818347,1.0843369244877
SOx,5,1,14,1.08000103087984,1.07982564578943,1.08017641597025
SOx,5,2,14,1.08000537179899,1.0798420322684,1.08016871132958
SOx,5,3,14,1.08000971368838,1.07985332517002,1.08016610220674
SOx,5,4,14,1.08001405676478,1.07985991737625,1.0801681961533
SOx,5,5,14,1.08001840113232,1.07986199563331,1.08017480663132
SOx,5,6,14,1.08002274676736,1.07985937176391,1.08018612177081
SOx,5,7,14,1.08002709337614,1.0798516511493,1.08020253560298
SOx,5,1,15,1.06729161493675,1.06709167670249,1.06749155317101
SOx,5,2,15,1.06729526623295,1.06710580338717,1.06748472907872
SOx,5,3,15,1.06729891834525,1.06711541156957,1.06748242512093
SOx,5,4,15,1.06730257145598,1.06712097487055,1.06748416804141
SOx,5,5,15,1.06730622565274,1.06712269895192,1.06748975235356
SOx,5,6,15,1.06730988091563,1.06712037692374,1.06749938490753
SOx,5,7,15,1.06731353699758,1.06711353362804,1.06751354036712
SOx,5,1,16,1.04450595176028,1.04431703431425,1.04469486920631
SOx,5,2,16,1.04450836668839,1.04433057408803,1.04468615928874
SOx,5,3,16,1.04451078215626,1.04433935196545,1.04468221234707
SOx,5,4,16,1.04451319828448,1.04434381579401,1.04468258077495
SOx,5,5,16,1.04451561513099,1.04434416632631,1.04468706393567
SOx,5,6,16,1.04451803268263,1.04434020147061,1.04469586389465
SOx,5,7,16,1.04452045077598,1.04433147178499,1.04470942976697
SOx,5,1,17,1.01495355341683,1.01477246719004,1.01513463964362
SOx,5,2,17,1.01495436480845,1.01478491772408,1.01512381189282
SOx,5,3,17,1.01495517638143,1.01479241858151,1.01511793418136
SOx,5,4,17,1.01495598817628,1.01479538959427,1.01511658675829
SOx,5,5,17,1.01495680021247,1.01479402474032,1.01511957568461
SOx,5,6,17,1.01495761248557,1.01478812860195,1.01512709636919
SOx,5,7,17,1.01495842494069,1.01477727972017,1.0151395701612
SOx,5,1,18,0.98502672461849,0.984822581886165,0.985230867350814
SOx,5,2,18,0.985025912156737,0.984832017051206,0.985219807262268
SOx,5,3,18,0.985025099513389,0.984837019575144,0.985213179451634
SOx,5,4,18,0.985024286647878,0.984838069487606,0.985210503808149
SOx,5,5,18,0.985023473540712,0.984835373180772,0.985211573900651
SOx,5,6,18,0.985022660196315,0.984828722982095,0.985216597410535
SOx,5,7,18,0.98502184666967,0.984817637432337,0.985226055907002
SOx,5,1,19,0.958720867675777,0.958544859450731,0.958896875900824
SOx,5,2,19,0.958718627837441,0.958554619327409,0.958882636347474
SOx,5,3,19,0.958716387498476,0.958559300320281,0.95887347467667
SOx,5,4,19,0.958714146547037,0.958559298273715,0.958868994820358
SOx,5,5,19,0.958711904929392,0.958554800694693,0.958869009164091
SOx,5,6,19,0.958709662657737,0.958545618529562,0.958873706785911
SOx,5,7,19,0.958707419883649,0.95853135431917,0.958883485448128
SOx,5,1,20,0.93298876832663,0.932793430843122,0.933184105810139
SOx,5,2,20,0.932985132244252,0.932800531573847,0.933169732914657
SOx,5,3,20,0.932981495349167,0.932803013482045,0.93315997721629
SOx,5,4,20,0.932977857459813,0.932801340711224,0.933154374208401
SOx,5,5,20,0.93297421848896,0.932795717242301,0.93315271973562
SOx,5,6,20,0.932970578456409,0.932785937695811,0.933155219217007
SOx,5,7,20,0.932966937608225,0.932771536488256,0.933162338728193
SOx,5,1,21,0.904099773251912,0.903907118398622,0.904292428105201
SOx,5,2,21,0.904094569629835,0.903912810298328,0.904276328961341
SOx,5,3,21,0.904089364844688,0.90391382365015,0.904264906039225
SOx,5,4,21,0.904084158636635,0.903910616181901,0.904257701091369
SOx,5,5,21,0.904078950880843,0.903903390626066,0.904254511135619
SOx,5,6,21,0.904073741605646,0.903891942801007,0.904255540410286
SOx,5,7,21,0.904068531163192,0.903875813547381,0.904261248779003
SOx,5,1,22,0.878648084055215,0.878484673562552,0.878811494547878
SOx,5,2,22,0.878641499404371,0.878491091887436,0.878791906921307
SOx,5,3,22,0.878634913281783,0.878492086298439,0.878777740265127
SOx,5,4,22,0.878628325358652,0.878487966215569,0.878768684501735
SOx,5,5,22,0.878621735477016,0.878478892985538,0.878764577968495
SOx,5,6,22,0.87861514367273,0.878464703491414,0.878765583854045
SOx,5,7,22,0.878608550391397,0.878445086663353,0.878772014119441
SOx,5,1,23,0.87215862578265,0.871982929065176,0.872334322500124
SOx,5,2,23,0.872151689008673,0.871988014879011,0.872315363138335
SOx,5,3,23,0.872144750684247,0.871988012689436,0.872301488679058
SOx,5,4,23,0.872137810462993,0.87198331647179,0.872292304454197
SOx,5,5,23,0.8721308681785,0.871974113165099,0.872287623191901
SOx,5,6,23,0.87212392386854,0.871960214193355,0.872287633543726
SOx,5,7,23,0.872116978002548,0.871941224047123,0.872292731957973
SOx,6,1,0,0.672078775371875,0.669947831290844,0.674209719452906
SOx,6,2,0,0.671623438094224,0.6696296852636,0.673617190924848
SOx,6,3,0,0.671166840580623,0.669258145159132,0.673075536002114
SOx,6,4,0,0.670708978615977,0.668827608458622,0.672590348773333
SOx,6,5,0,0.670249842765863,0.668335824676994,0.672163860854732
SOx,6,6,0,0.66978942293328,0.667784534798427,0.671794311068133
SOx,6,7,0,0.669327712795602,0.667178891370645,0.67147653422056
SOx,6,1,1,0.49566232130183,0.493681415944264,0.497643226659395
SOx,6,2,1,0.494962019740393,0.493129971920054,0.496794067560732
SOx,6,3,1,0.494259779955914,0.492521175500742,0.495998384411085
SOx,6,4,1,0.493555595465644,0.491847540398672,0.495263650532616
SOx,6,5,1,0.492849451759586,0.491105998959774,0.494592904559398
SOx,6,6,1,0.492141333308715,0.490299053322418,0.493983613295012
SOx,6,7,1,0.491431230388931,0.489433706422422,0.493428754355439
SOx,6,1,2,0.330024953587905,0.327687020333504,0.332362886842306
SOx,6,2,2,0.32909465511737,0.326880466730048,0.331308843504693
SOx,6,3,2,0.328161781861869,0.326023259144452,0.330300304579286
SOx,6,4,2,0.327226325209554,0.325111542252372,0.329341108166737
SOx,6,5,2,0.326288265884975,0.32414377959423,0.328432752175719
SOx,6,6,2,0.325347583258977,0.323121028413318,0.327574138104636
SOx,6,7,2,0.324404264413817,0.322046717300358,0.326761811527276
SOx,6,1,3,0.241035376341617,0.238664700662381,0.243406052020853
SOx,6,2,3,0.239981510779966,0.237732682210005,0.242230339349926
SOx,6,3,3,0.23892472843699,0.236750260831655,0.241099196042325
SOx,6,4,3,0.237865019556973,0.235713794572764,0.240016244541182
SOx,6,5,3,0.236802362304197,0.234621830888126,0.238982893720267
SOx,6,6,3,0.235736733309437,0.233475344812338,0.237998121806536
SOx,6,7,3,0.234668117939148,0.232277553711529,0.237058682166766
SOx,6,1,4,0.273623368654242,0.271488603959793,0.275758133348692
SOx,6,2,4,0.272614753374028,0.270616906216313,0.274612600531743
SOx,6,3,4,0.271603346551591,0.269690362858971,0.273516330244212
SOx,6,4,4,0.2705891388501,0.268703406171578,0.272474871528622
SOx,6,5,4,0.269572109371406,0.267653791052956,0.271490427689855
SOx,6,6,4,0.268552235749699,0.266543230420538,0.27056124107886
SOx,6,7,4,0.26752950397976,0.265376829888726,0.269682178070793
SOx,6,1,5,0.448511111602935,0.446033020932062,0.450989202273808
SOx,6,2,5,0.447745337904138,0.445383239781082,0.450107436027194
SOx,6,3,5,0.446977444775212,0.444685711718286,0.449269177832138
SOx,6,4,5,0.446207425127329,0.443937412031587,0.448477438223071
SOx,6,5,5,0.445435263093932,0.443137139214958,0.447733386972905
SOx,6,6,5,0.444660941694166,0.442285651022458,0.447036232365875
SOx,6,7,5,0.443884450294811,0.441385569928142,0.446383330661481
SOx,6,1,6,0.765755181408063,0.763558425618981,0.767951937197145
SOx,6,2,6,0.765429919149963,0.763365783694584,0.767494054605341
SOx,6,3,6,0.765103756664249,0.763121455516036,0.767086057812462
SOx,6,4,6,0.764776690939943,0.762820482512694,0.766732899367191
SOx,6,5,6,0.764448715237726,0.762460886162146,0.766436544313305
SOx,6,6,6,0.764119822344984,0.762044158491545,0.766195486198423
SOx,6,7,6,0.763790007745258,0.761574822491455,0.76600519299906
SOx,6,1,7,1.1173191601931,1.11502682896744,1.11961149141875
SOx,6,2,7,1.11748206452196,1.11531621735112,1.1196479116928
SOx,6,3,7,1.11764541972077,1.11555713000645,1.11973370943509
SOx,6,4,7,1.11780922729753,1.11574539838378,1.11987305621129
SOx,6,5,7,1.11797349062758,1.11587937742177,1.12006760383339
SOx,6,6,7,1.11813821332327,1.11596026968451,1.12031615696203
SOx,6,7,7,1.11830339764663,1.11599183513561,1.12061496015764
SOx,6,1,8,1.35904358132015,1.35661678143653,1.36147038120376
SOx,6,2,8,1.35954213376079,1.35723405388661,1.36185021363497
SOx,6,3,8,1.36004206604389,1.35780620747987,1.36227792460791
SOx,6,4,8,1.36054338278459,1.35832995160277,1.36275681396641
SOx,6,5,8,1.36104609431271,1.35880400074058,1.36328818788485
SOx,6,6,8,1.36155021168355,1.35922924095791,1.36387118240919
SOx,6,7,8,1.36205574181979,1.35960858253935,1.36450290110024
SOx,6,1,9,1.43402103824214,1.43189388075684,1.43614819572743
SOx,6,2,9,1.4346237011476,1.43263400724352,1.43661339505168
SOx,6,3,9,1.43522803204182,1.43332358863247,1.43713247545116
SOx,6,4,9,1.43583403650369,1.43395699229161,1.43771108071576
SOx,6,5,9,1.43644172702017,1.43453197280078,1.43835148123956
SOx,6,6,9,1.43705111695518,1.43505031041638,1.43905192349399
SOx,6,7,9,1.43766221467705,1.4355172116151,1.439807217739
SOx,6,1,10,1.42064329718306,1.41818363504792,1.42310295931819
SOx,6,2,10,1.42122738433392,1.41888468095781,1.42357008771003
SOx,6,3,10,1.42181308806147,1.41954140629745,1.42408476982549
SOx,6,4,10,1.42240041377264,1.42015070221393,1.42465012533135
SOx,6,5,10,1.42298937356951,1.42071135689931,1.42526739023972
SOx,6,6,10,1.42357998040408,1.42122419280088,1.42593576800729
SOx,6,7,10,1.42417224238675,1.42169194516019,1.42665253961331
SOx,6,1,11,1.40149740288987,1.39925336279266,1.40374144298709
SOx,6,2,11,1.4020549048772,1.39994037923718,1.40416943051722
SOx,6,3,11,1.40261394986151,1.40057908688882,1.4046488128342
SOx,6,4,11,1.40317454300364,1.40116494371576,1.40518414229152
SOx,6,5,11,1.40373669585484,1.4016961583787,1.40577723333099
SOx,6,6,11,1.40430042077759,1.40217408530541,1.40642675624978
SOx,6,7,11,1.40486572551313,1.40260285926418,1.40712859176208
SOx,6,1,12,1.40005753531005,1.39781349521283,1.40230157540726
SOx,6,2,12,1.40061303795932,1.39849851231929,1.40272756359934
SOx,6,3,12,1.401170078072,1.39913521509931,1.4032049410447
SOx,6,4,12,1.40172866079045,1.39971906150257,1.40373826007833
SOx,6,5,12,1.40228879762446,1.40024826014832,1.40432933510061
SOx,6,6,12,1.40285050089219,1.40072416542001,1.40497683636437
SOx,6,7,12,1.40341377830711,1.40115091205816,1.40567664455606
SOx,6,1,13,1.41157616975208,1.40911650761695,1.41403583188722
SOx,6,2,13,1.41214766668063,1.40980496330452,1.41449037005674
SOx,6,3,13,1.41272074533993,1.41044906357591,1.41499242710396
SOx,6,4,13,1.41329541102038,1.41104569946167,1.41554512257909
SOx,6,5,13,1.41387167556318,1.41159365889298,1.41614969223338
SOx,6,6,13,1.41444955164116,1.41209376403795,1.41680533924436
SOx,6,7,13,1.41502904718987,1.41254874996331,1.41750934441643
SOx,6,1,14,1.42586797903771,1.42374082155241,1.42799513652301
SOx,6,2,14,1.42645932095659,1.42446962705251,1.42844901486067
SOx,6,3,14,1.42705229953116,1.42514785612181,1.42895674294051
SOx,6,4,14,1.42764692023552,1.42576987602344,1.42952396444759
SOx,6,5,14,1.42824319532205,1.42633344110267,1.43015294954144
SOx,6,6,14,1.42884113790364,1.42684033136483,1.43084194444245
SOx,6,7,14,1.42944075619141,1.42729575312945,1.43158575925336
SOx,6,1,15,1.42170862824768,1.41928182836406,1.42413542813129
SOx,6,2,15,1.42229419467134,1.41998611479716,1.42460227454552
SOx,6,3,15,1.42288138176586,1.42064552320184,1.42511724032988
SOx,6,4,15,1.42347019495188,1.42125676377006,1.4256836261337
SOx,6,5,15,1.42406064636213,1.42181855278999,1.42630273993426
SOx,6,6,15,1.4246527489814,1.42233177825576,1.42697371970704
SOx,6,7,15,1.42524651094063,1.42279935166018,1.42769367022107
SOx,6,1,16,1.37852226495011,1.37622993372446,1.38081459617576
SOx,6,2,16,1.37904786465122,1.37688201748038,1.38121371182206
SOx,6,3,16,1.37957491905344,1.37748662933912,1.38166320876776
SOx,6,4,16,1.38010343302227,1.37803960410851,1.38216726193602
SOx,6,5,16,1.38063341744795,1.37853930424215,1.38272753065376
SOx,6,6,16,1.38116488398555,1.37898694034679,1.38334282762431
SOx,6,7,16,1.38169783993331,1.3793862774223,1.38400940244433
SOx,6,1,17,1.29943047950991,1.29723372372083,1.301627235299
SOx,6,2,17,1.29984625576697,1.29778212031159,1.30191039122235
SOx,6,3,17,1.30026318276703,1.29828088161882,1.30224548391525
SOx,6,4,17,1.30068126435897,1.29872505593172,1.30263747278622
SOx,6,5,17,1.30110050915752,1.29911268008194,1.3030883382331
SOx,6,6,17,1.30152092638243,1.29944526252899,1.30359659023587
SOx,6,7,17,1.30194252180699,1.29972733655319,1.30415770706079
SOx,6,1,18,1.20283976655125,1.20036167588038,1.20531785722213
SOx,6,2,18,1.20312142110779,1.20075932298473,1.20548351923084
SOx,6,3,18,1.203403855199,1.20111212214207,1.20569558825593
SOx,6,4,18,1.20368707143219,1.20141705833645,1.20595708452793
SOx,6,5,18,1.20397107564313,1.20167295176416,1.20626919952211
SOx,6,6,18,1.20425587407746,1.20188058340575,1.20663116474917
SOx,6,7,18,1.20454147064611,1.20204259027944,1.20704035101278
SOx,6,1,19,1.10365799314526,1.10152322845081,1.10579275783971
SOx,6,2,19,1.10380192816642,1.10180408100871,1.10579977532414
SOx,6,3,19,1.10394626155621,1.10203327786359,1.10585924524883
SOx,6,4,19,1.10409099464705,1.10220526196853,1.10597672732558
SOx,6,5,19,1.10423613042123,1.10231781210278,1.10615444873968
SOx,6,6,19,1.10438167207046,1.10237266674129,1.10639067739962
SOx,6,7,19,1.10452762159337,1.10237494750233,1.1066802956844
SOx,6,1,20,1.00599623714182,1.00362556146259,1.00836691282106
SOx,6,2,20,1.00600456325825,1.00375573468829,1.00825339182821
SOx,6,3,20,1.00601291241886,1.00383844481352,1.00818738002419
SOx,6,4,20,1.00602128470071,1.0038700597165,1.00817250968492
SOx,6,5,20,1.00602968027633,1.00384914886026,1.0082102116924
SOx,6,6,20,1.00603809933034,1.00377671083324,1.00829948782744
SOx,6,7,20,1.00604654197835,1.00365597775073,1.00843710620597
SOx,6,1,21,0.911297745204015,0.908959811949614,0.913635678458416
SOx,6,2,21,0.911174577076468,0.908960388689146,0.913388765463791
SOx,6,3,21,0.911051068056774,0.908912545339357,0.913189590774191
SOx,6,4,21,0.910927217004756,0.908812434047573,0.913041999961938
SOx,6,5,21,0.910803021368413,0.908658535077669,0.912947507659158
SOx,6,6,21,0.910678478416522,0.908451923570863,0.912905033262182
SOx,6,7,21,0.910553586438821,0.908196039325362,0.91291113355228
SOx,6,1,22,0.807750857681453,0.805769952323888,0.809731763039019
SOx,6,2,22,0.807483908809225,0.805651860988886,0.809315956629564
SOx,6,3,22,0.807216221103209,0.805477616648038,0.808954825558381
SOx,6,4,22,0.806947792092238,0.805239737025266,0.80865584715921
SOx,6,5,22,0.806678616245227,0.804935163445415,0.808422069045039
SOx,6,6,22,0.806408687642646,0.804566407656349,0.808250967628943
SOx,6,7,22,0.806138002577753,0.804140478611244,0.808135526544262
SOx,6,1,23,0.672078775371876,0.669947831290845,0.674209719452907
SOx,6,2,23,0.671623438094225,0.6696296852636,0.673617190924849
SOx,6,3,23,0.671166840580623,0.669258145159132,0.673075536002114
SOx,6,4,23,0.670708978615978,0.668827608458622,0.672590348773334
SOx,6,5,23,0.670249842765863,0.668335824676994,0.672163860854733
SOx,6,6,23,0.669789422933281,0.667784534798427,0.671794311068134
SOx,6,7,23,0.669327712795603,0.667178891370646,0.67147653422056
SOx,7,1,0,0.240662724502583,0.238761184435839,0.242564264569328
SOx,7,2,0,0.240898147145323,0.239123690392777,0.242672603897868
SOx,7,3,0,0.241133419364545,0.239436694344802,0.242830144384288
SOx,7,4,0,0.241368563735314,0.239698278894894,0.243038848575733
SOx,7,5,0,0.241603616470836,0.239907942749457,0.243299290192215
SOx,7,6,0,0.241838591868209,0.240066333474794,0.243610850261625
SOx,7,7,0,0.242073465660638,0.240175458386135,0.24397147293514
SOx,7,1,1,0.158787997991532,0.157020070466518,0.160555925516547
SOx,7,2,1,0.159048804827977,0.157418248529672,0.160679361126282
SOx,7,3,1,0.15930944502165,0.15776374241554,0.160855147627761
SOx,7,4,1,0.159569943581747,0.158053211693244,0.161086675470251
SOx,7,5,1,0.159830340626126,0.15828559574422,0.161375085508032
SOx,7,6,1,0.160090651993454,0.15846211577725,0.161719188209657
SOx,7,7,1,0.160350850800391,0.158586207834431,0.162115493766351
SOx,7,1,2,0.108739236717163,0.106653345269704,0.110825128164621
SOx,7,2,2,0.109015560520869,0.107044943984552,0.110986177057187
SOx,7,3,2,0.109291707767225,0.107390904449426,0.111192511085024
SOx,7,4,2,0.10956770495337,0.107690586419369,0.111444823487371
SOx,7,5,2,0.109843594584017,0.107943969012402,0.111743220155631
SOx,7,6,2,0.110119393440169,0.108151218283642,0.112087568596696
SOx,7,7,2,0.110395073039037,0.108313056882587,0.112477089195487
SOx,7,1,3,0.115971369169155,0.113856319576249,0.118086418762061
SOx,7,2,3,0.11624545074429,0.114244014949425,0.118246886539155
SOx,7,3,3,0.116519357194748,0.114586640689243,0.118452073700254
SOx,7,4,3,0.116793114802659,0.114883707035038,0.118702522570281
SOx,7,5,3,0.11706676572783,0.115135246742062,0.118998284713599
SOx,7,6,3,0.117340326615097,0.115341370381735,0.119339282848458
SOx,7,7,3,0.117613769212791,0.1155026490826,0.119724889342982
SOx,7,1,4,0.215281069726141,0.213376139415191,0.21718600003709
SOx,7,2,4,0.215524361620709,0.213746274550269,0.21730244869115
SOx,7,3,4,0.215767498063696,0.214066979124404,0.217468017002988
SOx,7,4,4,0.216010502384758,0.2143363660904,0.217684638679116
SOx,7,5,4,0.216253412007568,0.214553946717369,0.217952877297768
SOx,7,6,4,0.216496241707121,0.21472035749338,0.218272125920861
SOx,7,7,4,0.216738966405474,0.21483757518536,0.218640357625588
SOx,7,1,5,0.452265052836199,0.45005431443415,0.454475791238249
SOx,7,2,5,0.452434870930138,0.450332629717602,0.454537112142675
SOx,7,3,5,0.452604580518648,0.450567717837533,0.454641443199763
SOx,7,4,5,0.452774197885864,0.450759502288709,0.45478889348302
SOx,7,5,5,0.452943749153563,0.450908148521619,0.454979349785508
SOx,7,6,5,0.453113244634713,0.45101360787064,0.455212881398786
SOx,7,7,5,0.453282666824874,0.4510760356618,0.455489297987948
SOx,7,1,6,0.84628089205535,0.844320752076377,0.848241032034324
SOx,7,2,6,0.846328550664772,0.844491474024821,0.848165627304723
SOx,7,3,6,0.84637617882268,0.844614109175139,0.848138248470222
SOx,7,4,6,0.846423781099138,0.844687196792619,0.848160365405657
SOx,7,5,6,0.846471364825092,0.844710386963736,0.848232342686448
SOx,7,6,6,0.846518932894827,0.844684132193243,0.848353733596411
SOx,7,7,6,0.846566480395808,0.844609982079417,0.848522978712199
SOx,7,1,7,1.26649330682398,1.26444803736842,1.26853857627954
SOx,7,2,7,1.26641068404147,1.26448309031076,1.26833827777217
SOx,7,3,7,1.26632811405086,1.26447192299015,1.26818430511158
SOx,7,4,7,1.26624558892933,1.26441363100229,1.26807754685636
SOx,7,5,7,1.26616309596765,1.26430805501116,1.26801813692414
SOx,7,6,7,1.26608063014819,1.2641554244967,1.26800583579969
SOx,7,7,7,1.26599819998751,1.26395673035305,1.26803966962197
SOx,7,1,8,1.5318388168063,1.52967376843151,1.53400386518108
SOx,7,2,8,1.53167392710076,1.52961975762123,1.53372809658028
SOx,7,3,8,1.53150914275165,1.52952190156067,1.53349638394262
SOx,7,4,8,1.53134444794742,1.52937990218634,1.53330899370851
SOx,7,5,8,1.5311798173244,1.5291938074369,1.5331658272119
SOx,7,6,8,1.53101524086892,1.5289636162822,1.53306686545563
SOx,7,7,8,1.5308507355774,1.52868970955599,1.53301176159882
SOx,7,1,9,1.58032801760829,1.57842986258925,1.58222617262734
SOx,7,2,9,1.58014809445692,1.5783772634114,1.58191892550245
SOx,7,3,9,1.57996828626762,1.57827535106967,1.58166122146556
SOx,7,4,9,1.57978857578725,1.57812213850975,1.58145501306475
SOx,7,5,9,1.57960893533967,1.5779170490919,1.58130082158743
SOx,7,6,9,1.57942935399822,1.57766071681997,1.58119799117647
SOx,7,7,9,1.57924985030895,1.57735522179321,1.58114447882469
SOx,7,1,10,1.53461757871458,1.53242325570814,1.53681190172103
SOx,7,2,10,1.53445182749007,1.53236684496709,1.53653681001304
SOx,7,3,10,1.53428618217245,1.53226712586424,1.53630523848066
SOx,7,4,10,1.53412062686757,1.53212392411213,1.53611732962301
SOx,7,5,10,1.53395513607923,1.53193733078729,1.53597294137118
SOx,7,6,10,1.53378969974145,1.5317073002853,1.53587209919761
SOx,7,7,10,1.53362433493945,1.5314340886745,1.53581458120441
SOx,7,1,11,1.52066756028025,1.51866530422287,1.52266981633763
SOx,7,2,11,1.52050613407745,1.51862421279829,1.52238805535661
SOx,7,3,11,1.52034481101807,1.51853606471232,1.52215355732382
SOx,7,4,11,1.52018357562269,1.51839967665316,1.52196747459223
SOx,7,5,11,1.52002240306039,1.51821477746189,1.52183002865889
SOx,7,6,11,1.51986128352784,1.51798169374469,1.52174087331099
SOx,7,7,11,1.51970023366446,1.51770169751537,1.52169876981355
SOx,7,1,12,1.56453041793884,1.56252816188146,1.56653267399622
SOx,7,2,12,1.56435539262771,1.56247347134855,1.56623731390687
SOx,7,3,12,1.56418047914916,1.56237173284341,1.56598922545491
SOx,7,4,12,1.56400566071974,1.5622217617502,1.56578955968927
SOx,7,5,12,1.56383091041667,1.56202328481817,1.56563853601517
SOx,7,6,12,1.56365621761077,1.56177662782762,1.56553580739392
SOx,7,7,12,1.56348160034321,1.56148306419412,1.5654801364923
SOx,7,1,13,1.64457418143241,1.64237985842596,1.64676850443885
SOx,7,2,13,1.64437433959383,1.64228935707085,1.64645932211681
SOx,7,3,13,1.64417462544438,1.64215556913617,1.6461936817526
SOx,7,4,13,1.64397501982091,1.64197831706547,1.64597172257634
SOx,7,5,13,1.6437754919833,1.64175768669135,1.64579329727525
SOx,7,6,13,1.64357602979528,1.64149363033912,1.64565842925143
SOx,7,7,13,1.64337665385605,1.6411864075911,1.645566900121
SOx,7,1,14,1.73217353889997,1.73027538388093,1.73407169391902
SOx,7,2,14,1.73194653802035,1.73017570697483,1.73371736906587
SOx,7,3,14,1.73171968218314,1.7300267469852,1.73341261738109
SOx,7,4,14,1.73149294962088,1.72982651234338,1.73315938689838
SOx,7,5,14,1.73126630541579,1.72957441916802,1.73295819166356
SOx,7,6,14,1.73103973578225,1.729271098604,1.73280837296049
SOx,7,7,14,1.73081326411893,1.72891863560319,1.73270789263467
SOx,7,1,15,1.78465344661723,1.78248839824244,1.78681849499201
SOx,7,2,15,1.78441017502501,1.78235600554549,1.78646434450454
SOx,7,3,15,1.78416705887141,1.78217981768044,1.78615430006239
SOx,7,4,15,1.78392407482871,1.78195952906762,1.78588862058979
SOx,7,5,15,1.78368118547635,1.78169517558885,1.78566719536385
SOx,7,6,15,1.78343837604059,1.78138675145387,1.7854900006273
SOx,7,7,15,1.78319567159726,1.78103464557585,1.78535669761867
SOx,7,1,16,1.7593871232002,1.75734185374465,1.76143239265576
SOx,7,2,16,1.75915168510283,1.75722409137213,1.76107927883354
SOx,7,3,16,1.75891639743885,1.75706020637814,1.76077258849957
SOx,7,4,16,1.75868123763172,1.75684927970468,1.76051319555876
SOx,7,5,16,1.75844616946585,1.75659112850936,1.76030121042234
SOx,7,6,16,1.7582111786432,1.75628597299171,1.7601363842947
SOx,7,7,16,1.75797628943218,1.75593481979772,1.76001775906663
SOx,7,1,17,1.63487475091757,1.63291461093859,1.63683489089654
SOx,7,2,17,1.63467791626123,1.63284083962127,1.63651499290118
SOx,7,3,17,1.63448120737257,1.63271913772503,1.63624327702011
SOx,7,4,17,1.63428460537681,1.63254802107029,1.63602118968333
SOx,7,5,17,1.63408807999641,1.63232710213505,1.63584905785777
SOx,7,6,17,1.63389161927771,1.63205681857613,1.63572641997929
SOx,7,7,17,1.63369524350995,1.63173874519356,1.63565174182634
SOx,7,1,18,1.4032700433714,1.40105930496935,1.40548078177345
SOx,7,2,18,1.40314501474129,1.40104277352875,1.40524725595382
SOx,7,3,18,1.40302006599833,1.40098320331722,1.40505692867945
SOx,7,4,18,1.40289518515334,1.40088048955619,1.4049098807505
SOx,7,5,18,1.40277035297414,1.4007347523422,1.40480595360609
SOx,7,6,18,1.40264556186781,1.40054592510374,1.40474519863188
SOx,7,7,18,1.40252082472199,1.40031419355892,1.40472745588506
SOx,7,1,19,1.0800931597062,1.07818822939525,1.08199809001715
SOx,7,2,19,1.0800683278641,1.07829024079366,1.08184641493454
SOx,7,3,19,1.08004351188833,1.07834299294904,1.08174403082762
SOx,7,4,19,1.08001870939773,1.07834457310337,1.08169284569208
SOx,7,5,19,1.0799939165726,1.0782944512824,1.0816933818628
SOx,7,6,19,1.07996913190492,1.07819324769118,1.08174501611866
SOx,7,7,19,1.0799443579543,1.07804296673418,1.08184574917441
SOx,7,1,20,0.747424519804952,0.745309470212046,0.749539569397858
SOx,7,2,20,0.747502827546396,0.745501391751531,0.749504263341261
SOx,7,3,20,0.747581085253036,0.745648368747531,0.749513801758542
SOx,7,4,20,0.74765930043393,0.745749892666308,0.749568708201551
SOx,7,5,20,0.747737485134538,0.74580596614877,0.749669004120306
SOx,7,6,20,0.747815644110451,0.74581668787709,0.749814600343813
SOx,7,7,20,0.747893769289897,0.745782649159706,0.750004889420088
SOx,7,1,21,0.495216681119464,0.493130789672006,0.497302572566923
SOx,7,2,21,0.495373182619886,0.493402566083569,0.497343799156204
SOx,7,3,21,0.495529584123529,0.49362878080573,0.497430387441328
SOx,7,4,21,0.495685900637577,0.493808782103576,0.497563019171578
SOx,7,5,21,0.495842156235422,0.493942530663807,0.497741781807037
SOx,7,6,21,0.49599836042132,0.494030185264793,0.497966535577848
SOx,7,7,21,0.496154497063476,0.494072480907026,0.498236513219927
SOx,7,1,22,0.341205789257654,0.339437861732639,0.342973716782669
SOx,7,2,22,0.341410039831304,0.339779483532999,0.343040596129609
SOx,7,3,22,0.34161415989886,0.340068457292749,0.343159862504971
SOx,7,4,22,0.341818169046243,0.34030143715774,0.343334900934747
SOx,7,5,22,0.342022098691709,0.340477353809803,0.343566843573615
SOx,7,6,22,0.342225961239291,0.340597425023087,0.343854497455495
SOx,7,7,22,0.342429735635333,0.340665092669373,0.344194378601293
SOx,7,1,23,0.240662724502583,0.238761184435839,0.242564264569328
SOx,7,2,23,0.240898147145322,0.239123690392776,0.242672603897868
SOx,7,3,23,0.241133419364545,0.239436694344802,0.242830144384288
SOx,7,4,23,0.241368563735313,0.239698278894894,0.243038848575733
SOx,7,5,23,0.241603616470835,0.239907942749456,0.243299290192214
SOx,7,6,23,0.241838591868209,0.240066333474794,0.243610850261625
SOx,7,7,23,0.242073465660637,0.240175458386135,0.24397147293514
SOx,8,1,0,0.824784441764601,0.823344947292531,0.826223936236672
SOx,8,2,0,0.831713524823506,0.830356422755419,0.833070626891593
SOx,8,3,0,0.834925778348955,0.833657972132499,0.836193584565412
SOx,8,4,0,0.835534620880863,0.834310053195313,0.836759188566413
SOx,8,5,0,0.835338709272123,0.834074074455696,0.83660334408855
SOx,8,6,0,0.832939634437525,0.831592420008306,0.834286848866745
SOx,8,7,0,0.826025395340693,0.824596096001011,0.827454694680374
SOx,8,1,1,0.774328461383329,0.772962051901355,0.775694870865304
SOx,8,2,1,0.783252879116855,0.781967361622423,0.784538396611288
SOx,8,3,1,0.787390149818245,0.786196284386063,0.788584015250428
SOx,8,4,1,0.788174317801583,0.787025889188228,0.789322746414939
SOx,8,5,1,0.78792199047048,0.78673111147646,0.789112869464501
SOx,8,6,1,0.784832065610881,0.783555914201021,0.786108217020741
SOx,8,7,1,0.775926766383688,0.774570034414088,0.777283498353288
SOx,8,1,2,0.715641423386553,0.714098823101463,0.717184023671643
SOx,8,2,2,0.726886681602831,0.725428820282824,0.728344542922839
SOx,8,3,2,0.732099870713533,0.730728651712321,0.733471089714745
SOx,8,4,2,0.733087965592199,0.731757377174221,0.734418554010178
SOx,8,5,2,0.732770019247911,0.731402230332404,0.734137808163417
SOx,8,6,2,0.728876543622654,0.727429304058069,0.730323783187238
SOx,8,7,2,0.717655375778078,0.716123700866052,0.719187050690105
SOx,8,1,3,0.697539020042283,0.695979898296328,0.699098141788238
SOx,8,2,3,0.709500156788993,0.708026171824308,0.710974141753677
SOx,8,3,3,0.715045220018336,0.71365751465974,0.716432925376932
SOx,8,4,3,0.716096217490795,0.714748769811513,0.717443665170077
SOx,8,5,3,0.715758030529766,0.714373796497274,0.717142264562257
SOx,8,6,3,0.711616694379186,0.710153448644342,0.713079940114029
SOx,8,7,3,0.699681181608794,0.698133102248148,0.701229260969439
SOx,8,1,4,0.743641856517043,0.742200482402092,0.745083230631994
SOx,8,2,4,0.753779808231545,0.752420867021717,0.755138749441373
SOx,8,3,4,0.758479661135443,0.757209960810697,0.759749361460189
SOx,8,4,4,0.759370459548125,0.758143945406401,0.76059697368985
SOx,8,5,4,0.759083820982411,0.75781729679578,0.760350345169042
SOx,8,6,4,0.755573731028825,0.754224690857571,0.756922771200079
SOx,8,7,4,0.745457497537276,0.744026331867171,0.746888663207381
SOx,8,1,5,0.848442369272701,0.846828682405409,0.850056056139994
SOx,8,2,5,0.854435874770137,0.852908676578572,0.855963072961703
SOx,8,3,5,0.857214403905994,0.855772394828343,0.858656412983645
SOx,8,4,5,0.85774103939745,0.856338132472571,0.859143946322329
SOx,8,5,5,0.85757158013509,0.856133178223559,0.859009982046621
SOx,8,6,5,0.855496432804961,0.853980361546699,0.857012504063224
SOx,8,7,5,0.849515767010488,0.847913508982671,0.851118025038305
SOx,8,1,6,0.998435031162861,0.996963021084748,0.999907041240974
SOx,8,2,6,0.998496919497244,0.997108014959756,0.999885824034731
SOx,8,3,6,0.998525610309378,0.997225087218895,0.999826133399861
SOx,8,4,6,0.998531048294445,0.997272884939425,0.999789211649465
SOx,8,5,6,0.998529298475162,0.997232028625523,0.9998265683248
SOx,8,6,6,0.998507870712742,0.997129085522068,0.999886655903415
SOx,8,7,6,0.998446114959839,0.996984530303925,0.999907699615753
SOx,8,1,7,1.14443944029006,1.14291975972658,1.14595912085354
SOx,8,2,7,1.13872743110074,1.13729194705448,1.14016291514701
SOx,8,3,7,1.13607940083472,1.13473108911595,1.13742771255349
SOx,8,4,7,1.135577499774,1.13427035511015,1.13688464443785
SOx,8,5,7,1.13573900006197,1.13439406112665,1.13708393899729
SOx,8,6,7,1.13771668417754,1.1362916588493,1.13914170950579
SOx,8,7,7,1.1434164567048,1.14190753918684,1.14492537422276
SOx,8,1,8,1.22554943980672,1.22396187510711,1.22713700450633
SOx,8,2,8,1.21662985059872,1.21512812030459,1.21813158089285
SOx,8,3,8,1.21249481835342,1.21107877931852,1.21391085738832
SOx,8,4,8,1.21171107464147,1.21033467690975,1.21308747237319
SOx,8,5,8,1.21196326545174,1.21055076861925,1.21337576228423
SOx,8,6,8,1.21505151851812,1.21356072960207,1.21654230743417
SOx,8,7,8,1.22395199956379,1.22237567869498,1.22552832043259
SOx,8,1,9,1.22143044854583,1.21999281770521,1.22286807938645
SOx,8,2,9,1.21267374916824,1.21131847066528,1.2140290276712
SOx,8,3,9,1.2086142310173,1.20734830312677,1.20988015890783
SOx,8,4,9,1.2078448000587,1.20662216279451,1.2090674373229
SOx,8,5,9,1.20809238535213,1.20682962416303,1.20935514654124
SOx,8,6,9,1.21112424063981,1.2097788364895,1.21246964479012
SOx,8,7,9,1.21986218080896,1.21843473190167,1.22128962971625
SOx,8,1,10,1.17465312818829,1.17304884060737,1.17625741576921
SOx,8,2,10,1.16774628701561,1.16622825123785,1.16926432279337
SOx,8,3,10,1.16454434460591,1.16311167454769,1.16597701466413
SOx,8,4,10,1.1639374564172,1.16254407964569,1.1653308331887
SOx,8,5,10,1.16413273916297,1.16270365290944,1.1655618254165
SOx,8,6,10,1.16652411313022,1.16501713752981,1.16803108873063
SOx,8,7,10,1.17341615798893,1.17182323267761,1.17500908330026
SOx,8,1,11,1.13046676977836,1.12897123935064,1.13196230020608
SOx,8,2,11,1.12530732450235,1.12389543140359,1.12671921760111
SOx,8,3,11,1.12291545733373,1.1215913304276,1.12423958423987
SOx,8,4,11,1.12246210878842,1.1211797396401,1.12374447793675
SOx,8,5,11,1.12260798598684,1.12128717136617,1.12392880060751
SOx,8,6,11,1.12439435443082,1.12299274817003,1.12579596069162
SOx,8,7,11,1.1295427467855,1.12805780836143,1.13102768520957
SOx,8,1,12,1.11241940356016,1.11092387313244,1.11391493398788
SOx,8,2,12,1.10797366031369,1.10656176721493,1.10938555341246
SOx,8,3,12,1.1059126582597,1.10458853135356,1.10723678516584
SOx,8,4,12,1.10552202106407,1.10423965191575,1.1068043902124
SOx,8,5,12,1.10564771918373,1.10432690456306,1.1069685338044
SOx,8,6,12,1.10718698067808,1.10578537441728,1.10858858693887
SOx,8,7,12,1.11162319994517,1.1101382615211,1.11310813836924
SOx,8,1,13,1.13360096429309,1.13199667671217,1.13520525187402
SOx,8,2,13,1.1283175740071,1.12679953822933,1.12983560978486
SOx,8,3,13,1.1258682471729,1.12443557711468,1.12730091723112
SOx,8,4,13,1.12540400786571,1.1240106310942,1.12679738463721
SOx,8,5,13,1.12555338946234,1.12412430320881,1.12698247571587
SOx,8,6,13,1.12738267171639,1.12587569611598,1.1288896473168
SOx,8,7,13,1.13265474355746,1.13106181824613,1.13424766886878
SOx,8,1,14,1.18927926928224,1.18784163844162,1.19071690012286
SOx,8,2,14,1.18179402201656,1.1804387435136,1.18314930051952
SOx,8,3,14,1.17832393633371,1.17705800844318,1.17958986422423
SOx,8,4,14,1.17766622493691,1.17644358767272,1.1788888622011
SOx,8,5,14,1.17787786142924,1.17661510024013,1.17914062261834
SOx,8,6,14,1.1804694984746,1.17912409432429,1.18181490262491
SOx,8,7,14,1.18793871032468,1.18651126141739,1.18936615923197
SOx,8,1,15,1.23748284571782,1.2358952810182,1.23907041041743
SOx,8,2,15,1.22809133745442,1.22658960716029,1.22959306774855
SOx,8,3,15,1.22373752826034,1.22232148922544,1.22515356729524
SOx,8,4,15,1.22291231811047,1.22153592037874,1.22428871584219
SOx,8,5,15,1.22317785187254,1.22176535504005,1.22459034870503
SOx,8,6,15,1.22642949872713,1.22493870981108,1.22792028764317
SOx,8,7,15,1.23580088785048,1.23422456698167,1.23737720871929
SOx,8,1,16,1.23481165670902,1.23329197614554,1.2363313372725
SOx,8,2,16,1.22552578341716,1.2240902993709,1.22696126746343
SOx,8,3,16,1.22122094553817,1.2198726338194,1.22256925725695
SOx,8,4,16,1.22040501728938,1.21909787262553,1.22171216195323
SOx,8,5,16,1.22066756434787,1.21932262541255,1.2220125032832
SOx,8,6,16,1.22388263692564,1.2224576115974,1.22530766225389
SOx,8,7,16,1.23314861737601,1.23163969985805,1.23465753489397
SOx,8,1,17,1.17576925932617,1.17429724924806,1.17724126940428
SOx,8,2,17,1.16881827957677,1.16742937503929,1.17020718411426
SOx,8,3,17,1.16559587496486,1.16429535187438,1.16689639805535
SOx,8,4,17,1.16498510842131,1.16372694506629,1.16624327177633
SOx,8,5,17,1.16518163913302,1.16388436928338,1.16647890898266
SOx,8,6,17,1.16758829531693,1.16620951012626,1.16896708050761
SOx,8,7,17,1.17452438419565,1.17306279953973,1.17598596885156
SOx,8,1,18,1.07931670275566,1.07770301588837,1.08093038962296
SOx,8,2,18,1.07618004053864,1.07465284234707,1.0777072387302
SOx,8,3,18,1.07472591534211,1.07328390626446,1.07616792441976
SOx,8,4,18,1.07445030407439,1.07304739714952,1.07585321099927
SOx,8,5,18,1.07453898947992,1.07310058756839,1.07597739139145
SOx,8,6,18,1.07562500437187,1.07410893311361,1.07714107563013
SOx,8,7,18,1.07875494701365,1.07715268898584,1.08035720504147
SOx,8,1,19,0.968368887867868,0.966927513752917,0.969810261982819
SOx,8,2,19,0.969619773379499,0.968260832169671,0.970978714589327
SOx,8,3,19,0.97019967137762,0.968929971052874,0.971469371702366
SOx,8,4,19,0.970309583799733,0.969083069658009,0.971536097941458
SOx,8,5,19,0.970274216494875,0.969007692308244,0.971540740681506
SOx,8,6,19,0.969841119081205,0.968492078909951,0.971190159252459
SOx,8,7,19,0.968592913303231,0.967161747633126,0.970024078973336
SOx,8,1,20,0.876041629028335,0.874482507282379,0.87760075077429
SOx,8,2,20,0.880943692845951,0.879469707881266,0.882417677810635
SOx,8,3,20,0.883216240547609,0.881828535189013,0.884603945906205
SOx,8,4,20,0.883646973578361,0.882299525899079,0.884994421257643
SOx,8,5,20,0.883508373535543,0.882124139503051,0.884892607568034
SOx,8,6,20,0.881811118957634,0.880347873222791,0.883274364692477
SOx,8,7,20,0.876919556680952,0.875371477320307,0.878467636041598
SOx,8,1,21,0.834855439844357,0.833312839559267,0.836398040129448
SOx,8,2,21,0.841386254719297,0.83992839339929,0.842844116039305
SOx,8,3,21,0.844413875102506,0.843042656101294,0.845785094103718
SOx,8,4,21,0.844987722728531,0.843657134310552,0.846318311146509
SOx,8,5,21,0.844803071680527,0.84343528276502,0.846170860596033
SOx,8,6,21,0.842541890297263,0.841094650732678,0.843989129861847
SOx,8,7,21,0.836025066186681,0.834493391274655,0.837556741098708
SOx,8,1,22,0.83391766971204,0.832551260230066,0.835284079194015
SOx,8,2,22,0.840485569690623,0.839200052196191,0.841771087185056
SOx,8,3,22,0.843530382356549,0.842336516924366,0.844724247788731
SOx,8,4,22,0.844107488565016,0.84295905995166,0.845255917178372
SOx,8,5,22,0.843921788979672,0.842730909985652,0.845112667973693
SOx,8,6,22,0.841647767522458,0.840371616112598,0.842923918932318
SOx,8,7,22,0.835093937754513,0.833737205784913,0.836450669724114
SOx,8,1,23,0.824784441764601,0.823344947292531,0.826223936236672
SOx,8,2,23,0.831713524823506,0.830356422755419,0.833070626891593
SOx,8,3,23,0.834925778348955,0.833657972132499,0.836193584565412
SOx,8,4,23,0.835534620880863,0.834310053195313,0.836759188566413
SOx,8,5,23,0.835338709272123,0.834074074455696,0.83660334408855
SOx,8,6,23,0.832939634437525,0.831592420008306,0.834286848866745
SOx,8,7,23,0.826025395340693,0.824596096001011,0.827454694680374
SOx,9,1,0,0.989313707574362,0.988954201982189,0.989673213166535
SOx,9,2,0,0.989314039646574,0.988978380478916,0.989649698814231
SOx,9,3,0,0.989314370868178,0.988993584792711,0.989635156943646
SOx,9,4,0,0.989314700510061,0.988998980238401,0.98963042078172
SOx,9,5,0,0.98931502832102,0.988994261982501,0.989635794659538
SOx,9,6,0,0.989315354667016,0.98897973680577,0.989650972528263
SOx,9,7,0,0.989315680272801,0.988956241045658,0.989675119499944
SOx,9,1,1,0.988757339106027,0.988422595030979,0.989092083181074
SOx,9,2,1,0.988757688467163,0.988448694178902,0.989066682755425
SOx,9,3,1,0.988758036933407,0.988465265409587,0.989050808457228
SOx,9,4,1,0.988758383737683,0.98847116986377,0.989045597611596
SOx,9,5,1,0.988758728615709,0.988465975105191,0.989051482126227
SOx,9,6,1,0.988759071952503,0.988450115689257,0.98906802821575
SOx,9,7,1,0.988759414510546,0.988424732229532,0.98909409679156
SOx,9,1,2,0.988821461214783,0.988427480362688,0.989215442066877
SOx,9,2,2,0.988821808583351,0.988449461831728,0.989194155334974
SOx,9,3,2,0.98882215506213,0.988463160462438,0.989181149661823
SOx,9,4,2,0.98882249988842,0.9884680268939,0.98917697288294
SOx,9,5,2,0.988822842799447,0.988463870287553,0.989181815311342
SOx,9,6,2,0.988823184178032,0.988450883247616,0.989195485108449
SOx,9,7,2,0.988823524782308,0.988429616659405,0.98921743290521
SOx,9,1,3,0.989998914531536,0.989599242984409,0.990398586078664
SOx,9,2,3,0.989999225311219,0.989620862711956,0.990377587910483
SOx,9,3,3,0.989999535294836,0.989634305236208,0.990364765353464
SOx,9,4,3,0.989999843800023,0.989639057577525,0.99036063002252
SOx,9,5,3,0.990000150591685,0.989634943004503,0.990365358178867
SOx,9,6,3,0.990000456012319,0.989622139974575,0.990378772050063
SOx,9,7,3,0.990000760740203,0.989601162972774,0.990400358507631
SOx,9,1,4,0.992489591479308,0.992128973224304,0.992850209734312
SOx,9,2,4,0.992489824862213,0.992152974328483,0.992826675395943
SOx,9,3,4,0.992490057647305,0.992168025254853,0.992812090039756
SOx,9,4,4,0.992490289322155,0.992173302893294,0.992807275751016
SOx,9,5,4,0.992490519710219,0.992168507131398,0.99281253228904
SOx,9,6,4,0.992490749068696,0.992153939987987,0.992827558149405
SOx,9,7,4,0.992490977906946,0.992130426222371,0.992851529591521
SOx,9,1,5,0.99615470556381,0.995737440786286,0.996571970341334
SOx,9,2,5,0.996154825054779,0.995757924673988,0.996551725435569
SOx,9,3,5,0.996154944239669,0.995770543718645,0.996539344760693
SOx,9,4,5,0.996155062856121,0.995774883192613,0.99653524251963
SOx,9,5,5,0.996155180813745,0.995770803943665,0.996539557683825
SOx,9,6,5,0.996155298244224,0.995758446706223,0.996552149782226
SOx,9,7,5,0.99615541540835,0.99573822765825,0.99657260315845
SOx,9,1,6,1.00068837876152,1.00031749984757,1.00105925767548
SOx,9,2,6,1.00068835737043,1.00034054498051,1.00103616976036
SOx,9,3,6,1.00068833603414,1.0003548550406,1.00102181702767
SOx,9,4,6,1.0006883147996,1.00035970462884,1.00101692497035
SOx,9,5,6,1.000688293683,1.0003548332075,1.00102175415851
SOx,9,6,6,1.00068827266078,1.00034050307284,1.00103604224871
SOx,9,7,6,1.00068825168623,1.00031744123683,1.00105906213564
SOx,9,1,7,1.00495530589628,1.00456873738999,1.00534187440256
SOx,9,2,7,1.00495515191215,1.00459065669785,1.00531964712646
SOx,9,3,7,1.00495499832246,1.0046041534293,1.00530584321562
SOx,9,4,7,1.00495484546529,1.00460862808097,1.00530106284962
SOx,9,5,7,1.00495469345714,1.00460387015036,1.00530551676393
SOx,9,6,7,1.0049545421283,1.00459009176899,1.00531899248761
SOx,9,7,7,1.0049543911427,1.00456789399728,1.00534088828812
SOx,9,1,8,1.00754840909007,1.0071396336786,1.00795718450154
SOx,9,2,8,1.00754817452632,1.00716020830285,1.00793614074978
SOx,9,3,8,1.0075479405634,1.00717277117028,1.00792310995651
SOx,9,4,8,1.00754770771634,1.00717686364922,1.00791855178345
SOx,9,5,8,1.00754747616257,1.00717232985244,1.00792262247271
SOx,9,6,8,1.00754724564361,1.00715932716349,1.00793516412373
SOx,9,7,8,1.0075470156475,1.00713831569631,1.00795571559869
SOx,9,1,9,1.00805468019369,1.00769530383957,1.0084140565478
SOx,9,2,9,1.00805442989776,1.00771890914475,1.00838995065077
SOx,9,3,9,1.00805418024297,1.00773353899353,1.0083748214924
SOx,9,4,9,1.00805393177888,1.00773835864901,1.00836950490874
SOx,9,5,9,1.00805368469482,1.00773306317343,1.00837430621622
SOx,9,6,9,1.00805343871497,1.00771795925134,1.0083889181786
SOx,9,7,9,1.00805319329305,1.00769388328011,1.00841250330599
SOx,9,1,10,1.00760236786769,1.00718818952823,1.00801654620716
SOx,9,2,10,1.00760213162719,1.00720847711613,1.00799578613825
SOx,9,3,10,1.00760189599182,1.00722084759405,1.00798294438958
SOx,9,4,10,1.00760166148028,1.00722487127907,1.0079784516815
SOx,9,5,10,1.00760142827129,1.00722040331822,1.00798245322436
SOx,9,6,10,1.00760119610449,1.00720759003678,1.0079948021722
SOx,9,7,10,1.00760096446428,1.00718686258248,1.00801506634609
SOx,9,1,11,1.00733022835053,1.00695160914599,1.00770884755507
SOx,9,2,11,1.00733000056665,1.00697394659423,1.00768605453907
SOx,9,3,11,1.00732977336624,1.00698770584933,1.00767184088316
SOx,9,4,11,1.00732954724944,1.00699222707583,1.00766686742305
SOx,9,5,11,1.00732932238856,1.00698727591797,1.00767136885914
SOx,9,6,11,1.00732909853256,1.00697308837634,1.00768510868877
SOx,9,7,11,1.0073288751843,1.00695032587318,1.00770742449543
SOx,9,1,12,1.00740754665314,1.0070289274486,1.00778616585768
SOx,9,2,12,1.00740731646663,1.00705126249421,1.00776337043905
SOx,9,3,12,1.00740708686974,1.00706501935282,1.00774915438665
SOx,9,4,12,1.00740685836788,1.00706953819428,1.00774417854149
SOx,9,5,12,1.00740663113519,1.00706458466461,1.00774867760578
SOx,9,6,12,1.00740640491799,1.00705039476178,1.0077624150742
SOx,9,7,12,1.00740617921389,1.00702762990276,1.00778472852501
SOx,9,1,13,1.00754210809299,1.00712792975352,1.00795628643246
SOx,9,2,13,1.00754187372503,1.00714821921397,1.00793552823609
SOx,9,3,13,1.00754163995741,1.00716059155965,1.00792268835518
SOx,9,4,13,1.00754140730472,1.00716461710351,1.00791819750594
SOx,9,5,13,1.00754117594425,1.00716015099118,1.00792220089732
SOx,9,6,13,1.0075409456177,1.00714733954999,1.00793455168541
SOx,9,7,13,1.00754071581359,1.00712661393178,1.00795481769539
SOx,9,1,14,1.00757106120512,1.007211684851,1.00793043755923
SOx,9,2,14,1.00757082593746,1.00723530518445,1.00790634669046
SOx,9,3,14,1.00757059127243,1.007249950023,1.00789123252187
SOx,9,4,14,1.00757035772662,1.00725478459675,1.00788593085649
SOx,9,5,14,1.00757012547798,1.00724950395659,1.00789074699938
SOx,9,6,14,1.00756989426725,1.00723441480362,1.00790537373088
SOx,9,7,14,1.00756966358094,1.007210353568,1.00792897359389
SOx,9,1,15,1.00760879946256,1.00720002405109,1.00801757487404
SOx,9,2,15,1.0076085630222,1.00722059679873,1.00799652924567
SOx,9,3,15,1.00760832718748,1.00723315779437,1.0079834965806
SOx,9,4,15,1.00760809247755,1.00723724841043,1.00797893654466
SOx,9,5,15,1.00760785907126,1.00723271276113,1.0079830053814
SOx,9,6,15,1.00760762670805,1.00721970822793,1.00799554518817
SOx,9,7,15,1.00760739487188,1.00719869492069,1.00801609482307
SOx,9,1,16,1.00773937260006,1.00735280409378,1.00812594110635
SOx,9,2,16,1.00773913210219,1.00737463688789,1.00810362731649
SOx,9,3,16,1.00773889222036,1.0073880473272,1.00808973711351
SOx,9,4,16,1.00773865348261,1.00739243609829,1.00808487086693
SOx,9,5,16,1.00773841607088,1.0073875927641,1.00808923937767
SOx,9,6,16,1.00773817972013,1.00737372936082,1.00810263007944
SOx,9,7,16,1.00773794390546,1.00735144676005,1.00812444105088
SOx,9,1,17,1.00728825490307,1.00691737598911,1.00765913381703
SOx,9,2,17,1.0072880284235,1.00694021603357,1.00763584081343
SOx,9,3,17,1.00728780252406,1.00695432153053,1.00762128351759
SOx,9,4,17,1.00728757770202,1.00695896753127,1.00761618787277
SOx,9,5,17,1.0072873541287,1.0069538936532,1.00762081460421
SOx,9,6,17,1.00728713155452,1.00693936196659,1.00763490114246
SOx,9,7,17,1.00728690948518,1.00691609903577,1.00765771993458
SOx,9,1,18,1.00509223944978,1.00467497467226,1.0055095042273
SOx,9,2,18,1.0050920812105,1.00469518082971,1.00548898159129
SOx,9,3,18,1.00509192337655,1.00470752285553,1.00547632389758
SOx,9,4,18,1.00509176629537,1.00471158663187,1.00547194595888
SOx,9,5,18,1.00509161008667,1.00470723321659,1.00547598695675
SOx,9,6,18,1.00509145457605,1.00469460303805,1.00548830611405
SOx,9,7,18,1.00509129941816,1.00467411166806,1.00550848716826
SOx,9,1,19,1.00069938173967,1.00033876348466,1.00105999999467
SOx,9,2,19,1.00069936000666,1.00036250947293,1.00103621054039
SOx,9,3,19,1.00069933832933,1.00037730593687,1.00102137072178
SOx,9,4,19,1.00069931675538,1.00038233032652,1.00101630318424
SOx,9,5,19,1.00069929530126,1.00037728272244,1.00102130788008
SOx,9,6,19,1.00069927394302,1.00036246486231,1.00103608302372
SOx,9,7,19,1.00069925263322,1.00033870094864,1.00105980431779
SOx,9,1,20,0.99572715078113,0.995327479234003,0.996126822328257
SOx,9,2,20,0.99572728355819,0.995348920958926,0.996105646157453
SOx,9,3,20,0.99572741599514,0.995362185936512,0.996092646053768
SOx,9,4,20,0.995727547800447,0.99536676157795,0.996088334022945
SOx,9,5,20,0.995727678873671,0.995362471286489,0.996092886460853
SOx,9,6,20,0.995727809361139,0.995349493323395,0.996106125398883
SOx,9,7,20,0.995727939552637,0.995328341785209,0.996127537320065
SOx,9,1,21,0.992081742915856,0.991687762063761,0.99247572376795
SOx,9,2,21,0.99208198897249,0.991709642220867,0.992454335724112
SOx,9,3,21,0.992082234398847,0.991723239799154,0.992441228998539
SOx,9,4,21,0.992082478654671,0.991728005660151,0.992436951649191
SOx,9,5,21,0.99208272155383,0.991723749041936,0.992441694065725
SOx,9,6,21,0.992082963367492,0.991710662437075,0.992455264297909
SOx,9,7,21,0.992083204632676,0.991689296509773,0.992477112755579
SOx,9,1,22,0.990213544992649,0.989878800917601,0.990548289067697
SOx,9,2,22,0.990213849102777,0.989904854814516,0.990522843391039
SOx,9,3,22,0.990214152433924,0.989921380910103,0.990506923957744
SOx,9,4,22,0.990214454318368,0.989927240444455,0.990501668192281
SOx,9,5,22,0.990214754526061,0.989922001015544,0.990507508036579
SOx,9,6,22,0.99021505339215,0.989906097128903,0.990524009655396
SOx,9,7,22,0.990215351580355,0.989880669299341,0.990550033861369
SOx,9,1,23,0.989313707574362,0.988954201982189,0.989673213166535
SOx,9,2,23,0.989314039646574,0.988978380478916,0.989649698814231
SOx,9,3,23,0.989314370868178,0.988993584792711,0.989635156943646
SOx,9,4,23,0.989314700510061,0.988998980238401,0.98963042078172
SOx,9,5,23,0.98931502832102,0.988994261982501,0.989635794659538
SOx,9,6,23,0.989315354667016,0.98897973680577,0.989650972528263
SOx,9,7,23,0.989315680272801,0.988956241045658,0.989675119499944
