Pollutant,Sector,wday,hour,coeff
NOx,1,1,0,0.933779122380262
NOx,1,2,0,0.935721144471472
NOx,1,3,0,0.93476547396666
NOx,1,4,0,0.9356474950319
NOx,1,5,0,0.93270685806673
NOx,1,6,0,0.922291499108067
NOx,1,7,0,0.918135305521816
NOx,1,1,1,0.919362044698647
NOx,1,2,1,0.921867056616811
NOx,1,3,1,0.920649260039595
NOx,1,4,1,0.921785842476854
NOx,1,5,1,0.918003920317061
NOx,1,6,1,0.904621887990835
NOx,1,7,1,0.899279777476387
NOx,1,1,2,0.913962489618345
NOx,1,2,2,0.916663952426041
NOx,1,3,2,0.915363519208386
NOx,1,4,2,0.916586322350595
NOx,1,5,2,0.912513756934522
NOx,1,6,2,0.898124747520781
NOx,1,7,2,0.892375832835924
NOx,1,1,3,0.911362563979211
NOx,1,2,3,0.914194675211134
NOx,1,3,3,0.912840753347263
NOx,1,4,3,0.914122506555487
NOx,1,5,3,0.909861066104592
NOx,1,6,3,0.894810240444081
NOx,1,7,3,0.888796412044645
NOx,1,1,4,0.910041784561641
NOx,1,2,4,0.912929767416834
NOx,1,3,4,0.911552229892872
NOx,1,4,4,0.912861869247291
NOx,1,5,4,0.908524145105521
NOx,1,6,4,0.89319175154659
NOx,1,7,4,0.887069416547982
NOx,1,1,5,0.930805896437356
NOx,1,2,5,0.933307941534717
NOx,1,3,5,0.93211203499849
NOx,1,4,5,0.933247226087972
NOx,1,5,5,0.929488090582453
NOx,1,6,5,0.916196602483795
NOx,1,7,5,0.910890163398627
NOx,1,1,6,0.960088728403597
NOx,1,2,6,0.961498508742036
NOx,1,3,6,0.960816802733741
NOx,1,4,6,0.961451503618268
NOx,1,5,6,0.959316954748915
NOx,1,6,6,0.951791570533632
NOx,1,7,6,0.948779658966457
NOx,1,1,7,1.0072867467449
NOx,1,2,7,1.00731866903212
NOx,1,3,7,1.00728773952412
NOx,1,4,7,1.00729055220256
NOx,1,5,7,1.0072062360681
NOx,1,6,7,1.00696153605457
NOx,1,7,7,1.0068459778804
NOx,1,1,8,1.03460671266548
NOx,1,2,8,1.03362802542223
NOx,1,3,8,1.03407890034005
NOx,1,4,8,1.03362090560023
NOx,1,5,8,1.03504947814516
NOx,1,6,8,1.04016536963021
NOx,1,7,8,1.04218641311255
NOx,1,1,9,1.04471494753932
NOx,1,2,9,1.04337905661952
NOx,1,3,9,1.04400777549564
NOx,1,4,9,1.04339235677575
NOx,1,5,9,1.04537288087438
NOx,1,6,9,1.05241946174421
NOx,1,7,9,1.05521840349764
NOx,1,1,10,1.04500322445405
NOx,1,2,10,1.04368096137165
NOx,1,3,10,1.04431311772697
NOx,1,4,10,1.04371201586864
NOx,1,5,10,1.04569657402719
NOx,1,6,10,1.05271962621696
NOx,1,7,10,1.05552165565653
NOx,1,1,11,1.04345511408481
NOx,1,2,11,1.04221243841736
NOx,1,3,11,1.04281385370917
NOx,1,4,11,1.04225682491502
NOx,1,5,11,1.04414360287633
NOx,1,6,11,1.0507827570714
NOx,1,7,11,1.05344378067062
NOx,1,1,12,1.04251331212644
NOx,1,2,12,1.04132276347048
NOx,1,3,12,1.04190353251756
NOx,1,4,12,1.04137653088052
NOx,1,5,12,1.04320102022458
NOx,1,6,12,1.0495886249982
NOx,1,7,12,1.05215906254216
NOx,1,1,13,1.04198267921862
NOx,1,2,13,1.04082404372517
NOx,1,3,13,1.04139285334367
NOx,1,4,13,1.04088477325905
NOx,1,5,13,1.04267276205408
NOx,1,6,13,1.04890966590864
NOx,1,7,13,1.05142678652072
NOx,1,1,14,1.04237509379903
NOx,1,2,14,1.04120857837204
NOx,1,3,14,1.04178488128922
NOx,1,4,14,1.0412751624766
NOx,1,5,14,1.04308202605065
NOx,1,6,14,1.04937736175951
NOx,1,7,14,1.05192075086216
NOx,1,1,15,1.0457191729363
NOx,1,2,15,1.04442784934413
NOx,1,3,15,1.0450679838117
NOx,1,4,15,1.04450001440907
NOx,1,5,15,1.04649500976206
NOx,1,6,15,1.05346610321781
NOx,1,7,15,1.05627666301846
NOx,1,1,16,1.05295251467662
NOx,1,2,16,1.0513506698352
NOx,1,3,16,1.05214352346763
NOx,1,4,16,1.05142858053826
NOx,1,5,16,1.05388228210661
NOx,1,6,16,1.06250926551408
NOx,1,7,16,1.06597133808698
NOx,1,1,17,1.06282814566991
NOx,1,2,17,1.06084260365232
NOx,1,3,17,1.0618209718132
NOx,1,4,17,1.06092296212974
NOx,1,5,17,1.06393781289185
NOx,1,6,17,1.07459699834781
NOx,1,7,17,1.07885635425747
NOx,1,1,18,1.06752887192855
NOx,1,2,18,1.06531593843414
NOx,1,3,18,1.06639935586682
NOx,1,4,18,1.06538946987652
NOx,1,5,18,1.06872600034868
NOx,1,6,18,1.08056645496125
NOx,1,7,18,1.08528391535181
NOx,1,1,19,1.05427421313671
NOx,1,2,19,1.05218430254023
NOx,1,3,19,1.05319777976785
NOx,1,4,19,1.05223796432969
NOx,1,5,19,1.05536865975856
NOx,1,6,19,1.06650605943819
NOx,1,7,19,1.0709341062609
NOx,1,1,20,1.03788130461126
NOx,1,2,20,1.03635158113565
NOx,1,3,20,1.03708224152891
NOx,1,4,20,1.03637503809553
NOx,1,5,20,1.03864762186235
NOx,1,6,20,1.04675177084125
NOx,1,7,20,1.04996673231292
NOx,1,1,21,0.999991321291994
NOx,1,2,21,0.999511026092739
NOx,1,3,21,0.999725594000764
NOx,1,4,21,0.999497981017193
NOx,1,5,21,1.00018751118364
NOx,1,6,21,1.00266922002711
NOx,1,7,21,1.00364519546477
NOx,1,1,22,0.963704872656681
NOx,1,2,22,0.964537301644505
NOx,1,3,22,0.964114347643061
NOx,1,4,22,0.964488607225385
NOx,1,5,22,0.963208871839264
NOx,1,6,22,0.958689925532944
NOx,1,7,22,0.956880992190264
NOx,1,1,23,0.933779122380262
NOx,1,2,23,0.935721144471472
NOx,1,3,23,0.93476547396666
NOx,1,4,23,0.9356474950319
NOx,1,5,23,0.93270685806673
NOx,1,6,23,0.922291499108067
NOx,1,7,23,0.918135305521816
NOx,2,1,0,0.708594958753373
NOx,2,2,0,0.713264201439059
NOx,2,3,0,0.709100255570565
NOx,2,4,0,0.71236613726404
NOx,2,5,0,0.701668534110581
NOx,2,6,0,0.657689363175093
NOx,2,7,0,0.621655039433685
NOx,2,1,1,0.618022612476871
NOx,2,2,1,0.621258386365471
NOx,2,3,1,0.617099230830606
NOx,2,4,1,0.620362221305057
NOx,2,5,1,0.610079647423253
NOx,2,6,1,0.568791803904999
NOx,2,7,1,0.537165936983265
NOx,2,1,2,0.567682258585213
NOx,2,2,2,0.569730267120565
NOx,2,3,2,0.565749859705531
NOx,2,4,2,0.56887325246563
NOx,2,5,2,0.55932832607037
NOx,2,6,2,0.52175409280055
NOx,2,7,2,0.494694252827897
NOx,2,1,3,0.53297499527393
NOx,2,2,3,0.534730991696645
NOx,2,3,3,0.53063656091099
NOx,2,4,3,0.533849639507653
NOx,2,5,3,0.52413017909404
NOx,2,6,3,0.486128039610973
NOx,2,7,3,0.459365388429753
NOx,2,1,4,0.520339009443765
NOx,2,2,4,0.522594647191933
NOx,2,3,4,0.518185841126208
NOx,2,4,4,0.521645402518782
NOx,2,5,4,0.511076793092456
NOx,2,6,4,0.46948221706598
NOx,2,7,4,0.439549127396875
NOx,2,1,5,0.5720946245511
NOx,2,2,5,0.574665581062035
NOx,2,3,5,0.570480902234055
NOx,2,4,5,0.573764331712901
NOx,2,5,5,0.563611734898662
NOx,2,6,5,0.523336571480133
NOx,2,7,5,0.493610304102542
NOx,2,1,6,0.719638110869168
NOx,2,2,6,0.721455830032088
NOx,2,3,6,0.718654047623858
NOx,2,4,6,0.720852355015169
NOx,2,5,6,0.714027673476467
NOx,2,6,6,0.686883890027082
NOx,2,7,6,0.666686444705502
NOx,2,1,7,0.922053388801076
NOx,2,2,7,0.921950211440722
NOx,2,3,7,0.921445283309713
NOx,2,4,7,0.921841716331945
NOx,2,5,7,0.920733268629151
NOx,2,6,7,0.916638035342521
NOx,2,7,7,0.914315347875031
NOx,2,1,8,1.11365000396083
NOx,2,2,8,1.11063919377373
NOx,2,3,8,1.11279891814392
NOx,2,4,8,1.11110535215089
NOx,2,5,8,1.11682000334972
NOx,2,6,8,1.14071993122785
NOx,2,7,8,1.16121106499745
NOx,2,1,9,1.25058695733549
NOx,2,2,9,1.24428777798321
NOx,2,3,9,1.24889694221176
NOx,2,4,9,1.24528255079425
NOx,2,5,9,1.25744281952693
NOx,2,6,9,1.30821513179872
NOx,2,7,9,1.35155988379608
NOx,2,1,10,1.32292902760508
NOx,2,2,10,1.31422518744355
NOx,2,3,10,1.32042891662684
NOx,2,4,10,1.31556424390702
NOx,2,5,10,1.33199499248953
NOx,2,6,10,1.40074909846613
NOx,2,7,10,1.45977853286369
NOx,2,1,11,1.32747714470586
NOx,2,2,11,1.31835247936759
NOx,2,3,11,1.32477787977662
NOx,2,4,11,1.3197394494963
NOx,2,5,11,1.33678826966902
NOx,2,6,11,1.40820216401639
NOx,2,7,11,1.46967665498234
NOx,2,1,12,1.2913657274786
NOx,2,2,12,1.28314942111371
NOx,2,3,12,1.28891033651692
NOx,2,4,12,1.28439297863431
NOx,2,5,12,1.299688635696
NOx,2,6,12,1.36378245883089
NOx,2,7,12,1.41900740119377
NOx,2,1,13,1.25609537336365
NOx,2,2,13,1.24863122334237
NOx,2,3,13,1.25380394162146
NOx,2,4,13,1.24974786458241
NOx,2,5,13,1.26350627518527
NOx,2,6,13,1.32121642598619
NOx,2,7,13,1.37106807032283
NOx,2,1,14,1.24717732677199
NOx,2,2,14,1.23980420504838
NOx,2,3,14,1.24487284750385
NOx,2,4,14,1.24089841517629
NOx,2,5,14,1.25439668528135
NOx,2,6,14,1.3110550782141
NOx,2,7,14,1.36008458062746
NOx,2,1,15,1.25640638441375
NOx,2,2,15,1.25002506969278
NOx,2,3,15,1.25471238582268
NOx,2,4,15,1.25103669467659
NOx,2,5,15,1.26339619256167
NOx,2,6,15,1.31498376647582
NOx,2,7,15,1.35898801685475
NOx,2,1,16,1.27134981898456
NOx,2,2,16,1.26846652598013
NOx,2,3,16,1.27168438697744
NOx,2,4,16,1.26916010247859
NOx,2,5,16,1.27722265119425
NOx,2,6,16,1.30986864826419
NOx,2,7,16,1.33549849529332
NOx,2,1,17,1.27978387213914
NOx,2,2,17,1.28199086256458
NOx,2,3,17,1.28297622387447
NOx,2,4,17,1.28220137333547
NOx,2,5,17,1.28379890660578
NOx,2,6,17,1.28808202209158
NOx,2,7,17,1.28648163666593
NOx,2,1,18,1.2696198911182
NOx,2,2,18,1.27597094236763
NOx,2,3,18,1.27501832809517
NOx,2,4,18,1.27576228275916
NOx,2,5,18,1.27182516284968
NOx,2,6,18,1.25199511431447
NOx,2,7,18,1.22759682291781
NOx,2,1,19,1.2290572252331
NOx,2,2,19,1.23691796189059
NOx,2,3,19,1.23499859666344
NOx,2,4,19,1.23650053899241
NOx,2,5,19,1.2299597127263
NOx,2,6,19,1.19913191638861
NOx,2,7,19,1.16506596328506
NOx,2,1,20,1.14711720004031
NOx,2,2,20,1.15468900272477
NOx,2,3,20,1.15232010668438
NOx,2,4,20,1.15417510757233
NOx,2,5,20,1.14670302047679
NOx,2,6,20,1.11259371176432
NOx,2,7,20,1.07706254442973
NOx,2,1,21,1.0146516856537
NOx,2,2,21,1.0213804892521
NOx,2,3,21,1.0184541447968
NOx,2,4,21,1.02074725592973
NOx,2,5,21,1.01225702833085
NOx,2,6,21,0.974974698278262
NOx,2,7,21,0.939108743676027
NOx,2,1,22,0.852737443687877
NOx,2,2,22,0.858555339667313
NOx,2,3,22,0.854893807802179
NOx,2,4,22,0.85776459612904
NOx,2,5,22,0.847874953151304
NOx,2,6,22,0.806036457300047
NOx,2,7,22,0.769114706905507
NOx,2,1,23,0.708594958753373
NOx,2,2,23,0.713264201439059
NOx,2,3,23,0.709100255570565
NOx,2,4,23,0.71236613726404
NOx,2,5,23,0.701668534110581
NOx,2,6,23,0.657689363175093
NOx,2,7,23,0.621655039433685
NOx,3,1,0,0.881045541366706
NOx,3,2,0,0.881045541366706
NOx,3,3,0,0.881045541366706
NOx,3,4,0,0.881045541366706
NOx,3,5,0,0.881045541366706
NOx,3,6,0,0.881045541366706
NOx,3,7,0,0.881045541366706
NOx,3,1,1,0.928627318834235
NOx,3,2,1,0.928627318834235
NOx,3,3,1,0.928627318834235
NOx,3,4,1,0.928627318834235
NOx,3,5,1,0.928627318834235
NOx,3,6,1,0.928627318834235
NOx,3,7,1,0.928627318834235
NOx,3,1,2,0.928627318834235
NOx,3,2,2,0.928627318834235
NOx,3,3,2,0.928627318834235
NOx,3,4,2,0.928627318834235
NOx,3,5,2,0.928627318834235
NOx,3,6,2,0.928627318834235
NOx,3,7,2,0.928627318834235
NOx,3,1,3,0.976209117428076
NOx,3,2,3,0.976209117428076
NOx,3,3,3,0.976209117428076
NOx,3,4,3,0.976209117428076
NOx,3,5,3,0.976209117428076
NOx,3,6,3,0.976209117428076
NOx,3,7,3,0.976209117428076
NOx,3,1,4,0.976209117428076
NOx,3,2,4,0.976209117428076
NOx,3,3,4,0.976209117428076
NOx,3,4,4,0.976209117428076
NOx,3,5,4,0.976209117428076
NOx,3,6,4,0.976209117428076
NOx,3,7,4,0.976209117428076
NOx,3,1,5,1.0237908948956
NOx,3,2,5,1.0237908948956
NOx,3,3,5,1.0237908948956
NOx,3,4,5,1.0237908948956
NOx,3,5,5,1.0237908948956
NOx,3,6,5,1.0237908948956
NOx,3,7,5,1.0237908948956
NOx,3,1,6,1.0237908948956
NOx,3,2,6,1.0237908948956
NOx,3,3,6,1.0237908948956
NOx,3,4,6,1.0237908948956
NOx,3,5,6,1.0237908948956
NOx,3,6,6,1.0237908948956
NOx,3,7,6,1.0237908948956
NOx,3,1,7,1.07137267236314
NOx,3,2,7,1.07137267236314
NOx,3,3,7,1.07137267236314
NOx,3,4,7,1.07137267236314
NOx,3,5,7,1.07137267236314
NOx,3,6,7,1.07137267236314
NOx,3,7,7,1.07137267236314
NOx,3,1,8,1.07137267236314
NOx,3,2,8,1.07137267236314
NOx,3,3,8,1.07137267236314
NOx,3,4,8,1.07137267236314
NOx,3,5,8,1.07137267236314
NOx,3,6,8,1.07137267236314
NOx,3,7,8,1.07137267236314
NOx,3,1,9,1.07137267236314
NOx,3,2,9,1.07137267236314
NOx,3,3,9,1.07137267236314
NOx,3,4,9,1.07137267236314
NOx,3,5,9,1.07137267236314
NOx,3,6,9,1.07137267236314
NOx,3,7,9,1.07137267236314
NOx,3,1,10,1.07137267236314
NOx,3,2,10,1.07137267236314
NOx,3,3,10,1.07137267236314
NOx,3,4,10,1.07137267236314
NOx,3,5,10,1.07137267236314
NOx,3,6,10,1.07137267236314
NOx,3,7,10,1.07137267236314
NOx,3,1,11,1.07137267236314
NOx,3,2,11,1.07137267236314
NOx,3,3,11,1.07137267236314
NOx,3,4,11,1.07137267236314
NOx,3,5,11,1.07137267236314
NOx,3,6,11,1.07137267236314
NOx,3,7,11,1.07137267236314
NOx,3,1,12,1.07137267236314
NOx,3,2,12,1.07137267236314
NOx,3,3,12,1.07137267236314
NOx,3,4,12,1.07137267236314
NOx,3,5,12,1.07137267236314
NOx,3,6,12,1.07137267236314
NOx,3,7,12,1.07137267236314
NOx,3,1,13,1.07137267236314
NOx,3,2,13,1.07137267236314
NOx,3,3,13,1.07137267236314
NOx,3,4,13,1.07137267236314
NOx,3,5,13,1.07137267236314
NOx,3,6,13,1.07137267236314
NOx,3,7,13,1.07137267236314
NOx,3,1,14,1.07137267236314
NOx,3,2,14,1.07137267236314
NOx,3,3,14,1.07137267236314
NOx,3,4,14,1.07137267236314
NOx,3,5,14,1.07137267236314
NOx,3,6,14,1.07137267236314
NOx,3,7,14,1.07137267236314
NOx,3,1,15,1.07137267236314
NOx,3,2,15,1.07137267236314
NOx,3,3,15,1.07137267236314
NOx,3,4,15,1.07137267236314
NOx,3,5,15,1.07137267236314
NOx,3,6,15,1.07137267236314
NOx,3,7,15,1.07137267236314
NOx,3,1,16,1.0237908948956
NOx,3,2,16,1.0237908948956
NOx,3,3,16,1.0237908948956
NOx,3,4,16,1.0237908948956
NOx,3,5,16,1.0237908948956
NOx,3,6,16,1.0237908948956
NOx,3,7,16,1.0237908948956
NOx,3,1,17,1.0237908948956
NOx,3,2,17,1.0237908948956
NOx,3,3,17,1.0237908948956
NOx,3,4,17,1.0237908948956
NOx,3,5,17,1.0237908948956
NOx,3,6,17,1.0237908948956
NOx,3,7,17,1.0237908948956
NOx,3,1,18,0.976209117428076
NOx,3,2,18,0.976209117428076
NOx,3,3,18,0.976209117428076
NOx,3,4,18,0.976209117428076
NOx,3,5,18,0.976209117428076
NOx,3,6,18,0.976209117428076
NOx,3,7,18,0.976209117428076
NOx,3,1,19,0.976209117428076
NOx,3,2,19,0.976209117428076
NOx,3,3,19,0.976209117428076
NOx,3,4,19,0.976209117428076
NOx,3,5,19,0.976209117428076
NOx,3,6,19,0.976209117428076
NOx,3,7,19,0.976209117428076
NOx,3,1,20,0.928627318834235
NOx,3,2,20,0.928627318834235
NOx,3,3,20,0.928627318834235
NOx,3,4,20,0.928627318834235
NOx,3,5,20,0.928627318834235
NOx,3,6,20,0.928627318834235
NOx,3,7,20,0.928627318834235
NOx,3,1,21,0.928627318834235
NOx,3,2,21,0.928627318834235
NOx,3,3,21,0.928627318834235
NOx,3,4,21,0.928627318834235
NOx,3,5,21,0.928627318834235
NOx,3,6,21,0.928627318834235
NOx,3,7,21,0.928627318834235
NOx,3,1,22,0.881045541366706
NOx,3,2,22,0.881045541366706
NOx,3,3,22,0.881045541366706
NOx,3,4,22,0.881045541366706
NOx,3,5,22,0.881045541366706
NOx,3,6,22,0.881045541366706
NOx,3,7,22,0.881045541366706
NOx,3,1,23,0.881045541366706
NOx,3,2,23,0.881045541366706
NOx,3,3,23,0.881045541366706
NOx,3,4,23,0.881045541366706
NOx,3,5,23,0.881045541366706
NOx,3,6,23,0.881045541366706
NOx,3,7,23,0.881045541366706
NOx,4,1,0,0.864864863135135
NOx,4,2,0,0.864864863135135
NOx,4,3,0,0.864864863135135
NOx,4,4,0,0.864864863135135
NOx,4,5,0,0.864864863135135
NOx,4,6,0,0.864864863135135
NOx,4,7,0,0.864864863135135
NOx,4,1,1,0.918918911081081
NOx,4,2,1,0.918918911081081
NOx,4,3,1,0.918918911081081
NOx,4,4,1,0.918918911081081
NOx,4,5,1,0.918918911081081
NOx,4,6,1,0.918918911081081
NOx,4,7,1,0.918918911081081
NOx,4,1,2,0.918918911081081
NOx,4,2,2,0.918918911081081
NOx,4,3,2,0.918918911081081
NOx,4,4,2,0.918918911081081
NOx,4,5,2,0.918918911081081
NOx,4,6,2,0.918918911081081
NOx,4,7,2,0.918918911081081
NOx,4,1,3,0.972972983027027
NOx,4,2,3,0.972972983027027
NOx,4,3,3,0.972972983027027
NOx,4,4,3,0.972972983027027
NOx,4,5,3,0.972972983027027
NOx,4,6,3,0.972972983027027
NOx,4,7,3,0.972972983027027
NOx,4,1,4,0.972972983027027
NOx,4,2,4,0.972972983027027
NOx,4,3,4,0.972972983027027
NOx,4,4,4,0.972972983027027
NOx,4,5,4,0.972972983027027
NOx,4,6,4,0.972972983027027
NOx,4,7,4,0.972972983027027
NOx,4,1,5,1.02702703097297
NOx,4,2,5,1.02702703097297
NOx,4,3,5,1.02702703097297
NOx,4,4,5,1.02702703097297
NOx,4,5,5,1.02702703097297
NOx,4,6,5,1.02702703097297
NOx,4,7,5,1.02702703097297
NOx,4,1,6,1.02702703097297
NOx,4,2,6,1.02702703097297
NOx,4,3,6,1.02702703097297
NOx,4,4,6,1.02702703097297
NOx,4,5,6,1.02702703097297
NOx,4,6,6,1.02702703097297
NOx,4,7,6,1.02702703097297
NOx,4,1,7,1.08108107891892
NOx,4,2,7,1.08108107891892
NOx,4,3,7,1.08108107891892
NOx,4,4,7,1.08108107891892
NOx,4,5,7,1.08108107891892
NOx,4,6,7,1.08108107891892
NOx,4,7,7,1.08108107891892
NOx,4,1,8,1.08108107891892
NOx,4,2,8,1.08108107891892
NOx,4,3,8,1.08108107891892
NOx,4,4,8,1.08108107891892
NOx,4,5,8,1.08108107891892
NOx,4,6,8,1.08108107891892
NOx,4,7,8,1.08108107891892
NOx,4,1,9,1.08108107891892
NOx,4,2,9,1.08108107891892
NOx,4,3,9,1.08108107891892
NOx,4,4,9,1.08108107891892
NOx,4,5,9,1.08108107891892
NOx,4,6,9,1.08108107891892
NOx,4,7,9,1.08108107891892
NOx,4,1,10,1.08108107891892
NOx,4,2,10,1.08108107891892
NOx,4,3,10,1.08108107891892
NOx,4,4,10,1.08108107891892
NOx,4,5,10,1.08108107891892
NOx,4,6,10,1.08108107891892
NOx,4,7,10,1.08108107891892
NOx,4,1,11,1.08108107891892
NOx,4,2,11,1.08108107891892
NOx,4,3,11,1.08108107891892
NOx,4,4,11,1.08108107891892
NOx,4,5,11,1.08108107891892
NOx,4,6,11,1.08108107891892
NOx,4,7,11,1.08108107891892
NOx,4,1,12,1.08108107891892
NOx,4,2,12,1.08108107891892
NOx,4,3,12,1.08108107891892
NOx,4,4,12,1.08108107891892
NOx,4,5,12,1.08108107891892
NOx,4,6,12,1.08108107891892
NOx,4,7,12,1.08108107891892
NOx,4,1,13,1.08108107891892
NOx,4,2,13,1.08108107891892
NOx,4,3,13,1.08108107891892
NOx,4,4,13,1.08108107891892
NOx,4,5,13,1.08108107891892
NOx,4,6,13,1.08108107891892
NOx,4,7,13,1.08108107891892
NOx,4,1,14,1.08108107891892
NOx,4,2,14,1.08108107891892
NOx,4,3,14,1.08108107891892
NOx,4,4,14,1.08108107891892
NOx,4,5,14,1.08108107891892
NOx,4,6,14,1.08108107891892
NOx,4,7,14,1.08108107891892
NOx,4,1,15,1.08108107891892
NOx,4,2,15,1.08108107891892
NOx,4,3,15,1.08108107891892
NOx,4,4,15,1.08108107891892
NOx,4,5,15,1.08108107891892
NOx,4,6,15,1.08108107891892
NOx,4,7,15,1.08108107891892
NOx,4,1,16,1.02702703097297
NOx,4,2,16,1.02702703097297
NOx,4,3,16,1.02702703097297
NOx,4,4,16,1.02702703097297
NOx,4,5,16,1.02702703097297
NOx,4,6,16,1.02702703097297
NOx,4,7,16,1.02702703097297
NOx,4,1,17,1.02702703097297
NOx,4,2,17,1.02702703097297
NOx,4,3,17,1.02702703097297
NOx,4,4,17,1.02702703097297
NOx,4,5,17,1.02702703097297
NOx,4,6,17,1.02702703097297
NOx,4,7,17,1.02702703097297
NOx,4,1,18,0.972972983027027
NOx,4,2,18,0.972972983027027
NOx,4,3,18,0.972972983027027
NOx,4,4,18,0.972972983027027
NOx,4,5,18,0.972972983027027
NOx,4,6,18,0.972972983027027
NOx,4,7,18,0.972972983027027
NOx,4,1,19,0.972972983027027
NOx,4,2,19,0.972972983027027
NOx,4,3,19,0.972972983027027
NOx,4,4,19,0.972972983027027
NOx,4,5,19,0.972972983027027
NOx,4,6,19,0.972972983027027
NOx,4,7,19,0.972972983027027
NOx,4,1,20,0.918918911081081
NOx,4,2,20,0.918918911081081
NOx,4,3,20,0.918918911081081
NOx,4,4,20,0.918918911081081
NOx,4,5,20,0.918918911081081
NOx,4,6,20,0.918918911081081
NOx,4,7,20,0.918918911081081
NOx,4,1,21,0.918918911081081
NOx,4,2,21,0.918918911081081
NOx,4,3,21,0.918918911081081
NOx,4,4,21,0.918918911081081
NOx,4,5,21,0.918918911081081
NOx,4,6,21,0.918918911081081
NOx,4,7,21,0.918918911081081
NOx,4,1,22,0.864864863135135
NOx,4,2,22,0.864864863135135
NOx,4,3,22,0.864864863135135
NOx,4,4,22,0.864864863135135
NOx,4,5,22,0.864864863135135
NOx,4,6,22,0.864864863135135
NOx,4,7,22,0.864864863135135
NOx,4,1,23,0.864864863135135
NOx,4,2,23,0.864864863135135
NOx,4,3,23,0.864864863135135
NOx,4,4,23,0.864864863135135
NOx,4,5,23,0.864864863135135
NOx,4,6,23,0.864864863135135
NOx,4,7,23,0.864864863135135
NOx,5,1,0,0.939957797577733
NOx,5,2,0,0.939957797577733
NOx,5,3,0,0.939957797577733
NOx,5,4,0,0.939957797577733
NOx,5,5,0,0.939957797577733
NOx,5,6,0,0.939957797577733
NOx,5,7,0,0.939957797577733
NOx,5,1,1,0.955481635222498
NOx,5,2,1,0.955481635222498
NOx,5,3,1,0.955481635222498
NOx,5,4,1,0.955481635222498
NOx,5,5,1,0.955481635222498
NOx,5,6,1,0.955481635222498
NOx,5,7,1,0.955481635222498
NOx,5,1,2,0.955481635222498
NOx,5,2,2,0.955481635222498
NOx,5,3,2,0.955481635222498
NOx,5,4,2,0.955481635222498
NOx,5,5,2,0.955481635222498
NOx,5,6,2,0.955481635222498
NOx,5,7,2,0.955481635222498
NOx,5,1,3,0.971005479759848
NOx,5,2,3,0.971005479759848
NOx,5,3,3,0.971005479759848
NOx,5,4,3,0.971005479759848
NOx,5,5,3,0.971005479759848
NOx,5,6,3,0.971005479759848
NOx,5,7,3,0.971005479759848
NOx,5,1,4,0.971005479759848
NOx,5,2,4,0.971005479759848
NOx,5,3,4,0.971005479759848
NOx,5,4,4,0.971005479759848
NOx,5,5,4,0.971005479759848
NOx,5,6,4,0.971005479759848
NOx,5,7,4,0.971005479759848
NOx,5,1,5,1.00472869910331
NOx,5,2,5,1.00472869910331
NOx,5,3,5,1.00472869910331
NOx,5,4,5,1.00472869910331
NOx,5,5,5,1.00472869910331
NOx,5,6,5,1.00472869910331
NOx,5,7,5,1.00472869910331
NOx,5,1,6,1.00472869910331
NOx,5,2,6,1.00472869910331
NOx,5,3,6,1.00472869910331
NOx,5,4,6,1.00472869910331
NOx,5,5,6,1.00472869910331
NOx,5,6,6,1.00472869910331
NOx,5,7,6,1.00472869910331
NOx,5,1,7,1.03845190133936
NOx,5,2,7,1.03845190133936
NOx,5,3,7,1.03845190133936
NOx,5,4,7,1.03845190133936
NOx,5,5,7,1.03845190133936
NOx,5,6,7,1.03845190133936
NOx,5,7,7,1.03845190133936
NOx,5,1,8,1.03845190133936
NOx,5,2,8,1.03845190133936
NOx,5,3,8,1.03845190133936
NOx,5,4,8,1.03845190133936
NOx,5,5,8,1.03845190133936
NOx,5,6,8,1.03845190133936
NOx,5,7,8,1.03845190133936
NOx,5,1,9,1.03845190133936
NOx,5,2,9,1.03845190133936
NOx,5,3,9,1.03845190133936
NOx,5,4,9,1.03845190133936
NOx,5,5,9,1.03845190133936
NOx,5,6,9,1.03845190133936
NOx,5,7,9,1.03845190133936
NOx,5,1,10,1.03845190133936
NOx,5,2,10,1.03845190133936
NOx,5,3,10,1.03845190133936
NOx,5,4,10,1.03845190133936
NOx,5,5,10,1.03845190133936
NOx,5,6,10,1.03845190133936
NOx,5,7,10,1.03845190133936
NOx,5,1,11,1.03845190133936
NOx,5,2,11,1.03845190133936
NOx,5,3,11,1.03845190133936
NOx,5,4,11,1.03845190133936
NOx,5,5,11,1.03845190133936
NOx,5,6,11,1.03845190133936
NOx,5,7,11,1.03845190133936
NOx,5,1,12,1.03845190133936
NOx,5,2,12,1.03845190133936
NOx,5,3,12,1.03845190133936
NOx,5,4,12,1.03845190133936
NOx,5,5,12,1.03845190133936
NOx,5,6,12,1.03845190133936
NOx,5,7,12,1.03845190133936
NOx,5,1,13,1.03845190133936
NOx,5,2,13,1.03845190133936
NOx,5,3,13,1.03845190133936
NOx,5,4,13,1.03845190133936
NOx,5,5,13,1.03845190133936
NOx,5,6,13,1.03845190133936
NOx,5,7,13,1.03845190133936
NOx,5,1,14,1.03845190133936
NOx,5,2,14,1.03845190133936
NOx,5,3,14,1.03845190133936
NOx,5,4,14,1.03845190133936
NOx,5,5,14,1.03845190133936
NOx,5,6,14,1.03845190133936
NOx,5,7,14,1.03845190133936
NOx,5,1,15,1.03845190133936
NOx,5,2,15,1.03845190133936
NOx,5,3,15,1.03845190133936
NOx,5,4,15,1.03845190133936
NOx,5,5,15,1.03845190133936
NOx,5,6,15,1.03845190133936
NOx,5,7,15,1.03845190133936
NOx,5,1,16,1.02292806369459
NOx,5,2,16,1.02292806369459
NOx,5,3,16,1.02292806369459
NOx,5,4,16,1.02292806369459
NOx,5,5,16,1.02292806369459
NOx,5,6,16,1.02292806369459
NOx,5,7,16,1.02292806369459
NOx,5,1,17,1.02292806369459
NOx,5,2,17,1.02292806369459
NOx,5,3,17,1.02292806369459
NOx,5,4,17,1.02292806369459
NOx,5,5,17,1.02292806369459
NOx,5,6,17,1.02292806369459
NOx,5,7,17,1.02292806369459
NOx,5,1,18,1.00740422604983
NOx,5,2,18,1.00740422604983
NOx,5,3,18,1.00740422604983
NOx,5,4,18,1.00740422604983
NOx,5,5,18,1.00740422604983
NOx,5,6,18,1.00740422604983
NOx,5,7,18,1.00740422604983
NOx,5,1,19,0.989204861458545
NOx,5,2,19,0.989204861458545
NOx,5,3,19,0.989204861458545
NOx,5,4,19,0.989204861458545
NOx,5,5,19,0.989204861458545
NOx,5,6,19,0.989204861458545
NOx,5,7,19,0.989204861458545
NOx,5,1,20,0.973681016921195
NOx,5,2,20,0.973681016921195
NOx,5,3,20,0.973681016921195
NOx,5,4,20,0.973681016921195
NOx,5,5,20,0.973681016921195
NOx,5,6,20,0.973681016921195
NOx,5,7,20,0.973681016921195
NOx,5,1,21,0.955481635222498
NOx,5,2,21,0.955481635222498
NOx,5,3,21,0.955481635222498
NOx,5,4,21,0.955481635222498
NOx,5,5,21,0.955481635222498
NOx,5,6,21,0.955481635222498
NOx,5,7,21,0.955481635222498
NOx,5,1,22,0.939957797577733
NOx,5,2,22,0.939957797577733
NOx,5,3,22,0.939957797577733
NOx,5,4,22,0.939957797577733
NOx,5,5,22,0.939957797577733
NOx,5,6,22,0.939957797577733
NOx,5,7,22,0.939957797577733
NOx,5,1,23,0.939957797577733
NOx,5,2,23,0.939957797577733
NOx,5,3,23,0.939957797577733
NOx,5,4,23,0.939957797577733
NOx,5,5,23,0.939957797577733
NOx,5,6,23,0.939957797577733
NOx,5,7,23,0.939957797577733
NOx,6,1,0,0.499999993
NOx,6,2,0,0.499999993
NOx,6,3,0,0.499999993
NOx,6,4,0,0.499999993
NOx,6,5,0,0.499999993
NOx,6,6,0,0.7500000015
NOx,6,7,0,0.87499999375
NOx,6,1,1,0.3499999927
NOx,6,2,1,0.3499999927
NOx,6,3,1,0.3499999927
NOx,6,4,1,0.3499999927
NOx,6,5,1,0.3499999927
NOx,6,6,1,0.67500000135
NOx,6,7,1,0.837499993675
NOx,6,1,2,0.1999999924
NOx,6,2,2,0.1999999924
NOx,6,3,2,0.1999999924
NOx,6,4,2,0.1999999924
NOx,6,5,2,0.1999999924
NOx,6,6,2,0.6000000012
NOx,6,7,2,0.7999999936
NOx,6,1,3,0.1000000082
NOx,6,2,3,0.1000000082
NOx,6,3,3,0.1000000082
NOx,6,4,3,0.1000000082
NOx,6,5,3,0.1000000082
NOx,6,6,3,0.5500000091
NOx,6,7,3,0.77500000955
NOx,6,1,4,0.1000000082
NOx,6,2,4,0.1000000082
NOx,6,3,4,0.1000000082
NOx,6,4,4,0.1000000082
NOx,6,5,4,0.1000000082
NOx,6,6,4,0.5500000091
NOx,6,7,4,0.77500000955
NOx,6,1,5,0.1999999924
NOx,6,2,5,0.1999999924
NOx,6,3,5,0.1999999924
NOx,6,4,5,0.1999999924
NOx,6,5,5,0.1999999924
NOx,6,6,5,0.6000000012
NOx,6,7,5,0.7999999936
NOx,6,1,6,0.7500000015
NOx,6,2,6,0.7500000015
NOx,6,3,6,0.7500000015
NOx,6,4,6,0.7500000015
NOx,6,5,6,0.7500000015
NOx,6,6,6,0.87499999375
NOx,6,7,6,0.937500001875
NOx,6,1,7,1.2499999945
NOx,6,2,7,1.2499999945
NOx,6,3,7,1.2499999945
NOx,6,4,7,1.2499999945
NOx,6,5,7,1.2499999945
NOx,6,6,7,1.12500000225
NOx,6,7,7,1.062499994125
NOx,6,1,8,1.3999999948
NOx,6,2,8,1.3999999948
NOx,6,3,8,1.3999999948
NOx,6,4,8,1.3999999948
NOx,6,5,8,1.3999999948
NOx,6,6,8,1.2000000024
NOx,6,7,8,1.0999999942
NOx,6,1,9,1.500000003
NOx,6,2,9,1.500000003
NOx,6,3,9,1.500000003
NOx,6,4,9,1.500000003
NOx,6,5,9,1.500000003
NOx,6,6,9,1.2499999945
NOx,6,7,9,1.12500000225
NOx,6,1,10,1.500000003
NOx,6,2,10,1.500000003
NOx,6,3,10,1.500000003
NOx,6,4,10,1.500000003
NOx,6,5,10,1.500000003
NOx,6,6,10,1.2499999945
NOx,6,7,10,1.12500000225
NOx,6,1,11,1.500000003
NOx,6,2,11,1.500000003
NOx,6,3,11,1.500000003
NOx,6,4,11,1.500000003
NOx,6,5,11,1.500000003
NOx,6,6,11,1.2499999945
NOx,6,7,11,1.12500000225
NOx,6,1,12,1.500000003
NOx,6,2,12,1.500000003
NOx,6,3,12,1.500000003
NOx,6,4,12,1.500000003
NOx,6,5,12,1.500000003
NOx,6,6,12,1.2499999945
NOx,6,7,12,1.12500000225
NOx,6,1,13,1.500000003
NOx,6,2,13,1.500000003
NOx,6,3,13,1.500000003
NOx,6,4,13,1.500000003
NOx,6,5,13,1.500000003
NOx,6,6,13,1.2499999945
NOx,6,7,13,1.12500000225
NOx,6,1,14,1.500000003
NOx,6,2,14,1.500000003
NOx,6,3,14,1.500000003
NOx,6,4,14,1.500000003
NOx,6,5,14,1.500000003
NOx,6,6,14,1.2499999945
NOx,6,7,14,1.12500000225
NOx,6,1,15,1.500000003
NOx,6,2,15,1.500000003
NOx,6,3,15,1.500000003
NOx,6,4,15,1.500000003
NOx,6,5,15,1.500000003
NOx,6,6,15,1.2499999945
NOx,6,7,15,1.12500000225
NOx,6,1,16,1.500000003
NOx,6,2,16,1.500000003
NOx,6,3,16,1.500000003
NOx,6,4,16,1.500000003
NOx,6,5,16,1.500000003
NOx,6,6,16,1.2499999945
NOx,6,7,16,1.12500000225
NOx,6,1,17,1.3999999948
NOx,6,2,17,1.3999999948
NOx,6,3,17,1.3999999948
NOx,6,4,17,1.3999999948
NOx,6,5,17,1.3999999948
NOx,6,6,17,1.2000000024
NOx,6,7,17,1.0999999942
NOx,6,1,18,1.2499999945
NOx,6,2,18,1.2499999945
NOx,6,3,18,1.2499999945
NOx,6,4,18,1.2499999945
NOx,6,5,18,1.2499999945
NOx,6,6,18,1.12500000225
NOx,6,7,18,1.062499994125
NOx,6,1,19,1.0999999942
NOx,6,2,19,1.0999999942
NOx,6,3,19,1.0999999942
NOx,6,4,19,1.0999999942
NOx,6,5,19,1.0999999942
NOx,6,6,19,1.0500000021
NOx,6,7,19,1.02499999405
NOx,6,1,20,1.00000001
NOx,6,2,20,1.00000001
NOx,6,3,20,1.00000001
NOx,6,4,20,1.00000001
NOx,6,5,20,1.00000001
NOx,6,6,20,1.00000001
NOx,6,7,20,1.00000001
NOx,6,1,21,0.9000000018
NOx,6,2,21,0.9000000018
NOx,6,3,21,0.9000000018
NOx,6,4,21,0.9000000018
NOx,6,5,21,0.9000000018
NOx,6,6,21,0.9499999939
NOx,6,7,21,0.97500000195
NOx,6,1,22,0.7999999936
NOx,6,2,22,0.7999999936
NOx,6,3,22,0.7999999936
NOx,6,4,22,0.7999999936
NOx,6,5,22,0.7999999936
NOx,6,6,22,0.9000000018
NOx,6,7,22,0.9499999939
NOx,6,1,23,0.7000000094
NOx,6,2,23,0.7000000094
NOx,6,3,23,0.7000000094
NOx,6,4,23,0.7000000094
NOx,6,5,23,0.7000000094
NOx,6,6,23,0.8500000097
NOx,6,7,23,0.92500000985
NOx,7,1,0,0.111729721013843
NOx,7,2,0,0.111860007424543
NOx,7,3,0,0.117887455120434
NOx,7,4,0,0.1220378538012
NOx,7,5,0,0.135445662436729
NOx,7,6,0,0.273775678367131
NOx,7,7,0,0.334094611341752
NOx,7,1,1,0.0742313348246606
NOx,7,2,1,0.0793406894324774
NOx,7,3,1,0.0822245160179054
NOx,7,4,1,0.0839980855013497
NOx,7,5,1,0.0945622334145484
NOx,7,6,1,0.193003181727725
NOx,7,7,1,0.22302411254758
NOx,7,1,2,0.0647264977312269
NOx,7,2,2,0.071613031186322
NOx,7,3,2,0.0729733347770102
NOx,7,4,2,0.074639841376502
NOx,7,5,2,0.0821979104276882
NOx,7,6,2,0.154662810965312
NOx,7,7,2,0.161689895022489
NOx,7,1,3,0.0831400882457987
NOx,7,2,3,0.0856973090685617
NOx,7,3,3,0.0857505600910722
NOx,7,4,3,0.0877103963798905
NOx,7,5,3,0.0936319560771367
NOx,7,6,3,0.151180750679962
NOx,7,7,3,0.142634101179692
NOx,7,1,4,0.161948844460185
NOx,7,2,4,0.146518391760165
NOx,7,3,4,0.143831824504575
NOx,7,4,4,0.144875776308984
NOx,7,5,4,0.145279891079799
NOx,7,6,4,0.178337645189204
NOx,7,7,4,0.148246769904296
NOx,7,1,5,0.427301308922585
NOx,7,2,5,0.38836841177061
NOx,7,3,5,0.379191917461358
NOx,7,4,5,0.371991775691236
NOx,7,5,5,0.35279616930769
NOx,7,6,5,0.288840571609681
NOx,7,7,5,0.207857257234168
NOx,7,1,6,0.996760652428016
NOx,7,2,6,0.972097258074757
NOx,7,3,6,0.949165780530556
NOx,7,4,6,0.927063007928094
NOx,7,5,6,0.847957239941971
NOx,7,6,6,0.488557085696137
NOx,7,7,6,0.332598443060994
NOx,7,1,7,1.7646177890786
NOx,7,2,7,1.76305923888788
NOx,7,3,7,1.72996094300598
NOx,7,4,7,1.68720694896528
NOx,7,5,7,1.54175833565144
NOx,7,6,7,0.799195598662731
NOx,7,7,7,0.510845801216957
NOx,7,1,8,1.91642439423817
NOx,7,2,8,1.92587469847906
NOx,7,3,8,1.89812185136283
NOx,7,4,8,1.86638346536882
NOx,7,5,8,1.72259601846494
NOx,7,6,8,1.17707473953073
NOx,7,7,8,0.74128966673968
NOx,7,1,9,1.50664539652804
NOx,7,2,9,1.50992890117496
NOx,7,3,9,1.49388212318988
NOx,7,4,9,1.47937638002177
NOx,7,5,9,1.42304821469903
NOx,7,6,9,1.53650645915183
NOx,7,7,9,1.20869224965135
NOx,7,1,10,1.42517006082026
NOx,7,2,10,1.37968901512881
NOx,7,3,10,1.37048675348671
NOx,7,4,10,1.37475936776734
NOx,7,5,10,1.41995148578903
NOx,7,6,10,1.82253599933097
NOx,7,7,10,1.68156491293443
NOx,7,1,11,1.46653545764943
NOx,7,2,11,1.40352595273732
NOx,7,3,11,1.40533116308064
NOx,7,4,11,1.41142071039811
NOx,7,5,11,1.50579464692869
NOx,7,6,11,1.97066878912158
NOx,7,7,11,1.9606306083345
NOx,7,1,12,1.48504669421027
NOx,7,2,12,1.43441688139962
NOx,7,3,12,1.4409406480269
NOx,7,4,12,1.44920204129508
NOx,7,5,12,1.58156445616361
NOx,7,6,12,1.98636071220668
NOx,7,7,12,2.08803298418454
NOx,7,1,13,1.48719917597229
NOx,7,2,13,1.44882864179833
NOx,7,3,13,1.45701205892716
NOx,7,4,13,1.46490561565414
NOx,7,5,13,1.6104535527468
NOx,7,6,13,1.88338918672874
NOx,7,7,13,2.01302498413596
NOx,7,1,14,1.57079114204151
NOx,7,2,14,1.55087272502398
NOx,7,3,14,1.56360447434889
NOx,7,4,14,1.5646129630654
NOx,7,5,14,1.70186241718211
NOx,7,6,14,1.76747904083977
NOx,7,7,14,1.93416089542059
NOx,7,1,15,1.75690816560724
NOx,7,2,15,1.76519657612054
NOx,7,3,15,1.77567363942948
NOx,7,4,15,1.77027333381274
NOx,7,5,15,1.8589885213177
NOx,7,6,15,1.67470502228085
NOx,7,7,15,1.90328674200956
NOx,7,1,16,1.93299226040158
NOx,7,2,16,1.9576940812397
NOx,7,3,16,1.94893333312212
NOx,7,4,16,1.92827577444229
NOx,7,5,16,1.86823614566402
NOx,7,6,16,1.63678498577948
NOx,7,7,16,1.85545020672567
NOx,7,1,17,1.88695460801811
NOx,7,2,17,1.91995570861311
NOx,7,3,17,1.91250799195654
NOx,7,4,17,1.88839682295928
NOx,7,5,17,1.74160398963601
NOx,7,6,17,1.54681203775715
NOx,7,7,17,1.65441981776617
NOx,7,1,18,1.3843497704862
NOx,7,2,18,1.44559229732546
NOx,7,3,18,1.45595864331123
NOx,7,4,18,1.46247339534344
NOx,7,5,18,1.38247340517567
NOx,7,6,18,1.30870457758882
NOx,7,7,18,1.42924421981927
NOx,7,1,19,0.920539821028421
NOx,7,2,19,0.966509084611573
NOx,7,3,19,0.988111840123823
NOx,7,4,19,1.02103425035294
NOx,7,5,19,1.01313050562872
NOx,7,6,19,1.01287174182114
NOx,7,7,19,1.17249502778471
NOx,7,1,20,0.628261217647305
NOx,7,2,20,0.653205588548843
NOx,7,3,20,0.674923080631773
NOx,7,4,20,0.71007800135737
NOx,7,5,20,0.699482328493465
NOx,7,6,20,0.726675470800367
NOx,7,7,20,0.906226586848984
NOx,7,1,21,0.455070863765737
NOx,7,2,21,0.481142583472661
NOx,7,3,21,0.493449631065296
NOx,7,4,21,0.518155931654485
NOx,7,5,21,0.506802137444913
NOx,7,6,21,0.559967989167002
NOx,7,7,21,0.652184427771731
NOx,7,1,22,0.310235535766802
NOx,7,2,22,0.34172042072176
NOx,7,3,22,0.353332068561114
NOx,7,4,22,0.368211567329785
NOx,7,5,22,0.392470861865875
NOx,7,6,22,0.479106023892786
NOx,7,7,22,0.445146139545294
NOx,7,1,23,0.182419199113719
NOx,7,2,23,0.19729250599897
NOx,7,3,23,0.206744367866725
NOx,7,4,23,0.222916693224496
NOx,7,5,23,0.277911914462425
NOx,7,6,23,0.38280390110425
NOx,7,7,23,0.293159538819633
NOx,8,1,0,0.741441518335008
NOx,8,2,0,0.747759682323267
NOx,8,3,0,0.748949844861048
NOx,8,4,0,0.747838050367818
NOx,8,5,0,0.746492417283671
NOx,8,6,0,0.741114670585733
NOx,8,7,0,0.72824531731459
NOx,8,1,1,0.695723635701304
NOx,8,2,1,0.70363665999521
NOx,8,3,1,0.705250534117191
NOx,8,4,1,0.703938634758148
NOx,8,5,1,0.702756114253044
NOx,8,6,1,0.69799058172158
NOx,8,7,1,0.683948009108969
NOx,8,1,2,0.641346285712476
NOx,8,2,2,0.651433538646689
NOx,8,3,2,0.653628632092205
NOx,8,4,2,0.652214468004429
NOx,8,5,2,0.651324018062522
NOx,8,6,2,0.647014924628522
NOx,8,7,2,0.634210089878819
NOx,8,1,3,0.630193936214106
NOx,8,2,3,0.641184003893084
NOx,8,3,3,0.643619053183384
NOx,8,4,3,0.642250984351905
NOx,8,5,3,0.641744543074319
NOx,8,6,3,0.637829195834383
NOx,8,7,3,0.625363652819073
NOx,8,1,4,0.688484572193397
NOx,8,2,4,0.698144296593003
NOx,8,3,4,0.700274900592104
NOx,8,4,4,0.699243001824948
NOx,8,5,4,0.699109013860244
NOx,8,6,4,0.695742626590365
NOx,8,7,4,0.683688344217995
NOx,8,1,5,0.835153503678193
NOx,8,2,5,0.841160669165067
NOx,8,3,5,0.842427508074821
NOx,8,4,5,0.841889076031156
NOx,8,5,5,0.842009480109253
NOx,8,6,5,0.839555586727855
NOx,8,7,5,0.829475476510239
NOx,8,1,6,1.04560290675504
NOx,8,2,6,1.04591635532058
NOx,8,3,6,1.0458451147898
NOx,8,4,6,1.04585372096371
NOx,8,5,6,1.04603495755122
NOx,8,6,6,1.0450212591359
NOx,8,7,6,1.0396401684737
NOx,8,1,7,1.17673303448511
NOx,8,2,7,1.17129464078465
NOx,8,3,7,1.16990041120202
NOx,8,4,7,1.17041633431828
NOx,8,5,7,1.17060999107143
NOx,8,6,7,1.1713879912959
NOx,8,7,7,1.17249326851449
NOx,8,1,8,1.24949191710861
NOx,8,2,8,1.24079099480418
NOx,8,3,8,1.23871198198166
NOx,8,4,8,1.23960681842446
NOx,8,5,8,1.23998374174892
NOx,8,6,8,1.24261011290718
NOx,8,7,8,1.25032504876169
NOx,8,1,9,1.2464367757357
NOx,8,2,9,1.23787416962578
NOx,8,3,9,1.23595925819684
NOx,8,4,9,1.2370749458002
NOx,8,5,9,1.23786964766098
NOx,8,6,9,1.24208761478102
NOx,8,7,9,1.25506855545271
NOx,8,1,10,1.20629551081678
NOx,8,2,10,1.19964701884798
NOx,8,3,10,1.19831627674993
NOx,8,4,10,1.19955657602872
NOx,8,5,10,1.20082594513368
NOx,8,6,10,1.20603661549507
NOx,8,7,10,1.22177962355584
NOx,8,1,11,1.16990480919179
NOx,8,2,11,1.16519368266155
NOx,8,3,11,1.16440856366047
NOx,8,4,11,1.16573833524682
NOx,8,5,11,1.16734727897201
NOx,8,6,11,1.17266918343103
NOx,8,7,11,1.18781196974957
NOx,8,1,12,1.15647533899976
NOx,8,2,12,1.15269259757733
NOx,8,3,12,1.152156174265
NOx,8,4,12,1.15353314456043
NOx,8,5,12,1.15520539951213
NOx,8,6,12,1.15996693772347
NOx,8,7,12,1.1724772140135
NOx,8,1,13,1.17481957184178
NOx,8,2,13,1.17027246165266
NOx,8,3,13,1.16952615001005
NOx,8,4,13,1.1708685058869
NOx,8,5,13,1.1722118182268
NOx,8,6,13,1.17618522681827
NOx,8,7,13,1.18639732069101
NOx,8,1,14,1.21982801823231
NOx,8,2,14,1.21294748167339
NOx,8,3,14,1.21157281245318
NOx,8,4,14,1.21278072147469
NOx,8,5,14,1.21344128134453
NOx,8,6,14,1.21670357958266
NOx,8,7,14,1.22619642927301
NOx,8,1,15,1.25733005408199
NOx,8,2,15,1.24835955603888
NOx,8,3,15,1.24640005573703
NOx,8,4,15,1.2474012142361
NOx,8,5,15,1.2473871914684
NOx,8,6,15,1.25002555187525
NOx,8,7,15,1.25925638662184
NOx,8,1,16,1.25211276481929
NOx,8,2,16,1.24317718190932
NOx,8,3,16,1.24115527241462
NOx,8,4,16,1.2419074520704
NOx,8,5,16,1.2415954108596
NOx,8,6,16,1.2436636436738
NOx,8,7,16,1.25175761948129
NOx,8,1,17,1.19938612501927
NOx,8,2,17,1.1928204892695
NOx,8,3,17,1.19131639943177
NOx,8,4,17,1.19177037821568
NOx,8,5,17,1.19150625802134
NOx,8,6,17,1.19295021979608
NOx,8,7,17,1.19871873975919
NOx,8,1,18,1.11399158182897
NOx,8,2,18,1.11126273941895
NOx,8,3,18,1.11064280613015
NOx,8,4,18,1.11071849016527
NOx,8,5,18,1.11056025316124
NOx,8,6,18,1.11116982453592
NOx,8,7,18,1.11376760430202
NOx,8,1,19,1.01462738426253
NOx,8,2,19,1.01620509863009
NOx,8,3,19,1.01658839189849
NOx,8,4,19,1.01621164537024
NOx,8,5,19,1.01600379404472
NOx,8,6,19,1.01551292936576
NOx,8,7,19,1.01453321686298
NOx,8,1,20,0.888670360695384
NOx,8,2,20,0.893708232089519
NOx,8,3,20,0.894883576202393
NOx,8,4,20,0.894093309370703
NOx,8,5,20,0.893693578580933
NOx,8,6,20,0.892070406363957
NOx,8,7,20,0.887787385099589
NOx,8,1,21,0.821099137772039
NOx,8,2,21,0.827475306971224
NOx,8,3,21,0.828911037243073
NOx,8,4,21,0.827870928250533
NOx,8,5,21,0.827192132421501
NOx,8,6,21,0.824674963986619
NOx,8,7,21,0.818032457805521
NOx,8,1,22,0.802611042370768
NOx,8,2,22,0.808682570038917
NOx,8,3,22,0.809967896663313
NOx,8,4,22,0.808833264253008
NOx,8,5,22,0.807867270297686
NOx,8,6,22,0.804680333475565
NOx,8,7,22,0.796311361959775
NOx,8,1,23,0.772240214148374
NOx,8,2,23,0.778360572069195
NOx,8,3,23,0.779587348049466
NOx,8,4,23,0.778390000025452
NOx,8,5,23,0.777228463279839
NOx,8,6,23,0.77333601966811
NOx,8,7,23,0.762714739772595
NOx,9,1,0,0.984241947559021
NOx,9,2,0,0.984241947559021
NOx,9,3,0,0.984241947559021
NOx,9,4,0,0.984241947559021
NOx,9,5,0,0.984241947559021
NOx,9,6,0,0.984241947559021
NOx,9,7,0,0.984241947559021
NOx,9,1,1,0.984241947559021
NOx,9,2,1,0.984241947559021
NOx,9,3,1,0.984241947559021
NOx,9,4,1,0.984241947559021
NOx,9,5,1,0.984241947559021
NOx,9,6,1,0.984241947559021
NOx,9,7,1,0.984241947559021
NOx,9,1,2,0.984241947559021
NOx,9,2,2,0.984241947559021
NOx,9,3,2,0.984241947559021
NOx,9,4,2,0.984241947559021
NOx,9,5,2,0.984241947559021
NOx,9,6,2,0.984241947559021
NOx,9,7,2,0.984241947559021
NOx,9,1,3,0.984241947559021
NOx,9,2,3,0.984241947559021
NOx,9,3,3,0.984241947559021
NOx,9,4,3,0.984241947559021
NOx,9,5,3,0.984241947559021
NOx,9,6,3,0.984241947559021
NOx,9,7,3,0.984241947559021
NOx,9,1,4,0.984241947559021
NOx,9,2,4,0.984241947559021
NOx,9,3,4,0.984241947559021
NOx,9,4,4,0.984241947559021
NOx,9,5,4,0.984241947559021
NOx,9,6,4,0.984241947559021
NOx,9,7,4,0.984241947559021
NOx,9,1,5,0.997748855092641
NOx,9,2,5,0.997748855092641
NOx,9,3,5,0.997748855092641
NOx,9,4,5,0.997748855092641
NOx,9,5,5,0.997748855092641
NOx,9,6,5,0.997748855092641
NOx,9,7,5,0.997748855092641
NOx,9,1,6,0.997748855092641
NOx,9,2,6,0.997748855092641
NOx,9,3,6,0.997748855092641
NOx,9,4,6,0.997748855092641
NOx,9,5,6,0.997748855092641
NOx,9,6,6,0.997748855092641
NOx,9,7,6,0.997748855092641
NOx,9,1,7,1.01125574992977
NOx,9,2,7,1.01125574992977
NOx,9,3,7,1.01125574992977
NOx,9,4,7,1.01125574992977
NOx,9,5,7,1.01125574992977
NOx,9,6,7,1.01125574992977
NOx,9,7,7,1.01125574992977
NOx,9,1,8,1.01125574992977
NOx,9,2,8,1.01125574992977
NOx,9,3,8,1.01125574992977
NOx,9,4,8,1.01125574992977
NOx,9,5,8,1.01125574992977
NOx,9,6,8,1.01125574992977
NOx,9,7,8,1.01125574992977
NOx,9,1,9,1.01125574992977
NOx,9,2,9,1.01125574992977
NOx,9,3,9,1.01125574992977
NOx,9,4,9,1.01125574992977
NOx,9,5,9,1.01125574992977
NOx,9,6,9,1.01125574992977
NOx,9,7,9,1.01125574992977
NOx,9,1,10,1.01125574992977
NOx,9,2,10,1.01125574992977
NOx,9,3,10,1.01125574992977
NOx,9,4,10,1.01125574992977
NOx,9,5,10,1.01125574992977
NOx,9,6,10,1.01125574992977
NOx,9,7,10,1.01125574992977
NOx,9,1,11,1.01125574992977
NOx,9,2,11,1.01125574992977
NOx,9,3,11,1.01125574992977
NOx,9,4,11,1.01125574992977
NOx,9,5,11,1.01125574992977
NOx,9,6,11,1.01125574992977
NOx,9,7,11,1.01125574992977
NOx,9,1,12,1.01125574992977
NOx,9,2,12,1.01125574992977
NOx,9,3,12,1.01125574992977
NOx,9,4,12,1.01125574992977
NOx,9,5,12,1.01125574992977
NOx,9,6,12,1.01125574992977
NOx,9,7,12,1.01125574992977
NOx,9,1,13,1.01125574992977
NOx,9,2,13,1.01125574992977
NOx,9,3,13,1.01125574992977
NOx,9,4,13,1.01125574992977
NOx,9,5,13,1.01125574992977
NOx,9,6,13,1.01125574992977
NOx,9,7,13,1.01125574992977
NOx,9,1,14,1.01125574992977
NOx,9,2,14,1.01125574992977
NOx,9,3,14,1.01125574992977
NOx,9,4,14,1.01125574992977
NOx,9,5,14,1.01125574992977
NOx,9,6,14,1.01125574992977
NOx,9,7,14,1.01125574992977
NOx,9,1,15,1.01125574992977
NOx,9,2,15,1.01125574992977
NOx,9,3,15,1.01125574992977
NOx,9,4,15,1.01125574992977
NOx,9,5,15,1.01125574992977
NOx,9,6,15,1.01125574992977
NOx,9,7,15,1.01125574992977
NOx,9,1,16,1.01125574992977
NOx,9,2,16,1.01125574992977
NOx,9,3,16,1.01125574992977
NOx,9,4,16,1.01125574992977
NOx,9,5,16,1.01125574992977
NOx,9,6,16,1.01125574992977
NOx,9,7,16,1.01125574992977
NOx,9,1,17,1.01125574992977
NOx,9,2,17,1.01125574992977
NOx,9,3,17,1.01125574992977
NOx,9,4,17,1.01125574992977
NOx,9,5,17,1.01125574992977
NOx,9,6,17,1.01125574992977
NOx,9,7,17,1.01125574992977
NOx,9,1,18,1.01125574992977
NOx,9,2,18,1.01125574992977
NOx,9,3,18,1.01125574992977
NOx,9,4,18,1.01125574992977
NOx,9,5,18,1.01125574992977
NOx,9,6,18,1.01125574992977
NOx,9,7,18,1.01125574992977
NOx,9,1,19,0.997748855092641
NOx,9,2,19,0.997748855092641
NOx,9,3,19,0.997748855092641
NOx,9,4,19,0.997748855092641
NOx,9,5,19,0.997748855092641
NOx,9,6,19,0.997748855092641
NOx,9,7,19,0.997748855092641
NOx,9,1,20,0.997748855092641
NOx,9,2,20,0.997748855092641
NOx,9,3,20,0.997748855092641
NOx,9,4,20,0.997748855092641
NOx,9,5,20,0.997748855092641
NOx,9,6,20,0.997748855092641
NOx,9,7,20,0.997748855092641
NOx,9,1,21,0.984241947559021
NOx,9,2,21,0.984241947559021
NOx,9,3,21,0.984241947559021
NOx,9,4,21,0.984241947559021
NOx,9,5,21,0.984241947559021
NOx,9,6,21,0.984241947559021
NOx,9,7,21,0.984241947559021
NOx,9,1,22,0.984241947559021
NOx,9,2,22,0.984241947559021
NOx,9,3,22,0.984241947559021
NOx,9,4,22,0.984241947559021
NOx,9,5,22,0.984241947559021
NOx,9,6,22,0.984241947559021
NOx,9,7,22,0.984241947559021
NOx,9,1,23,0.984241947559021
NOx,9,2,23,0.984241947559021
NOx,9,3,23,0.984241947559021
NOx,9,4,23,0.984241947559021
NOx,9,5,23,0.984241947559021
NOx,9,6,23,0.984241947559021
NOx,9,7,23,0.984241947559021
NOx,10,1,0,0.59627328178882
NOx,10,2,0,0.59627328178882
NOx,10,3,0,0.59627328178882
NOx,10,4,0,0.59627328178882
NOx,10,5,0,0.59627328178882
NOx,10,6,0,0.797507784797508
NOx,10,7,0,0.898595950202808
NOx,10,1,1,0.59627328178882
NOx,10,2,1,0.59627328178882
NOx,10,3,1,0.59627328178882
NOx,10,4,1,0.59627328178882
NOx,10,5,1,0.59627328178882
NOx,10,6,1,0.797507784797508
NOx,10,7,1,0.898595950202808
NOx,10,1,2,0.59627328178882
NOx,10,2,2,0.59627328178882
NOx,10,3,2,0.59627328178882
NOx,10,4,2,0.59627328178882
NOx,10,5,2,0.59627328178882
NOx,10,6,2,0.797507784797508
NOx,10,7,2,0.898595950202808
NOx,10,1,3,0.59627328178882
NOx,10,2,3,0.59627328178882
NOx,10,3,3,0.59627328178882
NOx,10,4,3,0.59627328178882
NOx,10,5,3,0.59627328178882
NOx,10,6,3,0.797507784797508
NOx,10,7,3,0.898595950202808
NOx,10,1,4,0.59627328178882
NOx,10,2,4,0.59627328178882
NOx,10,3,4,0.59627328178882
NOx,10,4,4,0.59627328178882
NOx,10,5,4,0.59627328178882
NOx,10,6,4,0.797507784797508
NOx,10,7,4,0.898595950202808
NOx,10,1,5,0.645962737937888
NOx,10,2,5,0.645962737937888
NOx,10,3,5,0.645962737937888
NOx,10,4,5,0.645962737937888
NOx,10,5,5,0.645962737937888
NOx,10,6,5,0.82242991282243
NOx,10,7,5,0.911076430177847
NOx,10,1,6,0.745341626236025
NOx,10,2,6,0.745341626236025
NOx,10,3,6,0.745341626236025
NOx,10,4,6,0.745341626236025
NOx,10,5,6,0.745341626236025
NOx,10,6,6,0.872274144872274
NOx,10,7,6,0.936037438127926
NOx,10,1,7,0.894409946683231
NOx,10,2,7,0.894409946683231
NOx,10,3,7,0.894409946683231
NOx,10,4,7,0.894409946683231
NOx,10,5,7,0.894409946683231
NOx,10,6,7,0.947040504947041
NOx,10,7,7,0.973478926053042
NOx,10,1,8,1.0931676992795
NOx,10,2,8,1.0931676992795
NOx,10,3,8,1.0931676992795
NOx,10,4,8,1.0931676992795
NOx,10,5,8,1.0931676992795
NOx,10,6,8,1.04672896904673
NOx,10,7,8,1.0234009419532
NOx,10,1,9,1.34161490802484
NOx,10,2,9,1.34161490802484
NOx,10,3,9,1.34161490802484
NOx,10,4,9,1.34161490802484
NOx,10,5,9,1.34161490802484
NOx,10,6,9,1.17133956117134
NOx,10,7,9,1.08580343782839
NOx,10,1,10,1.44099379632298
NOx,10,2,10,1.44099379632298
NOx,10,3,10,1.44099379632298
NOx,10,4,10,1.44099379632298
NOx,10,5,10,1.44099379632298
NOx,10,6,10,1.22118379322118
NOx,10,7,10,1.11076442177847
NOx,10,1,11,1.59006211677019
NOx,10,2,11,1.59006211677019
NOx,10,3,11,1.59006211677019
NOx,10,4,11,1.59006211677019
NOx,10,5,11,1.59006211677019
NOx,10,6,11,1.29595015329595
NOx,10,7,11,1.14820593370359
NOx,10,1,12,1.78881986936646
NOx,10,2,12,1.78881986936646
NOx,10,3,12,1.78881986936646
NOx,10,4,12,1.78881986936646
NOx,10,5,12,1.78881986936646
NOx,10,6,12,1.39563864139564
NOx,10,7,12,1.19812792560374
NOx,10,1,13,1.73913043721739
NOx,10,2,13,1.73913043721739
NOx,10,3,13,1.73913043721739
NOx,10,4,13,1.73913043721739
NOx,10,5,13,1.73913043721739
NOx,10,6,13,1.37071651337072
NOx,10,7,13,1.18564742162871
NOx,10,1,14,1.68944100506832
NOx,10,2,14,1.68944100506832
NOx,10,3,14,1.68944100506832
NOx,10,4,14,1.68944100506832
NOx,10,5,14,1.68944100506832
NOx,10,6,14,1.34579438534579
NOx,10,7,14,1.17316691765367
NOx,10,1,15,1.54037268462112
NOx,10,2,15,1.54037268462112
NOx,10,3,15,1.54037268462112
NOx,10,4,15,1.54037268462112
NOx,10,5,15,1.54037268462112
NOx,10,6,15,1.27102804927103
NOx,10,7,15,1.13572542972855
NOx,10,1,16,1.34161490802484
NOx,10,2,16,1.34161490802484
NOx,10,3,16,1.34161490802484
NOx,10,4,16,1.34161490802484
NOx,10,5,16,1.34161490802484
NOx,10,6,16,1.17133956117134
NOx,10,7,16,1.08580343782839
NOx,10,1,17,1.0931676992795
NOx,10,2,17,1.0931676992795
NOx,10,3,17,1.0931676992795
NOx,10,4,17,1.0931676992795
NOx,10,5,17,1.0931676992795
NOx,10,6,17,1.04672896904673
NOx,10,7,17,1.0234009419532
NOx,10,1,18,0.894409946683231
NOx,10,2,18,0.894409946683231
NOx,10,3,18,0.894409946683231
NOx,10,4,18,0.894409946683231
NOx,10,5,18,0.894409946683231
NOx,10,6,18,0.947040504947041
NOx,10,7,18,0.973478926053042
NOx,10,1,19,0.745341626236025
NOx,10,2,19,0.745341626236025
NOx,10,3,19,0.745341626236025
NOx,10,4,19,0.745341626236025
NOx,10,5,19,0.745341626236025
NOx,10,6,19,0.872274144872274
NOx,10,7,19,0.936037438127926
NOx,10,1,20,0.645962737937888
NOx,10,2,20,0.645962737937888
NOx,10,3,20,0.645962737937888
NOx,10,4,20,0.645962737937888
NOx,10,5,20,0.645962737937888
NOx,10,6,20,0.82242991282243
NOx,10,7,20,0.911076430177847
NOx,10,1,21,0.59627328178882
NOx,10,2,21,0.59627328178882
NOx,10,3,21,0.59627328178882
NOx,10,4,21,0.59627328178882
NOx,10,5,21,0.59627328178882
NOx,10,6,21,0.797507784797508
NOx,10,7,21,0.898595950202808
NOx,10,1,22,0.59627328178882
NOx,10,2,22,0.59627328178882
NOx,10,3,22,0.59627328178882
NOx,10,4,22,0.59627328178882
NOx,10,5,22,0.59627328178882
NOx,10,6,22,0.797507784797508
NOx,10,7,22,0.898595950202808
NOx,10,1,23,0.59627328178882
NOx,10,2,23,0.59627328178882
NOx,10,3,23,0.59627328178882
NOx,10,4,23,0.59627328178882
NOx,10,5,23,0.59627328178882
NOx,10,6,23,0.797507784797508
NOx,10,7,23,0.898595950202808
NOx,11,1,0,0.800945354976698
NOx,11,2,0,0.800945354976698
NOx,11,3,0,0.800945354976698
NOx,11,4,0,0.800945354976698
NOx,11,5,0,0.800945354976698
NOx,11,6,0,0.900162624371988
NOx,11,7,0,0.950003439886911
NOx,11,1,1,0.800945354976698
NOx,11,2,1,0.800945354976698
NOx,11,3,1,0.800945354976698
NOx,11,4,1,0.800945354976698
NOx,11,5,1,0.800945354976698
NOx,11,6,1,0.900162624371988
NOx,11,7,1,0.950003439886911
NOx,11,1,2,0.800945354976698
NOx,11,2,2,0.800945354976698
NOx,11,3,2,0.800945354976698
NOx,11,4,2,0.800945354976698
NOx,11,5,2,0.800945354976698
NOx,11,6,2,0.900162624371988
NOx,11,7,2,0.950003439886911
NOx,11,1,3,0.800945354976698
NOx,11,2,3,0.800945354976698
NOx,11,3,3,0.800945354976698
NOx,11,4,3,0.800945354976698
NOx,11,5,3,0.800945354976698
NOx,11,6,3,0.900162624371988
NOx,11,7,3,0.950003439886911
NOx,11,1,4,0.800945354976698
NOx,11,2,4,0.800945354976698
NOx,11,3,4,0.800945354976698
NOx,11,4,4,0.800945354976698
NOx,11,5,4,0.800945354976698
NOx,11,6,4,0.900162624371988
NOx,11,7,4,0.950003439886911
NOx,11,1,5,0.825444395067425
NOx,11,2,5,0.825444395067425
NOx,11,3,5,0.825444395067425
NOx,11,4,5,0.825444395067425
NOx,11,5,5,0.825444395067425
NOx,11,6,5,0.912450305923525
NOx,11,7,5,0.956156853567728
NOx,11,1,6,0.874442463415849
NOx,11,2,6,0.874442463415849
NOx,11,3,6,0.874442463415849
NOx,11,4,6,0.874442463415849
NOx,11,5,6,0.874442463415849
NOx,11,6,6,0.937025657193566
NOx,11,7,6,0.968463704595426
NOx,11,1,7,0.947939560021968
NOx,11,2,7,0.947939560021968
NOx,11,3,7,0.947939560021968
NOx,11,4,7,0.947939560021968
NOx,11,5,7,0.947939560021968
NOx,11,6,7,0.973888690015145
NOx,11,7,7,0.986923969303941
NOx,11,1,8,1.04593568488578
NOx,11,2,8,1.04593568488578
NOx,11,3,8,1.04593568488578
NOx,11,4,8,1.04593568488578
NOx,11,5,8,1.04593568488578
NOx,11,6,8,1.02303939255523
NOx,11,7,8,1.01153767135934
NOx,11,1,9,1.16843084984032
NOx,11,2,9,1.16843084984032
NOx,11,3,9,1.16843084984032
NOx,11,4,9,1.16843084984032
NOx,11,5,9,1.16843084984032
NOx,11,6,9,1.08447777664685
NOx,11,7,9,1.04230478709555
NOx,11,1,10,1.21742891818875
NOx,11,2,10,1.21742891818875
NOx,11,3,10,1.21742891818875
NOx,11,4,10,1.21742891818875
NOx,11,5,10,1.21742891818875
NOx,11,6,10,1.10905312791689
NOx,11,7,10,1.05461162629022
NOx,11,1,11,1.29092601479487
NOx,11,2,11,1.29092601479487
NOx,11,3,11,1.29092601479487
NOx,11,4,11,1.29092601479487
NOx,11,5,11,1.29092601479487
NOx,11,6,11,1.14591616073847
NOx,11,7,11,1.07307190283177
NOx,11,1,12,1.38892213965868
NOx,11,2,12,1.38892213965868
NOx,11,3,12,1.38892213965868
NOx,11,4,12,1.38892213965868
NOx,11,5,12,1.38892213965868
NOx,11,6,12,1.19506687511159
NOx,11,7,12,1.09768559305413
NOx,11,1,13,1.36442311140098
NOx,11,2,13,1.36442311140098
NOx,11,3,13,1.36442311140098
NOx,11,4,13,1.36442311140098
NOx,11,5,13,1.36442311140098
NOx,11,6,13,1.18277919356005
NOx,11,7,13,1.09153216754028
NOx,11,1,14,1.33992408314329
NOx,11,2,14,1.33992408314329
NOx,11,3,14,1.33992408314329
NOx,11,4,14,1.33992408314329
NOx,11,5,14,1.33992408314329
NOx,11,6,14,1.17049151200851
NOx,11,7,14,1.08537874202643
NOx,11,1,15,1.26642698653717
NOx,11,2,15,1.26642698653717
NOx,11,3,15,1.26642698653717
NOx,11,4,15,1.26642698653717
NOx,11,5,15,1.26642698653717
NOx,11,6,15,1.13362849101997
NOx,11,7,15,1.06691847731792
NOx,11,1,16,1.16843084984032
NOx,11,2,16,1.16843084984032
NOx,11,3,16,1.16843084984032
NOx,11,4,16,1.16843084984032
NOx,11,5,16,1.16843084984032
NOx,11,6,16,1.08447777664685
NOx,11,7,16,1.04230478709555
NOx,11,1,17,1.04593568488578
NOx,11,2,17,1.04593568488578
NOx,11,3,17,1.04593568488578
NOx,11,4,17,1.04593568488578
NOx,11,5,17,1.04593568488578
NOx,11,6,17,1.02303939255523
NOx,11,7,17,1.01153767135934
NOx,11,1,18,0.947939560021968
NOx,11,2,18,0.947939560021968
NOx,11,3,18,0.947939560021968
NOx,11,4,18,0.947939560021968
NOx,11,5,18,0.947939560021968
NOx,11,6,18,0.973888690015145
NOx,11,7,18,0.986923969303941
NOx,11,1,19,0.874442463415849
NOx,11,2,19,0.874442463415849
NOx,11,3,19,0.874442463415849
NOx,11,4,19,0.874442463415849
NOx,11,5,19,0.874442463415849
NOx,11,6,19,0.937025657193566
NOx,11,7,19,0.968463704595426
NOx,11,1,20,0.825444395067425
NOx,11,2,20,0.825444395067425
NOx,11,3,20,0.825444395067425
NOx,11,4,20,0.825444395067425
NOx,11,5,20,0.825444395067425
NOx,11,6,20,0.912450305923525
NOx,11,7,20,0.956156853567728
NOx,11,1,21,0.800945354976698
NOx,11,2,21,0.800945354976698
NOx,11,3,21,0.800945354976698
NOx,11,4,21,0.800945354976698
NOx,11,5,21,0.800945354976698
NOx,11,6,21,0.900162624371988
NOx,11,7,21,0.950003439886911
NOx,11,1,22,0.800945354976698
NOx,11,2,22,0.800945354976698
NOx,11,3,22,0.800945354976698
NOx,11,4,22,0.800945354976698
NOx,11,5,22,0.800945354976698
NOx,11,6,22,0.900162624371988
NOx,11,7,22,0.950003439886911
NOx,11,1,23,0.800945354976698
NOx,11,2,23,0.800945354976698
NOx,11,3,23,0.800945354976698
NOx,11,4,23,0.800945354976698
NOx,11,5,23,0.800945354976698
NOx,11,6,23,0.900162624371988
NOx,11,7,23,0.950003439886911
