Profile_ID,yday,N
INDU_MAN_GEN,15,0.903300521134916
INDU_MAN_GEN,15,0.987832508181589
INDU_MAN_GEN,15,0.969790859798606
INDU_MAN_GEN,15,0.957347608357797
INDU_MAN_GEN,15,0.932542372881356
INDU_MAN_GEN,15,0.914401828803658
INDU_MAN_GEN,15,0.927579365079365
INDU_MAN_GEN,15,0.976549000246853
INDU_MAN_GEN,15,0.997885119702225
INDU_MAN_GEN,15,0.931111111111111
INDU_MAN_GEN,15,0.875873661859683
INDU_MAN_GEN,15,0.897118629402094
INDU_MAN_GEN,15,0.949829261886
INDU_MAN_GEN,15,0.943092309053898
INDU_MAN_GEN,15,0.942857142857143
INDU_MAN_GEN,15,0.928824699472455
INDU_MAN_GEN,15,0.898395721925134
INDU_MAN_GEN,15,0.935603506405934
INDU_MAN_GEN,15,0.973
INDU_MAN_GEN,15,0.980978950038042
INDU_MAN_GEN,15,1.05541490857947
INDU_MAN_GEN,45,0.987674745636529
INDU_MAN_GEN,45,0.967693211378703
INDU_MAN_GEN,45,0.964626904208624
INDU_MAN_GEN,45,0.942842341564497
INDU_MAN_GEN,45,0.948813559322034
INDU_MAN_GEN,45,0.951993903987808
INDU_MAN_GEN,45,0.936507936507937
INDU_MAN_GEN,45,0.941002221673661
INDU_MAN_GEN,45,1.01108197276034
INDU_MAN_GEN,45,0.935555555555556
INDU_MAN_GEN,45,0.917278598602141
INDU_MAN_GEN,45,0.9417668945228
INDU_MAN_GEN,45,0.982400840556869
INDU_MAN_GEN,45,0.923975573059563
INDU_MAN_GEN,45,0.934595524956971
INDU_MAN_GEN,45,0.947504972757935
INDU_MAN_GEN,45,0.960496808694152
INDU_MAN_GEN,45,0.937626432906271
INDU_MAN_GEN,45,0.949
INDU_MAN_GEN,45,0.96981993406036
INDU_MAN_GEN,45,1.04753867791842
INDU_MAN_GEN,75,1.10877657374473
INDU_MAN_GEN,75,1.09054292187631
INDU_MAN_GEN,75,1.03485670023238
INDU_MAN_GEN,75,1.03505439475047
INDU_MAN_GEN,75,1.10949152542373
INDU_MAN_GEN,75,1.04343408686817
INDU_MAN_GEN,75,1.08630952380952
INDU_MAN_GEN,75,1.05751666255246
INDU_MAN_GEN,75,1.01717282801793
INDU_MAN_GEN,75,1.05666666666667
INDU_MAN_GEN,75,1.0913916659294
INDU_MAN_GEN,75,1.11101496928269
INDU_MAN_GEN,75,1.08852114525873
INDU_MAN_GEN,75,1.02911762102841
INDU_MAN_GEN,75,1.05955249569707
INDU_MAN_GEN,75,1.10524950272421
INDU_MAN_GEN,75,1.07641883732965
INDU_MAN_GEN,75,1.10957518543493
INDU_MAN_GEN,75,1.059
INDU_MAN_GEN,75,1.0945980218108
INDU_MAN_GEN,75,1.10829817158931
INDU_MAN_GEN,105,0.921168003970552
INDU_MAN_GEN,105,0.94856087941596
INDU_MAN_GEN,105,1.01626646010844
INDU_MAN_GEN,105,0.975997237092039
INDU_MAN_GEN,105,0.983389830508474
INDU_MAN_GEN,105,0.985521971043942
INDU_MAN_GEN,105,0.926587301587302
INDU_MAN_GEN,105,0.954825968896569
INDU_MAN_GEN,105,1.02935453853312
INDU_MAN_GEN,105,0.991111111111111
INDU_MAN_GEN,105,0.968238520746705
INDU_MAN_GEN,105,0.950073548498745
INDU_MAN_GEN,105,0.944575781455214
INDU_MAN_GEN,105,0.989822108151164
INDU_MAN_GEN,105,0.984165232358004
INDU_MAN_GEN,105,0.989016691170112
INDU_MAN_GEN,105,0.995687424529929
INDU_MAN_GEN,105,0.918408631153068
INDU_MAN_GEN,105,0.977
INDU_MAN_GEN,105,0.963733198072534
INDU_MAN_GEN,105,0.745991561181435
INDU_MAN_GEN,135,1.0154686078253
INDU_MAN_GEN,135,1.01804145338592
INDU_MAN_GEN,135,1.03898786470436
INDU_MAN_GEN,135,0.983249870488689
INDU_MAN_GEN,135,0.967118644067797
INDU_MAN_GEN,135,0.997713995427991
INDU_MAN_GEN,135,1.02083333333333
INDU_MAN_GEN,135,1.02394470501111
INDU_MAN_GEN,135,1.00296083241689
INDU_MAN_GEN,135,0.955555555555556
INDU_MAN_GEN,135,0.95762187029992
INDU_MAN_GEN,135,1.0030284675954
INDU_MAN_GEN,135,1.02968216443394
INDU_MAN_GEN,135,1.01212496681122
INDU_MAN_GEN,135,0.977969018932874
INDU_MAN_GEN,135,0.95580731644037
INDU_MAN_GEN,135,0.98844229774021
INDU_MAN_GEN,135,1.0074173971679
INDU_MAN_GEN,135,1.014
INDU_MAN_GEN,135,1.01547045396906
INDU_MAN_GEN,135,0.79887482419128
INDU_MAN_GEN,165,1.04127719414344
INDU_MAN_GEN,165,1.01602752370563
INDU_MAN_GEN,165,0.940872708494707
INDU_MAN_GEN,165,1.00707995164911
INDU_MAN_GEN,165,1.03525423728814
INDU_MAN_GEN,165,1.0505461010922
INDU_MAN_GEN,165,1.04464285714286
INDU_MAN_GEN,165,1.01110836830412
INDU_MAN_GEN,165,1.00905168767448
INDU_MAN_GEN,165,1.02888888888889
INDU_MAN_GEN,165,1.04149340882951
INDU_MAN_GEN,165,1.05598338669205
INDU_MAN_GEN,165,1.00446545836617
INDU_MAN_GEN,165,0.998318435259757
INDU_MAN_GEN,165,1.02444061962134
INDU_MAN_GEN,165,1.0575110265502
INDU_MAN_GEN,165,1.05157840262205
INDU_MAN_GEN,165,1.04686446392448
INDU_MAN_GEN,165,1.029
INDU_MAN_GEN,165,0.985036774029926
INDU_MAN_GEN,165,0.980028129395218
INDU_MAN_GEN,195,0.949954504094631
INDU_MAN_GEN,195,0.97876982462029
INDU_MAN_GEN,195,1.02246320681642
INDU_MAN_GEN,195,1.02469348989812
INDU_MAN_GEN,195,0.970169491525424
INDU_MAN_GEN,195,0.975361950723902
INDU_MAN_GEN,195,0.968253968253968
INDU_MAN_GEN,195,0.983460873858307
INDU_MAN_GEN,195,1.02224854073259
INDU_MAN_GEN,195,1.01777777777778
INDU_MAN_GEN,195,0.995841811908343
INDU_MAN_GEN,195,0.972916846932595
INDU_MAN_GEN,195,1.00551615445232
INDU_MAN_GEN,195,1.03336578458271
INDU_MAN_GEN,195,1.03166953528399
INDU_MAN_GEN,195,1.01703710109833
INDU_MAN_GEN,195,0.959461790581335
INDU_MAN_GEN,195,0.961901550910317
INDU_MAN_GEN,195,0.995
INDU_MAN_GEN,195,1.02764392594471
INDU_MAN_GEN,195,1.0295358649789
INDU_MAN_GEN,225,0.976755728348085
INDU_MAN_GEN,225,0.985818578501301
INDU_MAN_GEN,225,0.949135037438678
INDU_MAN_GEN,225,0.919012260404075
INDU_MAN_GEN,225,0.927457627118644
INDU_MAN_GEN,225,0.981457962915926
INDU_MAN_GEN,225,0.985119047619048
INDU_MAN_GEN,225,0.987410515921995
INDU_MAN_GEN,225,0.933931139497505
INDU_MAN_GEN,225,0.923333333333333
INDU_MAN_GEN,225,0.969300185791383
INDU_MAN_GEN,225,0.987453491390499
INDU_MAN_GEN,225,0.982400840556869
INDU_MAN_GEN,225,0.953712717939641
INDU_MAN_GEN,225,0.921170395869191
INDU_MAN_GEN,225,0.907031047306063
INDU_MAN_GEN,225,0.967741935483871
INDU_MAN_GEN,225,0.968981793661497
INDU_MAN_GEN,225,0.973
INDU_MAN_GEN,225,0.938371798123256
INDU_MAN_GEN,225,0.942897327707454
INDU_MAN_GEN,255,1.01943915956655
INDU_MAN_GEN,255,0.986825543341445
INDU_MAN_GEN,255,1.02556158017041
INDU_MAN_GEN,255,1.05059575202901
INDU_MAN_GEN,255,1.05254237288136
INDU_MAN_GEN,255,1.04648209296419
INDU_MAN_GEN,255,1.03373015873016
INDU_MAN_GEN,255,0.995309800049371
INDU_MAN_GEN,255,1.03747567887658
INDU_MAN_GEN,255,1.06111111111111
INDU_MAN_GEN,255,1.06909669999115
INDU_MAN_GEN,255,1.05909838193303
INDU_MAN_GEN,255,0.998161281849225
INDU_MAN_GEN,255,1.0418621116913
INDU_MAN_GEN,255,1.06884681583477
INDU_MAN_GEN,255,1.06996454207386
INDU_MAN_GEN,255,1.0671036743143
INDU_MAN_GEN,255,1.04888739042481
INDU_MAN_GEN,255,1.008
INDU_MAN_GEN,255,1.02054273395891
INDU_MAN_GEN,255,1.09367088607595
INDU_MAN_GEN,285,1.05418148730251
INDU_MAN_GEN,285,1.07241755475371
INDU_MAN_GEN,285,1.07616834495223
INDU_MAN_GEN,285,1.09203937143844
INDU_MAN_GEN,285,1.01898305084746
INDU_MAN_GEN,285,1.01905003810008
INDU_MAN_GEN,285,1.06051587301587
INDU_MAN_GEN,285,1.07825228338682
INDU_MAN_GEN,285,1.06792995516454
INDU_MAN_GEN,285,1.06111111111111
INDU_MAN_GEN,285,1.04361673891887
INDU_MAN_GEN,285,1.01237345331834
INDU_MAN_GEN,285,1.06015235093249
INDU_MAN_GEN,285,1.08434374723427
INDU_MAN_GEN,285,1.06781411359725
INDU_MAN_GEN,285,1.03571737438381
INDU_MAN_GEN,285,0.99879247886838
INDU_MAN_GEN,285,1.04787592717465
INDU_MAN_GEN,285,1.061
INDU_MAN_GEN,285,1.06720770986558
INDU_MAN_GEN,285,1.09029535864979
INDU_MAN_GEN,315,1.08693853916784
INDU_MAN_GEN,315,1.04825039859025
INDU_MAN_GEN,315,1.03485670023238
INDU_MAN_GEN,315,1.02158521844241
INDU_MAN_GEN,315,1.07186440677966
INDU_MAN_GEN,315,1.0739141478283
INDU_MAN_GEN,315,1.07936507936508
INDU_MAN_GEN,315,1.06936558874352
INDU_MAN_GEN,315,0.960324845613738
INDU_MAN_GEN,315,1.05111111111111
INDU_MAN_GEN,315,1.08183668052729
INDU_MAN_GEN,315,1.05702171843904
INDU_MAN_GEN,315,1.03808773312319
INDU_MAN_GEN,315,1.03336578458271
INDU_MAN_GEN,315,0.998623063683305
INDU_MAN_GEN,315,1.01496151517772
INDU_MAN_GEN,315,1.05571847507331
INDU_MAN_GEN,315,1.06810519217802
INDU_MAN_GEN,315,1.042
INDU_MAN_GEN,315,1.00634034998732
INDU_MAN_GEN,315,1.08241912798875
INDU_MAN_GEN,345,0.935064935064935
INDU_MAN_GEN,345,0.899219602248888
INDU_MAN_GEN,345,0.926413632842758
INDU_MAN_GEN,345,0.990502503885339
INDU_MAN_GEN,345,0.982372881355932
INDU_MAN_GEN,345,0.960121920243841
INDU_MAN_GEN,345,0.930555555555556
INDU_MAN_GEN,345,0.921254011355221
INDU_MAN_GEN,345,0.910582861010067
INDU_MAN_GEN,345,0.986666666666667
INDU_MAN_GEN,345,0.988410156595594
INDU_MAN_GEN,345,0.952150211992732
INDU_MAN_GEN,345,0.916206987128973
INDU_MAN_GEN,345,0.956898840605363
INDU_MAN_GEN,345,0.988296041308089
INDU_MAN_GEN,345,0.971374210844936
INDU_MAN_GEN,345,0.980162152837675
INDU_MAN_GEN,345,0.948752528658125
INDU_MAN_GEN,345,0.92
INDU_MAN_GEN,345,0.930256150139488
INDU_MAN_GEN,345,1.02503516174402
 INDU_PRO_GEN,15,0.945266619685224
 INDU_PRO_GEN,15,1.01701383367785
 INDU_PRO_GEN,15,0.995079454706784
 INDU_PRO_GEN,15,0.988429484586131
 INDU_PRO_GEN,15,0.96969696969697
 INDU_PRO_GEN,15,0.956514723678903
 INDU_PRO_GEN,15,0.981330780277645
 INDU_PRO_GEN,15,1.00657425742574
 INDU_PRO_GEN,15,1.03090776344609
 INDU_PRO_GEN,15,0.985043111032905
 INDU_PRO_GEN,15,0.950373895309314
 INDU_PRO_GEN,15,0.977029096477795
 INDU_PRO_GEN,15,0.992764362304943
 INDU_PRO_GEN,15,0.99057351775174
 INDU_PRO_GEN,15,0.992794513412622
 INDU_PRO_GEN,15,0.970756186191383
 INDU_PRO_GEN,15,0.939988014724767
 INDU_PRO_GEN,15,0.978129205921938
 INDU_PRO_GEN,15,1.003
 INDU_PRO_GEN,15,1.00918513524901
 INDU_PRO_GEN,15,1.07576314821626
 INDU_PRO_GEN,45,1.00352360817477
 INDU_PRO_GEN,45,0.980760057242805
 INDU_PRO_GEN,45,0.971848027748649
 INDU_PRO_GEN,45,0.969010437737681
 INDU_PRO_GEN,45,0.970658970658971
 INDU_PRO_GEN,45,0.972972972972973
 INDU_PRO_GEN,45,0.968884633796075
 INDU_PRO_GEN,45,0.971405940594059
 INDU_PRO_GEN,45,1.02701387198832
 INDU_PRO_GEN,45,0.969206405067746
 INDU_PRO_GEN,45,0.966689326988443
 INDU_PRO_GEN,45,0.971924451250638
 INDU_PRO_GEN,45,1.00950222299712
 INDU_PRO_GEN,45,0.962029777112149
 INDU_PRO_GEN,45,0.969875857279277
 INDU_PRO_GEN,45,0.973870911922478
 INDU_PRO_GEN,45,0.984162314870302
 INDU_PRO_GEN,45,0.966016150740242
 INDU_PRO_GEN,45,0.979
 INDU_PRO_GEN,45,0.982893738939918
 INDU_PRO_GEN,45,1.05700625229864
 INDU_PRO_GEN,75,1.10594315245478
 INDU_PRO_GEN,75,1.08952138654794
 INDU_PRO_GEN,75,1.05025409373235
 INDU_PRO_GEN,75,1.0515413868436
 INDU_PRO_GEN,75,1.11303511303511
 INDU_PRO_GEN,75,1.05913674868899
 INDU_PRO_GEN,75,1.09813307802776
 INDU_PRO_GEN,75,1.07120792079208
 INDU_PRO_GEN,75,1.04064249209053
 INDU_PRO_GEN,75,1.06528242125638
 INDU_PRO_GEN,75,1.10740992522094
 INDU_PRO_GEN,75,1.11689637570189
 INDU_PRO_GEN,75,1.0910992938715
 INDU_PRO_GEN,75,1.04766099903092
 INDU_PRO_GEN,75,1.06988453858842
 INDU_PRO_GEN,75,1.10157466689739
 INDU_PRO_GEN,75,1.07970208030134
 INDU_PRO_GEN,75,1.10228802153432
 INDU_PRO_GEN,75,1.069
 INDU_PRO_GEN,75,1.08502570152524
 INDU_PRO_GEN,75,1.09893343140861
 INDU_PRO_GEN,105,0.934930702372563
 INDU_PRO_GEN,105,0.962633169025282
 INDU_PRO_GEN,105,1.01056707267887
 INDU_PRO_GEN,105,0.978719961161906
 INDU_PRO_GEN,105,0.991822991822992
 INDU_PRO_GEN,105,0.996208148446954
 INDU_PRO_GEN,105,0.946864528482527
 INDU_PRO_GEN,105,0.964752475247525
 INDU_PRO_GEN,105,1.03382818203943
 INDU_PRO_GEN,105,0.997712475805033
 INDU_PRO_GEN,105,0.985044187627464
 INDU_PRO_GEN,105,0.961715160796325
 INDU_PRO_GEN,105,0.968703687559934
 INDU_PRO_GEN,105,0.992687868910228
 INDU_PRO_GEN,105,0.985502213733831
 INDU_PRO_GEN,105,0.991521024398685
 INDU_PRO_GEN,105,0.997517335844534
 INDU_PRO_GEN,105,0.924629878869448
 INDU_PRO_GEN,105,0.983
 INDU_PRO_GEN,105,0.969748040785371
 INDU_PRO_GEN,105,0.801029790364104
 INDU_PRO_GEN,135,1.00258397932817
 INDU_PRO_GEN,135,1.00651931944665
 INDU_PRO_GEN,135,1.0231507622812
 INDU_PRO_GEN,135,0.974836151792216
 INDU_PRO_GEN,135,0.964886964886965
 INDU_PRO_GEN,135,0.994271883824123
 INDU_PRO_GEN,135,1.00718046912398
 INDU_PRO_GEN,135,1.0179801980198
 INDU_PRO_GEN,135,0.996836213190557
 INDU_PRO_GEN,135,0.95970438148865
 INDU_PRO_GEN,135,0.959551325628824
 INDU_PRO_GEN,135,0.991322103113833
 INDU_PRO_GEN,135,1.01996338592974
 INDU_PRO_GEN,135,1.00325962470267
 INDU_PRO_GEN,135,0.98237694244292
 INDU_PRO_GEN,135,0.966603218549922
 INDU_PRO_GEN,135,0.985189624176012
 INDU_PRO_GEN,135,0.998317631224765
 INDU_PRO_GEN,135,1
 INDU_PRO_GEN,135,1.00817392769866
 INDU_PRO_GEN,135,0.834130194924605
 INDU_PRO_GEN,165,1.02043692741367
 INDU_PRO_GEN,165,0.991254571474002
 INDU_PRO_GEN,165,0.946680648544002
 INDU_PRO_GEN,165,0.988429484586131
 INDU_PRO_GEN,165,1.01779701779702
 INDU_PRO_GEN,165,1.02428398547802
 INDU_PRO_GEN,165,1.01771182383916
 INDU_PRO_GEN,165,0.989465346534653
 INDU_PRO_GEN,165,0.99002190313945
 INDU_PRO_GEN,165,1.00510293858877
 INDU_PRO_GEN,165,1.00033990482665
 INDU_PRO_GEN,165,1.02705461970393
 INDU_PRO_GEN,165,0.989626013425159
 INDU_PRO_GEN,165,0.980001761959299
 INDU_PRO_GEN,165,1.00112857018838
 INDU_PRO_GEN,165,1.02993597508219
 INDU_PRO_GEN,165,1.02525468709871
 INDU_PRO_GEN,165,1.0235531628533
 INDU_PRO_GEN,165,1.003
 INDU_PRO_GEN,165,0.97278166343642
 INDU_PRO_GEN,165,0.973151894078705
 INDU_PRO_GEN,195,0.943387361992013
 INDU_PRO_GEN,195,0.967403402766736
 INDU_PRO_GEN,195,0.992175526337017
 INDU_PRO_GEN,195,1.00396472206489
 INDU_PRO_GEN,195,0.963924963924964
 INDU_PRO_GEN,195,0.961355385235982
 INDU_PRO_GEN,195,0.952608903781714
 INDU_PRO_GEN,195,0.96760396039604
 INDU_PRO_GEN,195,0.991968848868338
 INDU_PRO_GEN,195,1.00193559739574
 INDU_PRO_GEN,195,0.961590754588715
 INDU_PRO_GEN,195,0.958652373660031
 INDU_PRO_GEN,195,0.993810478598204
 INDU_PRO_GEN,195,1.00325962470267
 INDU_PRO_GEN,195,1.0042538414793
 INDU_PRO_GEN,195,0.99463575012978
 INDU_PRO_GEN,195,0.952315726393288
 INDU_PRO_GEN,195,0.954912516823688
 INDU_PRO_GEN,195,0.982
 INDU_PRO_GEN,195,1.00412909749726
 INDU_PRO_GEN,195,1.01397572636999
 INDU_PRO_GEN,225,0.962179938924125
 INDU_PRO_GEN,225,0.966449356018445
 INDU_PRO_GEN,225,0.930225054448657
 INDU_PRO_GEN,225,0.91463710656202
 INDU_PRO_GEN,225,0.918710918710919
 INDU_PRO_GEN,225,0.953610326744655
 INDU_PRO_GEN,225,0.960268070847295
 INDU_PRO_GEN,225,0.955247524752475
 INDU_PRO_GEN,225,0.919931856899489
 INDU_PRO_GEN,225,0.898469118423368
 INDU_PRO_GEN,225,0.930999320190347
 INDU_PRO_GEN,225,0.951505870342011
 INDU_PRO_GEN,225,0.963473106093628
 INDU_PRO_GEN,225,0.927142982997093
 INDU_PRO_GEN,225,0.902161645976213
 INDU_PRO_GEN,225,0.90327046201765
 INDU_PRO_GEN,225,0.951288417087578
 INDU_PRO_GEN,225,0.954912516823688
 INDU_PRO_GEN,225,0.958
 INDU_PRO_GEN,225,0.929299738771383
 INDU_PRO_GEN,225,0.933431408606105
 INDU_PRO_GEN,255,1.00070472163495
 INDU_PRO_GEN,255,0.975035776753061
 INDU_PRO_GEN,255,1.01153504880213
 INDU_PRO_GEN,255,1.02532567359819
 INDU_PRO_GEN,255,1.01683501683502
 INDU_PRO_GEN,255,1.01653892698669
 INDU_PRO_GEN,255,1.00526567735759
 INDU_PRO_GEN,255,0.971405940594059
 INDU_PRO_GEN,255,1.01046483329277
 INDU_PRO_GEN,255,1.01354918177019
 INDU_PRO_GEN,255,1.02175390890551
 INDU_PRO_GEN,255,1.01786625829505
 INDU_PRO_GEN,255,0.955104175747537
 INDU_PRO_GEN,255,1.00748832701965
 INDU_PRO_GEN,255,1.02717249761264
 INDU_PRO_GEN,255,1.03097421699256
 INDU_PRO_GEN,255,1.03141854293297
 INDU_PRO_GEN,255,1.0235531628533
 INDU_PRO_GEN,255,0.985
 INDU_PRO_GEN,255,1.00109547484621
 INDU_PRO_GEN,255,1.04928282456786
 INDU_PRO_GEN,285,1.04016913319239
 INDU_PRO_GEN,285,1.05422165686119
 INDU_PRO_GEN,285,1.06186980721142
 INDU_PRO_GEN,285,1.07484424306174
 INDU_PRO_GEN,285,1.01106301106301
 INDU_PRO_GEN,285,1.00879386849536
 INDU_PRO_GEN,285,1.03877453326951
 INDU_PRO_GEN,285,1.05790099009901
 INDU_PRO_GEN,285,1.04356291068386
 INDU_PRO_GEN,285,1.03994369171212
 INDU_PRO_GEN,285,1.01665533650578
 INDU_PRO_GEN,285,1.00255232261358
 INDU_PRO_GEN,285,1.02519396739604
 INDU_PRO_GEN,285,1.05400405250639
 INDU_PRO_GEN,285,1.04488236826113
 INDU_PRO_GEN,285,1.02266828170964
 INDU_PRO_GEN,285,0.987244242787433
 INDU_PRO_GEN,285,1.03465679676985
 INDU_PRO_GEN,285,1.042
 INDU_PRO_GEN,285,1.049633437263
 INDU_PRO_GEN,285,1.06472968002942
 INDU_PRO_GEN,315,1.0758750293634
 INDU_PRO_GEN,315,1.04563523612657
 INDU_PRO_GEN,315,1.0318625473905
 INDU_PRO_GEN,315,1.01852900720123
 INDU_PRO_GEN,315,1.05916305916306
 INDU_PRO_GEN,315,1.06300927793465
 INDU_PRO_GEN,315,1.06462422211584
 INDU_PRO_GEN,315,1.05980198019802
 INDU_PRO_GEN,315,0.966658554392796
 INDU_PRO_GEN,315,1.04416681330283
 INDU_PRO_GEN,315,1.06356220258328
 INDU_PRO_GEN,315,1.04441041347626
 INDU_PRO_GEN,315,1.03147066515561
 INDU_PRO_GEN,315,1.03391771650075
 INDU_PRO_GEN,315,1.0042538414793
 INDU_PRO_GEN,315,1.01851531406818
 INDU_PRO_GEN,315,1.05710127557572
 INDU_PRO_GEN,315,1.06493943472409
 INDU_PRO_GEN,315,1.038
 INDU_PRO_GEN,315,1.01828600320216
 INDU_PRO_GEN,315,1.06252298639206
 INDU_PRO_GEN,345,0.964998825463942
 INDU_PRO_GEN,345,0.943552234059469
 INDU_PRO_GEN,345,0.974751956118416
 INDU_PRO_GEN,345,1.01173234080427
 INDU_PRO_GEN,345,1.002405002405
 INDU_PRO_GEN,345,0.993303751512707
 INDU_PRO_GEN,345,0.9583532790809
 INDU_PRO_GEN,345,0.966653465346535
 INDU_PRO_GEN,345,0.948162569968362
 INDU_PRO_GEN,345,1.01988386415626
 INDU_PRO_GEN,345,1.03602991162475
 INDU_PRO_GEN,345,0.979070954568657
 INDU_PRO_GEN,345,0.959288640920582
 INDU_PRO_GEN,345,0.997973746806449
 INDU_PRO_GEN,345,1.01571316954597
 INDU_PRO_GEN,345,0.995673992040146
 INDU_PRO_GEN,345,1.00881773820735
 INDU_PRO_GEN,345,0.974091520861373
 INDU_PRO_GEN,345,0.958
 INDU_PRO_GEN,345,0.969748040785371
 INDU_PRO_GEN,345,1.03604266274366
INDU_MAN_FAB,15,0.892827471614511
INDU_MAN_FAB,15,0.932654006484483
INDU_MAN_FAB,15,0.928865794660455
INDU_MAN_FAB,15,0.953896816684962
INDU_MAN_FAB,15,0.911611161116112
INDU_MAN_FAB,15,0.893878642074312
INDU_MAN_FAB,15,0.899297423887588
INDU_MAN_FAB,15,0.948140103176758
INDU_MAN_FAB,15,0.958380202474691
INDU_MAN_FAB,15,0.89900426742532
INDU_MAN_FAB,15,0.851889122678621
INDU_MAN_FAB,15,0.833634253288625
INDU_MAN_FAB,15,0.906600689228594
INDU_MAN_FAB,15,0.927307035672567
INDU_MAN_FAB,15,0.91284006238087
INDU_MAN_FAB,15,0.903482931900884
INDU_MAN_FAB,15,0.865220022477739
INDU_MAN_FAB,15,0.904988123515439
INDU_MAN_FAB,15,0.904
INDU_MAN_FAB,15,0.929577464788732
INDU_MAN_FAB,15,0.960166262556287
INDU_MAN_FAB,45,0.932705621711437
INDU_MAN_FAB,45,0.898193608151922
INDU_MAN_FAB,45,0.917039956996954
INDU_MAN_FAB,45,0.920965971459934
INDU_MAN_FAB,45,0.891089108910891
INDU_MAN_FAB,45,0.912055600106923
INDU_MAN_FAB,45,0.891731219600072
INDU_MAN_FAB,45,0.896008688569101
INDU_MAN_FAB,45,0.943757030371204
INDU_MAN_FAB,45,0.903556187766714
INDU_MAN_FAB,45,0.888116366297686
INDU_MAN_FAB,45,0.903791591436678
INDU_MAN_FAB,45,0.938411239727843
INDU_MAN_FAB,45,0.900350435798364
INDU_MAN_FAB,45,0.896205163749783
INDU_MAN_FAB,45,0.898284526078669
INDU_MAN_FAB,45,0.929540935419728
INDU_MAN_FAB,45,0.899898201560909
INDU_MAN_FAB,45,0.882
INDU_MAN_FAB,45,0.910907304290861
INDU_MAN_FAB,45,0.948735711811569
INDU_MAN_FAB,75,1.03793962891166
INDU_MAN_FAB,75,1.00157480314961
INDU_MAN_FAB,75,1.00842142985128
INDU_MAN_FAB,75,0.986827661909989
INDU_MAN_FAB,75,1.03474347434743
INDU_MAN_FAB,75,1.03180967655707
INDU_MAN_FAB,75,1.03656998738966
INDU_MAN_FAB,75,1.00678794461037
INDU_MAN_FAB,75,0.974128233970754
INDU_MAN_FAB,75,1.01963015647226
INDU_MAN_FAB,75,1.03741652181868
INDU_MAN_FAB,75,1.0626773278308
INDU_MAN_FAB,75,1.0349032429089
INDU_MAN_FAB,75,0.985533291400845
INDU_MAN_FAB,75,0.986657425056316
INDU_MAN_FAB,75,1.02096690348293
INDU_MAN_FAB,75,1.03639664562981
INDU_MAN_FAB,75,1.04648795385137
INDU_MAN_FAB,75,1.01
INDU_MAN_FAB,75,1.02194562725188
INDU_MAN_FAB,75,1.07239348804988
INDU_MAN_FAB,105,0.961506507892551
INDU_MAN_FAB,105,0.949328392774433
INDU_MAN_FAB,105,0.989070059129188
INDU_MAN_FAB,105,0.975850713501647
INDU_MAN_FAB,105,0.992619261926193
INDU_MAN_FAB,105,0.954824913124833
INDU_MAN_FAB,105,0.923076923076923
INDU_MAN_FAB,105,0.975291881618246
INDU_MAN_FAB,105,0.979752530933633
INDU_MAN_FAB,105,1.01166429587482
INDU_MAN_FAB,105,0.950690696185162
INDU_MAN_FAB,105,1.00077379417075
INDU_MAN_FAB,105,0.947954404877618
INDU_MAN_FAB,105,0.963968011501483
INDU_MAN_FAB,105,0.993935193207416
INDU_MAN_FAB,105,0.972101888754115
INDU_MAN_FAB,105,0.952364485173338
INDU_MAN_FAB,105,0.943671530369868
INDU_MAN_FAB,105,0.943
INDU_MAN_FAB,105,0.99737962659679
INDU_MAN_FAB,105,0.916522341531001
INDU_MAN_FAB,135,0.994738299639989
INDU_MAN_FAB,135,1.0049096804076
INDU_MAN_FAB,135,1.01272173445619
INDU_MAN_FAB,135,0.97145993413831
INDU_MAN_FAB,135,0.945094509450945
INDU_MAN_FAB,135,0.979417268110131
INDU_MAN_FAB,135,1.00306251125923
INDU_MAN_FAB,135,1.0274232962259
INDU_MAN_FAB,135,0.986501687289089
INDU_MAN_FAB,135,0.969559032716928
INDU_MAN_FAB,135,0.93861494831214
INDU_MAN_FAB,135,1.00180551973175
INDU_MAN_FAB,135,1.0476274631086
INDU_MAN_FAB,135,1.04483781112409
INDU_MAN_FAB,135,0.994974874371859
INDU_MAN_FAB,135,0.966903482931901
INDU_MAN_FAB,135,1.01772283219504
INDU_MAN_FAB,135,1.02918221920597
INDU_MAN_FAB,135,1.036
INDU_MAN_FAB,135,1.02489354733049
INDU_MAN_FAB,135,0.911326636647038
INDU_MAN_FAB,165,0.992522846856826
INDU_MAN_FAB,165,0.972672533580361
INDU_MAN_FAB,165,0.927790718509227
INDU_MAN_FAB,165,0.954994511525796
INDU_MAN_FAB,165,0.991539153915392
INDU_MAN_FAB,165,1.01042502004812
INDU_MAN_FAB,165,1.00954782921996
INDU_MAN_FAB,165,0.967689383654629
INDU_MAN_FAB,165,0.957255343082115
INDU_MAN_FAB,165,0.99800853485064
INDU_MAN_FAB,165,1.0022870734608
INDU_MAN_FAB,165,1.00696414753676
INDU_MAN_FAB,165,0.988247768843333
INDU_MAN_FAB,165,0.967202803486387
INDU_MAN_FAB,165,0.985617743891873
INDU_MAN_FAB,165,1.00537168601629
INDU_MAN_FAB,165,1.01876026627475
INDU_MAN_FAB,165,1.02612826603325
INDU_MAN_FAB,165,0.99
INDU_MAN_FAB,165,0.928594824762529
INDU_MAN_FAB,165,0.975753377208175
INDU_MAN_FAB,195,0.967045139850457
INDU_MAN_FAB,195,0.98601204261232
INDU_MAN_FAB,195,1.00949650600251
INDU_MAN_FAB,195,1.01207464324918
INDU_MAN_FAB,195,0.974257425742574
INDU_MAN_FAB,195,0.969794172681101
INDU_MAN_FAB,195,0.958746171860926
INDU_MAN_FAB,195,0.978550095031224
INDU_MAN_FAB,195,0.995500562429696
INDU_MAN_FAB,195,1.01849217638691
INDU_MAN_FAB,195,0.953984081968713
INDU_MAN_FAB,195,0.962599948413722
INDU_MAN_FAB,195,0.989308120526641
INDU_MAN_FAB,195,1.05885524305868
INDU_MAN_FAB,195,1.03032403396292
INDU_MAN_FAB,195,1.02408594697626
INDU_MAN_FAB,195,0.964813694129852
INDU_MAN_FAB,195,0.978282999660672
INDU_MAN_FAB,195,1.018
INDU_MAN_FAB,195,1.02194562725188
INDU_MAN_FAB,195,1.04641496363007
INDU_MAN_FAB,225,1.00138465798948
INDU_MAN_FAB,225,1.00157480314961
INDU_MAN_FAB,225,0.97616914531446
INDU_MAN_FAB,225,0.946212952799122
INDU_MAN_FAB,225,0.966696669666967
INDU_MAN_FAB,225,0.987971130713713
INDU_MAN_FAB,225,1.00090073860566
INDU_MAN_FAB,225,0.994841162096117
INDU_MAN_FAB,225,0.937007874015748
INDU_MAN_FAB,225,0.926315789473684
INDU_MAN_FAB,225,0.989113530326594
INDU_MAN_FAB,225,1.01831312870776
INDU_MAN_FAB,225,1.0349032429089
INDU_MAN_FAB,225,1.00817683529517
INDU_MAN_FAB,225,0.973141569918558
INDU_MAN_FAB,225,0.974181251083001
INDU_MAN_FAB,225,1.02913460707184
INDU_MAN_FAB,225,1.0342721411605
INDU_MAN_FAB,225,1.052
INDU_MAN_FAB,225,1.01211922698985
INDU_MAN_FAB,225,0.99445791479044
INDU_MAN_FAB,255,0.983661035724176
INDU_MAN_FAB,255,0.951551644279759
INDU_MAN_FAB,255,1.00842142985128
INDU_MAN_FAB,255,1.02414928649835
INDU_MAN_FAB,255,1.03366336633663
INDU_MAN_FAB,255,1.03608660785886
INDU_MAN_FAB,255,0.997658079625293
INDU_MAN_FAB,255,0.96551724137931
INDU_MAN_FAB,255,1.02137232845894
INDU_MAN_FAB,255,1.03442389758179
INDU_MAN_FAB,255,1.0429054981246
INDU_MAN_FAB,255,1.02553520763477
INDU_MAN_FAB,255,0.975523548643633
INDU_MAN_FAB,255,0.990924611375685
INDU_MAN_FAB,255,1.02720499046959
INDU_MAN_FAB,255,1.0396811644429
INDU_MAN_FAB,255,1.03743407970952
INDU_MAN_FAB,255,0.994570749915168
INDU_MAN_FAB,255,0.977
INDU_MAN_FAB,255,1.00524074680642
INDU_MAN_FAB,255,1.03602355386214
INDU_MAN_FAB,285,1.076710052617
INDU_MAN_FAB,285,1.1138490041686
INDU_MAN_FAB,285,1.10840351191543
INDU_MAN_FAB,285,1.12623490669594
INDU_MAN_FAB,285,1.05850585058506
INDU_MAN_FAB,285,1.05640203154237
INDU_MAN_FAB,285,1.09818050801657
INDU_MAN_FAB,285,1.11213684496335
INDU_MAN_FAB,285,1.13160854893138
INDU_MAN_FAB,285,1.08563300142248
INDU_MAN_FAB,285,1.05937242704236
INDU_MAN_FAB,285,1.01521795202476
INDU_MAN_FAB,285,1.07201555182469
INDU_MAN_FAB,285,1.06209003504358
INDU_MAN_FAB,285,1.08230809218506
INDU_MAN_FAB,285,1.05007797608733
INDU_MAN_FAB,285,1.00527362323852
INDU_MAN_FAB,285,1.03732609433322
INDU_MAN_FAB,285,1.08
INDU_MAN_FAB,285,1.08286930887651
INDU_MAN_FAB,285,1.05472809144441
INDU_MAN_FAB,315,1.09554140127389
INDU_MAN_FAB,315,1.11051412691061
INDU_MAN_FAB,315,1.04819924744669
INDU_MAN_FAB,315,1.02524698133919
INDU_MAN_FAB,315,1.07686768676868
INDU_MAN_FAB,315,1.07885592087677
INDU_MAN_FAB,315,1.10898937128445
INDU_MAN_FAB,315,1.09475970676079
INDU_MAN_FAB,315,1.03149606299213
INDU_MAN_FAB,315,1.05035561877667
INDU_MAN_FAB,315,1.1241423474522
INDU_MAN_FAB,315,1.08124838792881
INDU_MAN_FAB,315,1.05080851815852
INDU_MAN_FAB,315,1.03297690717944
INDU_MAN_FAB,315,1.00849072950962
INDU_MAN_FAB,315,1.03760180211402
INDU_MAN_FAB,315,1.06025762946313
INDU_MAN_FAB,315,1.07193756362402
INDU_MAN_FAB,315,1.068
INDU_MAN_FAB,315,1.02391090730429
INDU_MAN_FAB,315,1.02355386214063
INDU_MAN_FAB,345,1.06341733591803
INDU_MAN_FAB,345,1.07716535433071
INDU_MAN_FAB,345,1.06540046586633
INDU_MAN_FAB,345,1.10208562019759
INDU_MAN_FAB,345,1.12331233123312
INDU_MAN_FAB,345,1.0884790163058
INDU_MAN_FAB,345,1.07223923617366
INDU_MAN_FAB,345,1.0328536519142
INDU_MAN_FAB,345,1.08323959505062
INDU_MAN_FAB,345,1.08335704125178
INDU_MAN_FAB,345,1.16146738633245
INDU_MAN_FAB,345,1.08743874129482
INDU_MAN_FAB,345,1.01369620924273
INDU_MAN_FAB,345,1.05777697906371
INDU_MAN_FAB,345,1.10830012129614
INDU_MAN_FAB,345,1.10726044013169
INDU_MAN_FAB,345,1.08308117921674
INDU_MAN_FAB,345,1.0332541567696
INDU_MAN_FAB,345,1.04
INDU_MAN_FAB,345,1.04061578774975
INDU_MAN_FAB,345,1.05992379632837
INDU_MIN_GEN,15,1.09930409808903
INDU_MIN_GEN,15,1.0687345787804
INDU_MIN_GEN,15,1.0897030953885
INDU_MIN_GEN,15,1.11739474451339
INDU_MIN_GEN,15,1.08109076254869
INDU_MIN_GEN,15,1.08528020639243
INDU_MIN_GEN,15,1.17314343845371
INDU_MIN_GEN,15,1.04218832193582
INDU_MIN_GEN,15,1.07882178706599
INDU_MIN_GEN,15,1.10884771137563
INDU_MIN_GEN,15,1.06908267270668
INDU_MIN_GEN,15,1.21476949967227
INDU_MIN_GEN,15,1.14659816027182
INDU_MIN_GEN,15,1.11116951379763
INDU_MIN_GEN,15,1.07723541354047
INDU_MIN_GEN,15,1.01191092698084
INDU_MIN_GEN,15,0.984979678388408
INDU_MIN_GEN,15,1.0451714761863
INDU_MIN_GEN,15,1.037
INDU_MIN_GEN,15,1.03562061088079
INDU_MIN_GEN,15,1.13512019894999
INDU_MIN_GEN,45,1.05070142494201
INDU_MIN_GEN,45,0.97097873340383
INDU_MIN_GEN,45,0.973626026531901
INDU_MIN_GEN,45,1.0599258734852
INDU_MIN_GEN,45,0.990283437066225
INDU_MIN_GEN,45,1.00157660885768
INDU_MIN_GEN,45,1.04557477110885
INDU_MIN_GEN,45,0.996107311941084
INDU_MIN_GEN,45,1.01497449399375
INDU_MIN_GEN,45,1.01165787213155
INDU_MIN_GEN,45,0.976972442431106
INDU_MIN_GEN,45,0.998907581385187
INDU_MIN_GEN,45,1.05212563188862
INDU_MIN_GEN,45,0.974507227332457
INDU_MIN_GEN,45,1.02851090122694
INDU_MIN_GEN,45,0.924909373381668
INDU_MIN_GEN,45,0.94575013253225
INDU_MIN_GEN,45,0.966231032365582
INDU_MIN_GEN,45,0.953
INDU_MIN_GEN,45,0.998053980878247
INDU_MIN_GEN,45,1.06106659298149
INDU_MIN_GEN,75,1.12934938694355
INDU_MIN_GEN,75,1.0696745388321
INDU_MIN_GEN,75,1.06790903348073
INDU_MIN_GEN,75,1.1388831049848
INDU_MIN_GEN,75,1.11762862132271
INDU_MIN_GEN,75,1.12942525440734
INDU_MIN_GEN,75,1.14933875890132
INDU_MIN_GEN,75,1.1109942135718
INDU_MIN_GEN,75,1.09396083593879
INDU_MIN_GEN,75,1.07865995827709
INDU_MIN_GEN,75,1.13929784824462
INDU_MIN_GEN,75,1.11251911732576
INDU_MIN_GEN,75,1.15853153227811
INDU_MIN_GEN,75,1.03127463863338
INDU_MIN_GEN,75,1.09841998411157
INDU_MIN_GEN,75,1.04091144484723
INDU_MIN_GEN,75,1.03905283619014
INDU_MIN_GEN,75,1.07359003596176
INDU_MIN_GEN,75,0.997
INDU_MIN_GEN,75,1.07420255520772
INDU_MIN_GEN,75,1.0323293727549
INDU_MIN_GEN,105,1.01579586877278
INDU_MIN_GEN,105,1.02314651627306
INDU_MIN_GEN,105,1.04090334807328
INDU_MIN_GEN,105,1.01944779910882
INDU_MIN_GEN,105,1.04616486813236
INDU_MIN_GEN,105,1.0801203955855
INDU_MIN_GEN,105,1.06510681586979
INDU_MIN_GEN,105,1.04218832193582
INDU_MIN_GEN,105,1.05973342109594
INDU_MIN_GEN,105,1.08307767824273
INDU_MIN_GEN,105,1.09399773499434
INDU_MIN_GEN,105,1.0976622241643
INDU_MIN_GEN,105,1.0779812712356
INDU_MIN_GEN,105,1.02286465177398
INDU_MIN_GEN,105,1.04545855768382
INDU_MIN_GEN,105,1.05955463490419
INDU_MIN_GEN,105,1.01148612829122
INDU_MIN_GEN,105,1.00306990614858
INDU_MIN_GEN,105,1.051
INDU_MIN_GEN,105,1.01429901006853
INDU_MIN_GEN,105,1.01464492953855
INDU_MIN_GEN,135,0.944217386501712
INDU_MIN_GEN,135,0.985078134179297
INDU_MIN_GEN,135,1.03711307643714
INDU_MIN_GEN,135,0.969474867779952
INDU_MIN_GEN,135,0.985447543993194
INDU_MIN_GEN,135,1.04113515837753
INDU_MIN_GEN,135,1.01322482197355
INDU_MIN_GEN,135,1.0731194108364
INDU_MIN_GEN,135,1.08277110416324
INDU_MIN_GEN,135,1.06393422505829
INDU_MIN_GEN,135,1.08267270668177
INDU_MIN_GEN,135,1.01201660476295
INDU_MIN_GEN,135,1.04118670754952
INDU_MIN_GEN,135,1.06491458607096
INDU_MIN_GEN,135,1.11642686909701
INDU_MIN_GEN,135,1.15484205075091
INDU_MIN_GEN,135,1.05813748012016
INDU_MIN_GEN,135,1.05464432944479
INDU_MIN_GEN,135,1.048
INDU_MIN_GEN,135,1.04881969709789
INDU_MIN_GEN,135,1.03675048355899
INDU_MIN_GEN,165,0.95791450347951
INDU_MIN_GEN,165,0.909881330043473
INDU_MIN_GEN,165,0.959412507896399
INDU_MIN_GEN,165,0.920001665764378
INDU_MIN_GEN,165,0.990820758518784
INDU_MIN_GEN,165,0.964311308585352
INDU_MIN_GEN,165,0.915564598168871
INDU_MIN_GEN,165,0.94118884797475
INDU_MIN_GEN,165,1.00049366463716
INDU_MIN_GEN,165,1.00944901214873
INDU_MIN_GEN,165,0.943752359380898
INDU_MIN_GEN,165,0.958706576360061
INDU_MIN_GEN,165,1.007375486865
INDU_MIN_GEN,165,0.973455978975033
INDU_MIN_GEN,165,0.963897960985082
INDU_MIN_GEN,165,1.00258933195236
INDU_MIN_GEN,165,0.999823290333981
INDU_MIN_GEN,165,1.00201736689764
INDU_MIN_GEN,165,0.941
INDU_MIN_GEN,165,0.938150435739064
INDU_MIN_GEN,165,1.03675048355899
INDU_MIN_GEN,195,0.954379763614272
INDU_MIN_GEN,195,0.95828927270591
INDU_MIN_GEN,195,0.876974099810487
INDU_MIN_GEN,195,0.957481364261025
INDU_MIN_GEN,195,0.997805937402051
INDU_MIN_GEN,195,0.937365629926903
INDU_MIN_GEN,195,0.915564598168871
INDU_MIN_GEN,195,0.957601262493425
INDU_MIN_GEN,195,0.9353299325325
INDU_MIN_GEN,195,1.00355871886121
INDU_MIN_GEN,195,0.954322385805965
INDU_MIN_GEN,195,0.942101813414901
INDU_MIN_GEN,195,1.03621446921356
INDU_MIN_GEN,195,0.975558475689882
INDU_MIN_GEN,195,0.955424132756642
INDU_MIN_GEN,195,0.978767477990679
INDU_MIN_GEN,195,1.05919773811628
INDU_MIN_GEN,195,0.990439435137269
INDU_MIN_GEN,195,1.027
INDU_MIN_GEN,195,0.976732380065995
INDU_MIN_GEN,195,1.04559270516717
INDU_MIN_GEN,225,0.918590522478736
INDU_MIN_GEN,225,0.934790271413465
INDU_MIN_GEN,225,0.855180037902716
INDU_MIN_GEN,225,0.884520884520885
INDU_MIN_GEN,225,0.882281825101867
INDU_MIN_GEN,225,0.79747742582772
INDU_MIN_GEN,225,0.840488301119023
INDU_MIN_GEN,225,0.826933193056286
INDU_MIN_GEN,225,0.820799736712194
INDU_MIN_GEN,225,0.771628420665112
INDU_MIN_GEN,225,0.84484711211778
INDU_MIN_GEN,225,0.780423858422548
INDU_MIN_GEN,225,0.892019557470788
INDU_MIN_GEN,225,0.812614980289093
INDU_MIN_GEN,225,0.776414511430841
INDU_MIN_GEN,225,0.896944588296219
INDU_MIN_GEN,225,0.938328326559463
INDU_MIN_GEN,225,0.905183755810894
INDU_MIN_GEN,225,0.947
INDU_MIN_GEN,225,0.887384719519418
INDU_MIN_GEN,225,0.882011605415861
INDU_MIN_GEN,255,0.914172097647189
INDU_MIN_GEN,255,0.937610151568558
INDU_MIN_GEN,255,0.937618445988629
INDU_MIN_GEN,255,0.891517094906926
INDU_MIN_GEN,255,0.845743966327856
INDU_MIN_GEN,255,0.910993263580336
INDU_MIN_GEN,255,0.907019328585961
INDU_MIN_GEN,255,0.88753287743293
INDU_MIN_GEN,255,0.975481323021228
INDU_MIN_GEN,255,0.852619953368512
INDU_MIN_GEN,255,0.928652321630804
INDU_MIN_GEN,255,0.874808826742408
INDU_MIN_GEN,255,0.743846855059252
INDU_MIN_GEN,255,0.927201051248358
INDU_MIN_GEN,255,0.89822579221467
INDU_MIN_GEN,255,0.911444847229415
INDU_MIN_GEN,255,0.943629616540025
INDU_MIN_GEN,255,0.942022629593895
INDU_MIN_GEN,255,0.911
INDU_MIN_GEN,255,0.972671122768424
INDU_MIN_GEN,255,0.872064106106659
INDU_MIN_GEN,285,0.968960565558378
INDU_MIN_GEN,285,1.01280695570438
INDU_MIN_GEN,285,1.04943145925458
INDU_MIN_GEN,285,1.02144671636197
INDU_MIN_GEN,285,0.991895401423902
INDU_MIN_GEN,285,0.992403611867565
INDU_MIN_GEN,285,0.995523906408952
INDU_MIN_GEN,285,1.0308258811152
INDU_MIN_GEN,285,0.988645713345401
INDU_MIN_GEN,285,0.99987728555651
INDU_MIN_GEN,285,0.995092487731219
INDU_MIN_GEN,285,0.998907581385187
INDU_MIN_GEN,285,0.856219441451894
INDU_MIN_GEN,285,1.00289093298292
INDU_MIN_GEN,285,1.01685938741283
INDU_MIN_GEN,285,1.00258933195236
INDU_MIN_GEN,285,0.965895034458385
INDU_MIN_GEN,285,1.07885273221647
INDU_MIN_GEN,285,1.047
INDU_MIN_GEN,285,1.01226838141975
INDU_MIN_GEN,285,0.992539375518099
INDU_MIN_GEN,315,1.01844692367171
INDU_MIN_GEN,315,1.03254611679004
INDU_MIN_GEN,315,1.01674036639292
INDU_MIN_GEN,315,0.991962686877941
INDU_MIN_GEN,315,1.01929879550441
INDU_MIN_GEN,315,0.990110362620037
INDU_MIN_GEN,315,0.99735503560529
INDU_MIN_GEN,315,1.02135718043135
INDU_MIN_GEN,315,0.962316932697054
INDU_MIN_GEN,315,1.00576757884403
INDU_MIN_GEN,315,0.995847489618724
INDU_MIN_GEN,315,1.0146384094385
INDU_MIN_GEN,315,0.967597580177343
INDU_MIN_GEN,315,1.00709592641261
INDU_MIN_GEN,315,0.996734045370289
INDU_MIN_GEN,315,1.00673226307613
INDU_MIN_GEN,315,1.018907934264
INDU_MIN_GEN,315,1.07569511446364
INDU_MIN_GEN,315,1.017
INDU_MIN_GEN,315,1.02648278196125
INDU_MIN_GEN,315,0.940591323570047
INDU_MIN_GEN,345,1.02816745830112
INDU_MIN_GEN,345,1.09646340030549
INDU_MIN_GEN,345,1.0953885028427
INDU_MIN_GEN,345,1.02794319743472
INDU_MIN_GEN,345,1.05153808265795
INDU_MIN_GEN,345,1.06980077397162
INDU_MIN_GEN,345,0.982095625635809
INDU_MIN_GEN,345,1.06996317727512
INDU_MIN_GEN,345,0.986671054796775
INDU_MIN_GEN,345,1.01092158547061
INDU_MIN_GEN,345,0.975462438656096
INDU_MIN_GEN,345,0.994537906925934
INDU_MIN_GEN,345,1.02030330653849
INDU_MIN_GEN,345,1.09645203679369
INDU_MIN_GEN,345,1.02639244416983
INDU_MIN_GEN,345,1.00880372863801
INDU_MIN_GEN,345,1.03481180420569
INDU_MIN_GEN,345,0.863082185773178
INDU_MIN_GEN,345,1.024
INDU_MIN_GEN,345,1.01531432439293
INDU_MIN_GEN,345,0.950538822879248
INDU_EXT_PAG,15,1.15247369452977
INDU_EXT_PAG,15,1.10619968930942
INDU_EXT_PAG,15,1.11041324673471
INDU_EXT_PAG,15,1.16137857658548
INDU_EXT_PAG,15,1.12572581641478
INDU_EXT_PAG,15,1.12880898876405
INDU_EXT_PAG,15,1.21299212598425
INDU_EXT_PAG,15,1.06040541917083
INDU_EXT_PAG,15,1.09814239856865
INDU_EXT_PAG,15,1.13928971081925
INDU_EXT_PAG,15,1.12381307019177
INDU_EXT_PAG,15,1.2816491149451
INDU_EXT_PAG,15,1.19349764027268
INDU_EXT_PAG,15,1.16265750286369
INDU_EXT_PAG,15,1.11742313323572
INDU_EXT_PAG,15,1.01289960740325
INDU_EXT_PAG,15,0.994958588404753
INDU_EXT_PAG,15,1.10333778371162
INDU_EXT_PAG,15,1.06691109074244
INDU_EXT_PAG,15,1.05323741007194
INDU_EXT_PAG,15,1.16057992292164
INDU_EXT_PAG,45,1.06032285471538
INDU_EXT_PAG,45,0.984183024996469
INDU_EXT_PAG,45,0.965669830847192
INDU_EXT_PAG,45,1.07109472964244
INDU_EXT_PAG,45,0.999711732487749
INDU_EXT_PAG,45,1.01501123595506
INDU_EXT_PAG,45,1.05708661417323
INDU_EXT_PAG,45,0.995619843129266
INDU_EXT_PAG,45,1.00973530495185
INDU_EXT_PAG,45,1.02055480299193
INDU_EXT_PAG,45,0.980078197728542
INDU_EXT_PAG,45,1.00649787138696
INDU_EXT_PAG,45,1.06659674882014
INDU_EXT_PAG,45,0.961053837342497
INDU_EXT_PAG,45,1.0506588579795
INDU_EXT_PAG,45,0.892877173303421
INDU_EXT_PAG,45,0.924738926899532
INDU_EXT_PAG,45,0.965554072096128
INDU_EXT_PAG,45,0.951920673277227
INDU_EXT_PAG,45,0.99737621667372
INDU_EXT_PAG,45,1.06037805101854
INDU_EXT_PAG,75,1.12698516436834
INDU_EXT_PAG,75,1.08501624064398
INDU_EXT_PAG,75,1.05645564199558
INDU_EXT_PAG,75,1.14769920583653
INDU_EXT_PAG,75,1.12918502656179
INDU_EXT_PAG,75,1.14768539325843
INDU_EXT_PAG,75,1.15866141732283
INDU_EXT_PAG,75,1.11113374758073
INDU_EXT_PAG,75,1.10066831552913
INDU_EXT_PAG,75,1.0884033217504
INDU_EXT_PAG,75,1.15732638242413
INDU_EXT_PAG,75,1.12659645978042
INDU_EXT_PAG,75,1.17461982170949
INDU_EXT_PAG,75,1.02520045819015
INDU_EXT_PAG,75,1.11273792093704
INDU_EXT_PAG,75,1.01626472237801
INDU_EXT_PAG,75,1.0338494778538
INDU_EXT_PAG,75,1.06595460614152
INDU_EXT_PAG,75,0.998916756936922
INDU_EXT_PAG,75,1.0776132035548
INDU_EXT_PAG,75,1.01743439163149
INDU_EXT_PAG,105,1.02816809358865
INDU_EXT_PAG,105,1.04264934331309
INDU_EXT_PAG,105,1.03718506887446
INDU_EXT_PAG,105,1.02367291104609
INDU_EXT_PAG,105,1.0669192439155
INDU_EXT_PAG,105,1.09591011235955
INDU_EXT_PAG,105,1.08661417322835
INDU_EXT_PAG,105,1.04390343282062
INDU_EXT_PAG,105,1.05899068568121
INDU_EXT_PAG,105,1.09688438659521
INDU_EXT_PAG,105,1.11934462856079
INDU_EXT_PAG,105,1.12480394353574
INDU_EXT_PAG,105,1.09386470896696
INDU_EXT_PAG,105,1.01832760595647
INDU_EXT_PAG,105,1.05534407027818
INDU_EXT_PAG,105,1.06225462703309
INDU_EXT_PAG,105,1.00576161325171
INDU_EXT_PAG,105,1.00827770360481
INDU_EXT_PAG,105,1.05991167402716
INDU_EXT_PAG,105,1.01565806178587
INDU_EXT_PAG,105,1.05817581207561
INDU_EXT_PAG,135,0.923469054310176
INDU_EXT_PAG,135,0.985877700889705
INDU_EXT_PAG,135,1.03161801441724
INDU_EXT_PAG,135,0.960747805600942
INDU_EXT_PAG,135,0.99032244780299
INDU_EXT_PAG,135,1.05222471910112
INDU_EXT_PAG,135,1.01220472440945
INDU_EXT_PAG,135,1.07201792808394
INDU_EXT_PAG,135,1.08993316844709
INDU_EXT_PAG,135,1.07992225690559
INDU_EXT_PAG,135,1.10668404393968
INDU_EXT_PAG,135,1.01635671073269
INDU_EXT_PAG,135,1.04037755637126
INDU_EXT_PAG,135,1.07331042382589
INDU_EXT_PAG,135,1.12913616398243
INDU_EXT_PAG,135,1.18115535614133
INDU_EXT_PAG,135,1.06517824990997
INDU_EXT_PAG,135,1.05420560747664
INDU_EXT_PAG,135,1.04191317390218
INDU_EXT_PAG,135,1.04815911976301
INDU_EXT_PAG,135,1.05707469260415
INDU_EXT_PAG,165,0.930135285275472
INDU_EXT_PAG,165,0.883349809348962
INDU_EXT_PAG,165,0.960959246306474
INDU_EXT_PAG,165,0.895086826006004
INDU_EXT_PAG,165,0.982909854630812
INDU_EXT_PAG,165,0.954606741573034
INDU_EXT_PAG,165,0.895275590551181
INDU_EXT_PAG,165,0.917388204135683
INDU_EXT_PAG,165,0.99015944850813
INDU_EXT_PAG,165,1.00571293951352
INDU_EXT_PAG,165,0.918264755166636
INDU_EXT_PAG,165,0.939278512211517
INDU_EXT_PAG,165,1.00367068694284
INDU_EXT_PAG,165,0.9553264604811
INDU_EXT_PAG,165,0.945241581259151
INDU_EXT_PAG,165,0.99383062254627
INDU_EXT_PAG,165,0.986316168527187
INDU_EXT_PAG,165,0.9826435246996
INDU_EXT_PAG,165,0.917923506374469
INDU_EXT_PAG,165,0.930342784595853
INDU_EXT_PAG,165,1.02734446687466
INDU_EXT_PAG,195,0.93993856610679
INDU_EXT_PAG,195,0.943087134585511
INDU_EXT_PAG,195,0.857754621368924
INDU_EXT_PAG,195,0.942508644602348
INDU_EXT_PAG,195,0.987851583412264
INDU_EXT_PAG,195,0.932494382022472
INDU_EXT_PAG,195,0.903543307086614
INDU_EXT_PAG,195,0.940613221961903
INDU_EXT_PAG,195,0.913118981213493
INDU_EXT_PAG,195,0.995111608457506
INDU_EXT_PAG,195,0.938372742506051
INDU_EXT_PAG,195,0.930315930988125
INDU_EXT_PAG,195,1.0372312532774
INDU_EXT_PAG,195,0.966781214203895
INDU_EXT_PAG,195,0.937042459736457
INDU_EXT_PAG,195,0.968031407739764
INDU_EXT_PAG,195,1.08678429960389
INDU_EXT_PAG,195,0.983711615487316
INDU_EXT_PAG,195,1.0249145904508
INDU_EXT_PAG,195,0.969953449005502
INDU_EXT_PAG,195,1.03725454211782
INDU_EXT_PAG,225,0.909352329913078
INDU_EXT_PAG,225,0.912159299533964
INDU_EXT_PAG,225,0.838912283206053
INDU_EXT_PAG,225,0.871831895732796
INDU_EXT_PAG,225,0.858872462216366
INDU_EXT_PAG,225,0.757752808988764
INDU_EXT_PAG,225,0.807874015748032
INDU_EXT_PAG,225,0.800040745645309
INDU_EXT_PAG,225,0.787454612429617
INDU_EXT_PAG,225,0.724424288827375
INDU_EXT_PAG,225,0.803574753304785
INDU_EXT_PAG,225,0.72507282097244
INDU_EXT_PAG,225,0.865233350812795
INDU_EXT_PAG,225,0.775486827033219
INDU_EXT_PAG,225,0.729721815519766
INDU_EXT_PAG,225,0.889512058328659
INDU_EXT_PAG,225,0.917176809506662
INDU_EXT_PAG,225,0.869425901201602
INDU_EXT_PAG,225,0.925922839763353
INDU_EXT_PAG,225,0.864325010579772
INDU_EXT_PAG,225,0.865479904569646
INDU_EXT_PAG,255,0.895235605515979
INDU_EXT_PAG,255,0.9138539754272
INDU_EXT_PAG,255,0.928413389479695
INDU_EXT_PAG,255,0.864080252308394
INDU_EXT_PAG,255,0.800560062595231
INDU_EXT_PAG,255,0.885033707865169
INDU_EXT_PAG,255,0.885236220472441
INDU_EXT_PAG,255,0.875827645920342
INDU_EXT_PAG,255,0.968689154344051
INDU_EXT_PAG,255,0.817009246716532
INDU_EXT_PAG,255,0.892943585924409
INDU_EXT_PAG,255,0.835312570020166
INDU_EXT_PAG,255,0.695332983744101
INDU_EXT_PAG,255,0.914089347079038
INDU_EXT_PAG,255,0.867935578330893
INDU_EXT_PAG,255,0.900729108244532
INDU_EXT_PAG,255,0.917176809506662
INDU_EXT_PAG,255,0.918558077436582
INDU_EXT_PAG,255,0.887926006166153
INDU_EXT_PAG,255,0.961828184511215
INDU_EXT_PAG,255,0.839053037254542
INDU_EXT_PAG,285,0.960721521469185
INDU_EXT_PAG,285,0.996893094195735
INDU_EXT_PAG,285,1.05474270216259
INDU_EXT_PAG,285,1.01820116274651
INDU_EXT_PAG,285,0.978462298727505
INDU_EXT_PAG,285,0.984269662921348
INDU_EXT_PAG,285,0.988582677165354
INDU_EXT_PAG,285,1.04206987878171
INDU_EXT_PAG,285,0.99142240698837
INDU_EXT_PAG,285,0.996525119264975
INDU_EXT_PAG,285,0.985291379631354
INDU_EXT_PAG,285,0.99395025767421
INDU_EXT_PAG,285,0.829575249082328
INDU_EXT_PAG,285,0.996563573883162
INDU_EXT_PAG,285,1.0108345534407
INDU_EXT_PAG,285,1.00280426247897
INDU_EXT_PAG,285,0.949585884047533
INDU_EXT_PAG,285,1.09158878504673
INDU_EXT_PAG,285,1.04091325722856
INDU_EXT_PAG,285,0.999407532797292
INDU_EXT_PAG,285,0.98329968801615
INDU_EXT_PAG,315,1.02346251878962
INDU_EXT_PAG,315,1.02316057054088
INDU_EXT_PAG,315,1.02605095996003
INDU_EXT_PAG,315,0.989474484173728
INDU_EXT_PAG,315,1.01206605444138
INDU_EXT_PAG,315,0.973483146067416
INDU_EXT_PAG,315,0.992716535433071
INDU_EXT_PAG,315,1.03351329326678
INDU_EXT_PAG,315,0.979424301426091
INDU_EXT_PAG,315,1.01490075976206
INDU_EXT_PAG,315,0.989759821262335
INDU_EXT_PAG,315,1.01635671073269
INDU_EXT_PAG,315,0.960671211326691
INDU_EXT_PAG,315,1.01030927835052
INDU_EXT_PAG,315,0.997950219619327
INDU_EXT_PAG,315,1.02748177229389
INDU_EXT_PAG,315,1.02628736046093
INDU_EXT_PAG,315,1.0894526034713
INDU_EXT_PAG,315,1.01891509040913
INDU_EXT_PAG,315,1.03089293271265
INDU_EXT_PAG,315,0.927142594971555
INDU_EXT_PAG,345,1.04973531141755
INDU_EXT_PAG,345,1.12357011721508
INDU_EXT_PAG,345,1.13182499464706
INDU_EXT_PAG,345,1.05422350571874
INDU_EXT_PAG,345,1.06741341679364
INDU_EXT_PAG,345,1.0727191011236
INDU_EXT_PAG,345,0.999212598425197
INDU_EXT_PAG,345,1.1074666395029
INDU_EXT_PAG,345,1.01226122191233
INDU_EXT_PAG,345,1.02126155839567
INDU_EXT_PAG,345,0.984546639359523
INDU_EXT_PAG,345,1.00380909701994
INDU_EXT_PAG,345,1.03932878867331
INDU_EXT_PAG,345,1.14089347079038
INDU_EXT_PAG,345,1.04597364568082
INDU_EXT_PAG,345,1.05215928210881
INDU_EXT_PAG,345,1.09218581202737
INDU_EXT_PAG,345,0.867289719626168
INDU_EXT_PAG,345,1.06391134072161
INDU_EXT_PAG,345,1.05120609394837
INDU_EXT_PAG,345,0.96678289594421
INDU_MAN_PAP,15,0.935886502829677
INDU_MAN_PAP,15,1.00951766413938
INDU_MAN_PAP,15,1.00204627734928
INDU_MAN_PAP,15,0.998188263095707
INDU_MAN_PAP,15,0.96794208893485
INDU_MAN_PAP,15,0.922782691847956
INDU_MAN_PAP,15,0.938185285237566
INDU_MAN_PAP,15,1.00525502318393
INDU_MAN_PAP,15,1.03485718781966
INDU_MAN_PAP,15,0.937019969278034
INDU_MAN_PAP,15,0.908421311072919
INDU_MAN_PAP,15,0.945797329143755
INDU_MAN_PAP,15,0.974093264248705
INDU_MAN_PAP,15,0.995841995841996
INDU_MAN_PAP,15,0.976697061803445
INDU_MAN_PAP,15,0.98333058260439
INDU_MAN_PAP,15,0.941074070850379
INDU_MAN_PAP,15,0.954781319495923
INDU_MAN_PAP,15,1.0350862571881
INDU_MAN_PAP,15,1.01440826184726
INDU_MAN_PAP,15,0.996550534667127
INDU_MAN_PAP,45,0.993565392666098
INDU_MAN_PAP,45,0.940796902726246
INDU_MAN_PAP,45,0.943491263969778
INDU_MAN_PAP,45,0.94903505317054
INDU_MAN_PAP,45,0.966987510937873
INDU_MAN_PAP,45,0.94668897920153
INDU_MAN_PAP,45,0.931511202923884
INDU_MAN_PAP,45,0.955177743431221
INDU_MAN_PAP,45,0.992367613502242
INDU_MAN_PAP,45,0.938044034818228
INDU_MAN_PAP,45,0.91431377363123
INDU_MAN_PAP,45,0.935323383084577
INDU_MAN_PAP,45,0.973056994818653
INDU_MAN_PAP,45,0.904365904365904
INDU_MAN_PAP,45,0.904761904761905
INDU_MAN_PAP,45,0.934807724046873
INDU_MAN_PAP,45,0.950474366785621
INDU_MAN_PAP,45,0.915245861131702
INDU_MAN_PAP,45,0.934077839819985
INDU_MAN_PAP,45,0.940451403348047
INDU_MAN_PAP,45,0.928251121076233
INDU_MAN_PAP,75,1.09868982091635
INDU_MAN_PAP,75,1.05984836263914
INDU_MAN_PAP,75,0.986935306154573
INDU_MAN_PAP,75,1.00575029539189
INDU_MAN_PAP,75,1.06053615464164
INDU_MAN_PAP,75,1.0394453741334
INDU_MAN_PAP,75,1.08882885746067
INDU_MAN_PAP,75,1.04327666151468
INDU_MAN_PAP,75,0.947989613659611
INDU_MAN_PAP,75,1.01177675371224
INDU_MAN_PAP,75,1.06064326049595
INDU_MAN_PAP,75,1.06834249803614
INDU_MAN_PAP,75,1.06839378238342
INDU_MAN_PAP,75,0.961538461538461
INDU_MAN_PAP,75,0.953394123606889
INDU_MAN_PAP,75,1.01105793035154
INDU_MAN_PAP,75,1.01836539298459
INDU_MAN_PAP,75,1.04175932789721
INDU_MAN_PAP,75,1.00708392366031
INDU_MAN_PAP,75,1.01940534688099
INDU_MAN_PAP,75,1.11555708865126
INDU_MAN_PAP,105,0.925653151407086
INDU_MAN_PAP,105,0.915631553476367
INDU_MAN_PAP,105,0.996379663151267
INDU_MAN_PAP,105,0.997243009058685
INDU_MAN_PAP,105,0.997534006841143
INDU_MAN_PAP,105,0.993545302414535
INDU_MAN_PAP,105,0.871444462100747
INDU_MAN_PAP,105,0.901391035548686
INDU_MAN_PAP,105,1.02447084743095
INDU_MAN_PAP,105,0.982078853046595
INDU_MAN_PAP,105,0.975202553400442
INDU_MAN_PAP,105,0.915422885572139
INDU_MAN_PAP,105,0.985492227979275
INDU_MAN_PAP,105,1.004158004158
INDU_MAN_PAP,105,0.963525835866261
INDU_MAN_PAP,105,0.975408483248061
INDU_MAN_PAP,105,0.971363913308382
INDU_MAN_PAP,105,0.910303928836175
INDU_MAN_PAP,105,0.968080673389449
INDU_MAN_PAP,105,0.975430998584159
INDU_MAN_PAP,105,0.937564677474991
INDU_MAN_PAP,135,1.03635940770602
INDU_MAN_PAP,135,1.02403613486046
INDU_MAN_PAP,135,1.017157248544
INDU_MAN_PAP,135,0.986845214651438
INDU_MAN_PAP,135,0.960305464959033
INDU_MAN_PAP,135,0.993545302414535
INDU_MAN_PAP,135,1.05641188622279
INDU_MAN_PAP,135,1.02472952086553
INDU_MAN_PAP,135,1.02069399638052
INDU_MAN_PAP,135,0.940092165898617
INDU_MAN_PAP,135,0.961453474097717
INDU_MAN_PAP,135,0.999214454045562
INDU_MAN_PAP,135,1.06217616580311
INDU_MAN_PAP,135,1.04054054054054
INDU_MAN_PAP,135,1.00506585612969
INDU_MAN_PAP,135,0.946690873081367
INDU_MAN_PAP,135,0.965097049351554
INDU_MAN_PAP,135,1.0219915987151
INDU_MAN_PAP,135,1.03408617384782
INDU_MAN_PAP,135,0.996418755725827
INDU_MAN_PAP,135,0.848568471886858
INDU_MAN_PAP,165,1.03077757965734
INDU_MAN_PAP,165,0.998870785610583
INDU_MAN_PAP,165,0.934046906973084
INDU_MAN_PAP,165,1.00669554942891
INDU_MAN_PAP,165,1.04049001670512
INDU_MAN_PAP,165,1.04231412861583
INDU_MAN_PAP,165,1.05831876688384
INDU_MAN_PAP,165,0.985780525502318
INDU_MAN_PAP,165,0.959320166810921
INDU_MAN_PAP,165,1.01587301587302
INDU_MAN_PAP,165,1.04885833537933
INDU_MAN_PAP,165,1.019114951558
INDU_MAN_PAP,165,0.948186528497409
INDU_MAN_PAP,165,0.978170478170478
INDU_MAN_PAP,165,1.0081053698075
INDU_MAN_PAP,165,1.00610661825384
INDU_MAN_PAP,165,1.01940987031073
INDU_MAN_PAP,165,1.0407709414381
INDU_MAN_PAP,165,0.981081756813068
INDU_MAN_PAP,165,0.969434496543683
INDU_MAN_PAP,165,0.951017592273198
INDU_MAN_PAP,195,0.96751686177223
INDU_MAN_PAP,195,1.01532505242781
INDU_MAN_PAP,195,1.04360144813474
INDU_MAN_PAP,195,1.0482867270579
INDU_MAN_PAP,195,1.03380797072627
INDU_MAN_PAP,195,1.01171408080325
INDU_MAN_PAP,195,0.955347211187033
INDU_MAN_PAP,195,1.02380216383308
INDU_MAN_PAP,195,1.04902037925879
INDU_MAN_PAP,195,1.05171530977983
INDU_MAN_PAP,195,1.03019887061134
INDU_MAN_PAP,195,0.988740507986384
INDU_MAN_PAP,195,1.01865284974093
INDU_MAN_PAP,195,1.05717255717256
INDU_MAN_PAP,195,1.06788247213779
INDU_MAN_PAP,195,1.0387852780987
INDU_MAN_PAP,195,0.984942118548176
INDU_MAN_PAP,195,0.998270323696565
INDU_MAN_PAP,195,1.01808484040337
INDU_MAN_PAP,195,1.04339135504289
INDU_MAN_PAP,195,1.02552604346326
INDU_MAN_PAP,225,1.01682300953562
INDU_MAN_PAP,225,1.01048556218745
INDU_MAN_PAP,225,0.994490791751928
INDU_MAN_PAP,225,0.944308782985427
INDU_MAN_PAP,225,0.971760400922759
INDU_MAN_PAP,225,1.02701410470954
INDU_MAN_PAP,225,1.03829651994279
INDU_MAN_PAP,225,1.0145285935085
INDU_MAN_PAP,225,0.960264379573531
INDU_MAN_PAP,225,0.918586789554532
INDU_MAN_PAP,225,0.978148784679597
INDU_MAN_PAP,225,1.01597276774025
INDU_MAN_PAP,225,1.00932642487047
INDU_MAN_PAP,225,0.971933471933472
INDU_MAN_PAP,225,1.00607902735562
INDU_MAN_PAP,225,0.944710348242284
INDU_MAN_PAP,225,1.02776568891984
INDU_MAN_PAP,225,1.02989869038794
INDU_MAN_PAP,225,0.978081506792233
INDU_MAN_PAP,225,0.99541933871908
INDU_MAN_PAP,225,0.94687823387375
INDU_MAN_PAP,255,1.02426544693387
INDU_MAN_PAP,255,1.01338925633167
INDU_MAN_PAP,255,1.02849047694003
INDU_MAN_PAP,255,1.05206774320599
INDU_MAN_PAP,255,1.02139845676557
INDU_MAN_PAP,255,1.02510160172125
INDU_MAN_PAP,255,1.00015890672175
INDU_MAN_PAP,255,0.949613601236476
INDU_MAN_PAP,255,1.06129514517271
INDU_MAN_PAP,255,1.07219662058372
INDU_MAN_PAP,255,1.07046403142647
INDU_MAN_PAP,255,1.05682115737104
INDU_MAN_PAP,255,0.961658031088083
INDU_MAN_PAP,255,1.00935550935551
INDU_MAN_PAP,255,1.05369807497467
INDU_MAN_PAP,255,1.06453210100677
INDU_MAN_PAP,255,1.0570110540517
INDU_MAN_PAP,255,1.01606127996046
INDU_MAN_PAP,255,0.982081840153346
INDU_MAN_PAP,255,1.02140418089448
INDU_MAN_PAP,255,1.08761641945498
INDU_MAN_PAP,285,1.05496550120164
INDU_MAN_PAP,285,1.07823842555251
INDU_MAN_PAP,285,1.1097119471116
INDU_MAN_PAP,285,1.11067349350138
INDU_MAN_PAP,285,1.0242621907565
INDU_MAN_PAP,285,1.03370786516854
INDU_MAN_PAP,285,1.09073573812172
INDU_MAN_PAP,285,1.11468315301391
INDU_MAN_PAP,285,1.09717523015186
INDU_MAN_PAP,285,1.094726062468
INDU_MAN_PAP,285,1.01841394549472
INDU_MAN_PAP,285,1.02749410840534
INDU_MAN_PAP,285,1.06632124352332
INDU_MAN_PAP,285,1.0987525987526
INDU_MAN_PAP,285,1.12360688956434
INDU_MAN_PAP,285,1.07542498762172
INDU_MAN_PAP,285,1.04134389415963
INDU_MAN_PAP,285,1.08129478626143
INDU_MAN_PAP,285,1.09209100758397
INDU_MAN_PAP,285,1.12234529857583
INDU_MAN_PAP,285,1.11038289065195
INDU_MAN_PAP,315,1.04380184510427
INDU_MAN_PAP,315,1.05984836263914
INDU_MAN_PAP,315,1.04643475523375
INDU_MAN_PAP,315,0.99157148483655
INDU_MAN_PAP,315,1.07294566860234
INDU_MAN_PAP,315,1.06335166148697
INDU_MAN_PAP,315,1.10694422374066
INDU_MAN_PAP,315,1.1193199381762
INDU_MAN_PAP,315,0.974427571012668
INDU_MAN_PAP,315,1.04864311315924
INDU_MAN_PAP,315,1.08519518782224
INDU_MAN_PAP,315,1.07043728724797
INDU_MAN_PAP,315,1.06735751295337
INDU_MAN_PAP,315,1.05093555093555
INDU_MAN_PAP,315,1.01114488348531
INDU_MAN_PAP,315,1.07146393794356
INDU_MAN_PAP,315,1.0873008965097
INDU_MAN_PAP,315,1.09019026439338
INDU_MAN_PAP,315,1.09809150762564
INDU_MAN_PAP,315,1.03239776796868
INDU_MAN_PAP,315,1.08658157985512
INDU_MAN_PAP,345,0.871695480269788
INDU_MAN_PAP,345,0.87401193740926
INDU_MAN_PAP,345,0.897213914685975
INDU_MAN_PAP,345,0.909334383615597
INDU_MAN_PAP,345,0.882030069206905
INDU_MAN_PAP,345,0.900788907482668
INDU_MAN_PAP,345,0.863816939456539
INDU_MAN_PAP,345,0.862442040185471
INDU_MAN_PAP,345,0.878117869226532
INDU_MAN_PAP,345,0.989247311827957
INDU_MAN_PAP,345,0.948686471888043
INDU_MAN_PAP,345,0.957318669808851
INDU_MAN_PAP,345,0.865284974093264
INDU_MAN_PAP,345,0.927234927234927
INDU_MAN_PAP,345,0.926038500506586
INDU_MAN_PAP,345,0.947681135500908
INDU_MAN_PAP,345,0.935851684219688
INDU_MAN_PAP,345,0.899431677786014
INDU_MAN_PAP,345,0.872072672722727
INDU_MAN_PAP,345,0.869492795869076
INDU_MAN_PAP,345,0.965505346671266
INDU_MAN_CHE,15,0.893089753772836
INDU_MAN_CHE,15,0.982954545454545
INDU_MAN_CHE,15,0.969275549805951
INDU_MAN_CHE,15,0.988223586000995
INDU_MAN_CHE,15,0.935313847628174
INDU_MAN_CHE,15,0.920660107902253
INDU_MAN_CHE,15,0.947885019864454
INDU_MAN_CHE,15,0.980941446613088
INDU_MAN_CHE,15,1.02757885113515
INDU_MAN_CHE,15,0.954128440366972
INDU_MAN_CHE,15,0.965554072096128
INDU_MAN_CHE,15,0.904785894206549
INDU_MAN_CHE,15,0.932315521628499
INDU_MAN_CHE,15,0.958272641590266
INDU_MAN_CHE,15,1.00042233296731
INDU_MAN_CHE,15,0.966332146325672
INDU_MAN_CHE,15,0.959710119920628
INDU_MAN_CHE,15,0.96908261530664
INDU_MAN_CHE,15,0.957
INDU_MAN_CHE,15,1.0513078470825
INDU_MAN_CHE,15,0.999672667757774
INDU_MAN_CHE,45,1.01509134233519
INDU_MAN_CHE,45,0.985795454545454
INDU_MAN_CHE,45,0.972186287192756
INDU_MAN_CHE,45,0.958367888538729
INDU_MAN_CHE,45,0.959271681839962
INDU_MAN_CHE,45,0.940653760710885
INDU_MAN_CHE,45,0.93386305211498
INDU_MAN_CHE,45,0.936854190585534
INDU_MAN_CHE,45,1.02117933871705
INDU_MAN_CHE,45,0.931061598951507
INDU_MAN_CHE,45,1.00934579439252
INDU_MAN_CHE,45,0.941057934508816
INDU_MAN_CHE,45,0.991348600508906
INDU_MAN_CHE,45,0.925370576642961
INDU_MAN_CHE,45,0.937579187431371
INDU_MAN_CHE,45,0.974101651019748
INDU_MAN_CHE,45,0.984556983866793
INDU_MAN_CHE,45,0.940699442473391
INDU_MAN_CHE,45,0.944
INDU_MAN_CHE,45,1.03118712273642
INDU_MAN_CHE,45,0.947626841243863
INDU_MAN_CHE,75,1.12279586973789
INDU_MAN_CHE,75,1.12026515151515
INDU_MAN_CHE,75,1.04010349288486
INDU_MAN_CHE,75,1.06087244982584
INDU_MAN_CHE,75,1.09151892668903
INDU_MAN_CHE,75,1.07680101555062
INDU_MAN_CHE,75,1.08343070810937
INDU_MAN_CHE,75,1.06727898966705
INDU_MAN_CHE,75,1.02117933871705
INDU_MAN_CHE,75,1.06002621231979
INDU_MAN_CHE,75,1.11722296395194
INDU_MAN_CHE,75,1.07304785894207
INDU_MAN_CHE,75,1.1206106870229
INDU_MAN_CHE,75,1.03949961442893
INDU_MAN_CHE,75,1.05617028465242
INDU_MAN_CHE,75,1.10035610229848
INDU_MAN_CHE,75,1.0684151496851
INDU_MAN_CHE,75,1.12519006588951
INDU_MAN_CHE,75,1.03
INDU_MAN_CHE,75,1.13480885311871
INDU_MAN_CHE,75,1.11653027823241
INDU_MAN_CHE,105,0.926449563145353
INDU_MAN_CHE,105,0.988636363636363
INDU_MAN_CHE,105,1.03234152652005
INDU_MAN_CHE,105,1.01608890363244
INDU_MAN_CHE,105,0.993770963104935
INDU_MAN_CHE,105,0.993970168200571
INDU_MAN_CHE,105,0.94321103061463
INDU_MAN_CHE,105,0.991044776119403
INDU_MAN_CHE,105,1.0321499314338
INDU_MAN_CHE,105,0.993971166448231
INDU_MAN_CHE,105,1.03497997329773
INDU_MAN_CHE,105,1.03073047858942
INDU_MAN_CHE,105,1.00763358778626
INDU_MAN_CHE,105,1.01996401336646
INDU_MAN_CHE,105,1.01461272066898
INDU_MAN_CHE,105,1.04305600517967
INDU_MAN_CHE,105,1.00526270382193
INDU_MAN_CHE,105,0.965027876330461
INDU_MAN_CHE,105,0.981
INDU_MAN_CHE,105,0.991951710261569
INDU_MAN_CHE,105,0.942716857610475
INDU_MAN_CHE,135,1.02843526608419
INDU_MAN_CHE,135,1.05681818181818
INDU_MAN_CHE,135,1.05368693402329
INDU_MAN_CHE,135,1.01608890363244
INDU_MAN_CHE,135,0.969813128893148
INDU_MAN_CHE,135,1.00539511266265
INDU_MAN_CHE,135,1.03388642206123
INDU_MAN_CHE,135,1.02594718714122
INDU_MAN_CHE,135,1.03489257961298
INDU_MAN_CHE,135,0.961467889908257
INDU_MAN_CHE,135,0.958077436582109
INDU_MAN_CHE,135,1.00654911838791
INDU_MAN_CHE,135,1.0676844783715
INDU_MAN_CHE,135,1.05903521549139
INDU_MAN_CHE,135,1.02474871188445
INDU_MAN_CHE,135,0.961476205891875
INDU_MAN_CHE,135,1.0011215598309
INDU_MAN_CHE,135,1.03902686264572
INDU_MAN_CHE,135,1.022
INDU_MAN_CHE,135,1.04426559356137
INDU_MAN_CHE,135,0.945662847790507
INDU_MAN_CHE,165,1.03129467831612
INDU_MAN_CHE,165,1.02272727272727
INDU_MAN_CHE,165,0.948900388098318
INDU_MAN_CHE,165,1.00116105490131
INDU_MAN_CHE,165,1.01677048394825
INDU_MAN_CHE,165,1.03966994604887
INDU_MAN_CHE,165,1.0479083898107
INDU_MAN_CHE,165,1.01125143513203
INDU_MAN_CHE,165,1.04220630809081
INDU_MAN_CHE,165,1.05268676277851
INDU_MAN_CHE,165,1.02963951935915
INDU_MAN_CHE,165,1.05188916876574
INDU_MAN_CHE,165,1.02290076335878
INDU_MAN_CHE,165,1.00865392854083
INDU_MAN_CHE,165,1.01258552242588
INDU_MAN_CHE,165,1.03528650048559
INDU_MAN_CHE,165,1.03735656975239
INDU_MAN_CHE,165,1.06842372022301
INDU_MAN_CHE,165,1.027
INDU_MAN_CHE,165,0.985915492957746
INDU_MAN_CHE,165,0.986906710310966
INDU_MAN_CHE,195,0.965528196981731
INDU_MAN_CHE,195,0.987689393939394
INDU_MAN_CHE,195,1.02652005174644
INDU_MAN_CHE,195,1.00713219439376
INDU_MAN_CHE,195,0.975563009103977
INDU_MAN_CHE,195,0.983497302443669
INDU_MAN_CHE,195,0.988081327412947
INDU_MAN_CHE,195,1.01308840413318
INDU_MAN_CHE,195,1.05500533292702
INDU_MAN_CHE,195,1.05373525557012
INDU_MAN_CHE,195,1.00827770360481
INDU_MAN_CHE,195,1.0176322418136
INDU_MAN_CHE,195,0.998473282442748
INDU_MAN_CHE,195,1.01687944477765
INDU_MAN_CHE,195,1.04096629782921
INDU_MAN_CHE,195,1.03722887665911
INDU_MAN_CHE,195,0.981451125873523
INDU_MAN_CHE,195,0.96908261530664
INDU_MAN_CHE,195,1.007
INDU_MAN_CHE,195,0.985915492957746
INDU_MAN_CHE,195,1.00360065466448
INDU_MAN_CHE,225,0.996981731532963
INDU_MAN_CHE,225,1.00189393939394
INDU_MAN_CHE,225,0.983829236739974
INDU_MAN_CHE,225,0.928512191076464
INDU_MAN_CHE,225,0.945855294681361
INDU_MAN_CHE,225,1.0139638210092
INDU_MAN_CHE,225,1.013320869362
INDU_MAN_CHE,225,1.01216991963261
INDU_MAN_CHE,225,0.997409721164102
INDU_MAN_CHE,225,0.953079947575361
INDU_MAN_CHE,225,0.930307076101469
INDU_MAN_CHE,225,1.03979848866499
INDU_MAN_CHE,225,0.987277353689567
INDU_MAN_CHE,225,0.990146517007969
INDU_MAN_CHE,225,0.926429597094349
INDU_MAN_CHE,225,0.93331175137585
INDU_MAN_CHE,225,0.993874557846605
INDU_MAN_CHE,225,1.00354789660416
INDU_MAN_CHE,225,0.97
INDU_MAN_CHE,225,0.925553319919517
INDU_MAN_CHE,225,0.919148936170213
INDU_MAN_CHE,255,1.02557585385226
INDU_MAN_CHE,255,0.963068181818182
INDU_MAN_CHE,255,1.01487710219922
INDU_MAN_CHE,255,1.04395422126389
INDU_MAN_CHE,255,1.04743651173934
INDU_MAN_CHE,255,1.04728657569026
INDU_MAN_CHE,255,1.02173405001168
INDU_MAN_CHE,255,0.97910447761194
INDU_MAN_CHE,255,1.04129209203108
INDU_MAN_CHE,255,1.03066841415465
INDU_MAN_CHE,255,1.02429906542056
INDU_MAN_CHE,255,1.06196473551637
INDU_MAN_CHE,255,0.953689567430025
INDU_MAN_CHE,255,1.01687944477765
INDU_MAN_CHE,255,1.03995269870766
INDU_MAN_CHE,255,1.03237293622532
INDU_MAN_CHE,255,1.06323871969632
INDU_MAN_CHE,255,1.04612265585403
INDU_MAN_CHE,255,1.013
INDU_MAN_CHE,255,0.993963782696177
INDU_MAN_CHE,255,1.02520458265139
INDU_MAN_CHE,285,1.04463860206513
INDU_MAN_CHE,285,1.03314393939394
INDU_MAN_CHE,285,1.0653298835705
INDU_MAN_CHE,285,1.05390612041798
INDU_MAN_CHE,285,1.02252036415908
INDU_MAN_CHE,285,1.00920342748334
INDU_MAN_CHE,285,1.04323440056088
INDU_MAN_CHE,285,1.06084959816303
INDU_MAN_CHE,285,1.02209355477678
INDU_MAN_CHE,285,1.05792922673657
INDU_MAN_CHE,285,0.992256341789052
INDU_MAN_CHE,285,0.995465994962217
INDU_MAN_CHE,285,1.03511450381679
INDU_MAN_CHE,285,1.05595064690258
INDU_MAN_CHE,285,1.05515668553087
INDU_MAN_CHE,285,1.0158627387504
INDU_MAN_CHE,285,0.98559226986455
INDU_MAN_CHE,285,1.00152052711607
INDU_MAN_CHE,285,1.067
INDU_MAN_CHE,285,1.03219315895372
INDU_MAN_CHE,285,1.05859247135843
INDU_MAN_CHE,315,1.04559173947577
INDU_MAN_CHE,315,1.01799242424242
INDU_MAN_CHE,315,1.00711513583441
INDU_MAN_CHE,315,0.982252446508542
INDU_MAN_CHE,315,1.05126976521322
INDU_MAN_CHE,315,1.04538241827991
INDU_MAN_CHE,315,1.0479083898107
INDU_MAN_CHE,315,1.02778415614237
INDU_MAN_CHE,315,0.889532226116105
INDU_MAN_CHE,315,1.01389252948886
INDU_MAN_CHE,315,1.03391188251001
INDU_MAN_CHE,315,1.00251889168766
INDU_MAN_CHE,315,1.01577608142494
INDU_MAN_CHE,315,1.00556935995202
INDU_MAN_CHE,315,0.980150350536363
INDU_MAN_CHE,315,1.00615085788281
INDU_MAN_CHE,315,1.02493313777931
INDU_MAN_CHE,315,1.02483527622909
INDU_MAN_CHE,315,1.077
INDU_MAN_CHE,315,0.946680080482897
INDU_MAN_CHE,315,1.05270049099836
INDU_MAN_CHE,345,0.904527402700556
INDU_MAN_CHE,345,0.839015151515151
INDU_MAN_CHE,345,0.885834411384217
INDU_MAN_CHE,345,0.943440039807597
INDU_MAN_CHE,345,0.990896022999521
INDU_MAN_CHE,345,0.923516344017772
INDU_MAN_CHE,345,0.895536340266417
INDU_MAN_CHE,345,0.893685419058554
INDU_MAN_CHE,345,0.815480725278074
INDU_MAN_CHE,345,0.93735255570118
INDU_MAN_CHE,345,0.896128170894526
INDU_MAN_CHE,345,0.87455919395466
INDU_MAN_CHE,345,0.867175572519084
INDU_MAN_CHE,345,0.903778596521292
INDU_MAN_CHE,345,0.911225610271138
INDU_MAN_CHE,345,0.894464227905471
INDU_MAN_CHE,345,0.894487102061945
INDU_MAN_CHE,345,0.847440446021287
INDU_MAN_CHE,345,0.905
INDU_MAN_CHE,345,0.87625754527163
INDU_MAN_CHE,345,1.00163666121113
INDU_MAN_CAP,15,0.985516680227827
INDU_MAN_CAP,15,1.09370988446727
INDU_MAN_CAP,15,1.0284949534378
INDU_MAN_CAP,15,1.01805054151625
INDU_MAN_CAP,15,0.985327855732807
INDU_MAN_CAP,15,1.03701211305518
INDU_MAN_CAP,15,1.07169454459483
INDU_MAN_CAP,15,1.03004291845494
INDU_MAN_CAP,15,0.986240513358425
INDU_MAN_CAP,15,1.03784208458819
INDU_MAN_CAP,15,0.918683062276874
INDU_MAN_CAP,15,1.04665792922674
INDU_MAN_CAP,15,1.1115992970123
INDU_MAN_CAP,15,1.04603941985868
INDU_MAN_CAP,15,1.06221498371336
INDU_MAN_CAP,15,1.00663734506198
INDU_MAN_CAP,15,1.07284768211921
INDU_MAN_CAP,15,1.0291743265926
INDU_MAN_CAP,15,0.976
INDU_MAN_CAP,15,1.08057340583292
INDU_MAN_CAP,15,1.2687008878457
INDU_MAN_CAP,45,0.98746948738812
INDU_MAN_CAP,45,0.878048780487805
INDU_MAN_CAP,45,0.953549322478113
INDU_MAN_CAP,45,0.965929602888087
INDU_MAN_CAP,45,0.906578455956891
INDU_MAN_CAP,45,0.879542395693136
INDU_MAN_CAP,45,0.927005142147881
INDU_MAN_CAP,45,0.869098712446352
INDU_MAN_CAP,45,0.917381378416733
INDU_MAN_CAP,45,1.04019903103313
INDU_MAN_CAP,45,0.847282824276081
INDU_MAN_CAP,45,0.940498034076016
INDU_MAN_CAP,45,1.07557117750439
INDU_MAN_CAP,45,0.935366307177389
INDU_MAN_CAP,45,0.902931596091205
INDU_MAN_CAP,45,0.938504598160736
INDU_MAN_CAP,45,0.905184945889194
INDU_MAN_CAP,45,0.891055870833666
INDU_MAN_CAP,45,0.812
INDU_MAN_CAP,45,0.959960454770143
INDU_MAN_CAP,45,1.12052250229615
INDU_MAN_CAP,75,1.02847843775427
INDU_MAN_CAP,75,0.959271793674874
INDU_MAN_CAP,75,1.04187810182345
INDU_MAN_CAP,75,1.07423285198556
INDU_MAN_CAP,75,1.00709598250013
INDU_MAN_CAP,75,1.02086137281292
INDU_MAN_CAP,75,0.961049707429517
INDU_MAN_CAP,75,0.959227467811159
INDU_MAN_CAP,75,1.01363608317394
INDU_MAN_CAP,75,1.06376849548252
INDU_MAN_CAP,75,1.03213010710036
INDU_MAN_CAP,75,0.979030144167759
INDU_MAN_CAP,75,1.1115992970123
INDU_MAN_CAP,75,1.0397917441428
INDU_MAN_CAP,75,1.0485342019544
INDU_MAN_CAP,75,0.938504598160736
INDU_MAN_CAP,75,0.902277499596188
INDU_MAN_CAP,75,1.00711373990888
INDU_MAN_CAP,75,0.962
INDU_MAN_CAP,75,1.01038062283737
INDU_MAN_CAP,75,1.13276864986223
INDU_MAN_CAP,105,1.01611065907242
INDU_MAN_CAP,105,0.89975493056366
INDU_MAN_CAP,105,0.981653934087994
INDU_MAN_CAP,105,1.00992779783394
INDU_MAN_CAP,105,1.01349837272582
INDU_MAN_CAP,105,0.958277254374159
INDU_MAN_CAP,105,0.932679236361487
INDU_MAN_CAP,105,1.0450643776824
INDU_MAN_CAP,105,1.02029987042636
INDU_MAN_CAP,105,0.923923006416132
INDU_MAN_CAP,105,0.936929789765966
INDU_MAN_CAP,105,1.08204456094364
INDU_MAN_CAP,105,1.11072056239016
INDU_MAN_CAP,105,1.07906284864262
INDU_MAN_CAP,105,1.07785016286645
INDU_MAN_CAP,105,0.92890843662535
INDU_MAN_CAP,105,0.9080923921822
INDU_MAN_CAP,105,1.02821517064983
INDU_MAN_CAP,105,0.982
INDU_MAN_CAP,105,1.01433514582304
INDU_MAN_CAP,105,0.873150321461374
INDU_MAN_CAP,135,0.99593165174939
INDU_MAN_CAP,135,0.909557708017272
INDU_MAN_CAP,135,0.999721184408632
INDU_MAN_CAP,135,1.07084837545126
INDU_MAN_CAP,135,1.02694339219975
INDU_MAN_CAP,135,0.965679676985195
INDU_MAN_CAP,135,1.02559252910929
INDU_MAN_CAP,135,1.10300429184549
INDU_MAN_CAP,135,0.995865983834146
INDU_MAN_CAP,135,0.975775828204792
INDU_MAN_CAP,135,0.96390321301071
INDU_MAN_CAP,135,1.06474442988204
INDU_MAN_CAP,135,1.097539543058
INDU_MAN_CAP,135,1.00855336556341
INDU_MAN_CAP,135,1.01726384364821
INDU_MAN_CAP,135,0.90875649740104
INDU_MAN_CAP,135,1.00113067355839
INDU_MAN_CAP,135,1.02246023499321
INDU_MAN_CAP,135,0.962
INDU_MAN_CAP,135,1.02521008403361
INDU_MAN_CAP,135,0.825390345953669
INDU_MAN_CAP,165,0.921724979658259
INDU_MAN_CAP,165,0.826234099661571
INDU_MAN_CAP,165,0.964924998605922
INDU_MAN_CAP,165,0.969314079422383
INDU_MAN_CAP,165,0.955236621672091
INDU_MAN_CAP,165,0.965679676985195
INDU_MAN_CAP,165,1.02772031443939
INDU_MAN_CAP,165,1.04434907010014
INDU_MAN_CAP,165,1.09730363423212
INDU_MAN_CAP,165,0.994631399764305
INDU_MAN_CAP,165,0.99642998809996
INDU_MAN_CAP,165,1.02857142857143
INDU_MAN_CAP,165,1.03427065026362
INDU_MAN_CAP,165,1.07370769802901
INDU_MAN_CAP,165,0.962540716612378
INDU_MAN_CAP,165,0.891483406637345
INDU_MAN_CAP,165,1.00500726861573
INDU_MAN_CAP,165,1.02533770282152
INDU_MAN_CAP,165,1.001
INDU_MAN_CAP,165,0.899653979238754
INDU_MAN_CAP,165,0.797224206551689
INDU_MAN_CAP,195,0.979007323026851
INDU_MAN_CAP,195,1.0285914342397
INDU_MAN_CAP,195,1.04522388891987
INDU_MAN_CAP,195,0.92870036101083
INDU_MAN_CAP,195,1.04102865069626
INDU_MAN_CAP,195,1.06527590847914
INDU_MAN_CAP,195,1.0411962881967
INDU_MAN_CAP,195,1.02718168812589
INDU_MAN_CAP,195,1.05139754427099
INDU_MAN_CAP,195,1.08812360874689
INDU_MAN_CAP,195,1.10273700912336
INDU_MAN_CAP,195,1.03722149410223
INDU_MAN_CAP,195,1.04745166959578
INDU_MAN_CAP,195,1.05853477129044
INDU_MAN_CAP,195,1.01726384364821
INDU_MAN_CAP,195,1.07860855657737
INDU_MAN_CAP,195,1.0534647068325
INDU_MAN_CAP,195,0.978339061625769
INDU_MAN_CAP,195,1.041
INDU_MAN_CAP,195,1.0123578843302
INDU_MAN_CAP,195,0.933156444535157
INDU_MAN_CAP,225,1.01611065907242
INDU_MAN_CAP,225,1.07200373439141
INDU_MAN_CAP,225,1.01578096247142
INDU_MAN_CAP,225,1.03768050541516
INDU_MAN_CAP,225,1.02950434829003
INDU_MAN_CAP,225,1.0578734858681
INDU_MAN_CAP,225,1.08162420946864
INDU_MAN_CAP,225,1.06080114449213
INDU_MAN_CAP,225,1.03584870734868
INDU_MAN_CAP,225,1.05512635851774
INDU_MAN_CAP,225,1.06545021816739
INDU_MAN_CAP,225,1.01127129750983
INDU_MAN_CAP,225,1.00175746924429
INDU_MAN_CAP,225,1.04782447006322
INDU_MAN_CAP,225,1.014332247557
INDU_MAN_CAP,225,1.06805277888844
INDU_MAN_CAP,225,1.00791471490874
INDU_MAN_CAP,225,1.01862361122212
INDU_MAN_CAP,225,1.118
INDU_MAN_CAP,225,0.986653484923381
INDU_MAN_CAP,225,0.935605674048372
INDU_MAN_CAP,255,0.994629780309195
INDU_MAN_CAP,255,1.09441008285681
INDU_MAN_CAP,255,1.00306697150505
INDU_MAN_CAP,255,0.909747292418773
INDU_MAN_CAP,255,0.969321880168596
INDU_MAN_CAP,255,1.04037685060565
INDU_MAN_CAP,255,0.986583131390744
INDU_MAN_CAP,255,0.99928469241774
INDU_MAN_CAP,255,1.00993397914481
INDU_MAN_CAP,255,0.996202697394265
INDU_MAN_CAP,255,1.01705672352241
INDU_MAN_CAP,255,0.975884665792923
INDU_MAN_CAP,255,0.966608084358524
INDU_MAN_CAP,255,0.931796206768315
INDU_MAN_CAP,255,0.958631921824104
INDU_MAN_CAP,255,1.03446621351459
INDU_MAN_CAP,255,1.01469875625909
INDU_MAN_CAP,255,1.03301095036368
INDU_MAN_CAP,255,1.071
INDU_MAN_CAP,255,0.899653979238754
INDU_MAN_CAP,255,1.0188794774977
INDU_MAN_CAP,285,1.04540276647681
INDU_MAN_CAP,285,1.09020889251955
INDU_MAN_CAP,285,0.931467127641778
INDU_MAN_CAP,285,0.949007220216606
INDU_MAN_CAP,285,1.03142506535773
INDU_MAN_CAP,285,1.01413189771198
INDU_MAN_CAP,285,0.922040309710976
INDU_MAN_CAP,285,1.00143061516452
INDU_MAN_CAP,285,0.978836305300179
INDU_MAN_CAP,285,0.925494304046091
INDU_MAN_CAP,285,1.06069020230067
INDU_MAN_CAP,285,0.968807339449541
INDU_MAN_CAP,285,0.757469244288225
INDU_MAN_CAP,285,0.85771662328003
INDU_MAN_CAP,285,0.96742671009772
INDU_MAN_CAP,285,1.08148740503798
INDU_MAN_CAP,285,1.03892747536747
INDU_MAN_CAP,285,1.01958276716489
INDU_MAN_CAP,285,1.036
INDU_MAN_CAP,285,1.03311913000494
INDU_MAN_CAP,285,1.03969792836004
INDU_MAN_CAP,315,0.996582587469487
INDU_MAN_CAP,315,1.05449877465282
INDU_MAN_CAP,315,0.970278257960185
INDU_MAN_CAP,315,1.03226534296029
INDU_MAN_CAP,315,1.00197407031959
INDU_MAN_CAP,315,0.966352624495289
INDU_MAN_CAP,315,0.967433063419824
INDU_MAN_CAP,315,0.929184549356223
INDU_MAN_CAP,315,0.891466650212871
INDU_MAN_CAP,315,0.905067434856619
INDU_MAN_CAP,315,0.986909956366521
INDU_MAN_CAP,315,0.915334207077326
INDU_MAN_CAP,315,0.818101933216169
INDU_MAN_CAP,315,0.863964298995909
INDU_MAN_CAP,315,0.92442996742671
INDU_MAN_CAP,315,1.05557776889244
INDU_MAN_CAP,315,1.03795832660313
INDU_MAN_CAP,315,0.943809447686036
INDU_MAN_CAP,315,0.991
INDU_MAN_CAP,315,0.987642115669797
INDU_MAN_CAP,315,0.984590264312685
INDU_MAN_CAP,345,1.03303498779496
INDU_MAN_CAP,345,1.09370988446727
INDU_MAN_CAP,345,1.06396029665979
INDU_MAN_CAP,345,1.03429602888087
INDU_MAN_CAP,345,1.0320653043803
INDU_MAN_CAP,345,1.02893674293405
INDU_MAN_CAP,345,1.05538152373072
INDU_MAN_CAP,345,0.931330472103004
INDU_MAN_CAP,345,1.00178935028074
INDU_MAN_CAP,345,0.993845750949326
INDU_MAN_CAP,345,1.07179690598969
INDU_MAN_CAP,345,0.949934469200524
INDU_MAN_CAP,345,0.867311072056239
INDU_MAN_CAP,345,1.05764224618817
INDU_MAN_CAP,345,1.04657980456026
INDU_MAN_CAP,345,1.06901239504198
INDU_MAN_CAP,345,1.05249555806816
INDU_MAN_CAP,345,1.0032771161378
INDU_MAN_CAP,345,1.048
INDU_MAN_CAP,345,1.09045971329708
INDU_MAN_CAP,345,1.07031329727523
INDU_MAN_PET,15,0.909062885326757
INDU_MAN_PET,15,1.00919243333587
INDU_MAN_PET,15,0.983151002156033
INDU_MAN_PET,15,1.00186046511628
INDU_MAN_PET,15,0.964293569909817
INDU_MAN_PET,15,0.951582477468036
INDU_MAN_PET,15,0.987595818815331
INDU_MAN_PET,15,0.967575777587004
INDU_MAN_PET,15,1.03301168105637
INDU_MAN_PET,15,0.945669154660649
INDU_MAN_PET,15,1.11194309247473
INDU_MAN_PET,15,0.904306220095694
INDU_MAN_PET,15,1.02931596091205
INDU_MAN_PET,15,0.972885032537961
INDU_MAN_PET,15,1.06129948221146
INDU_MAN_PET,15,0.985525789684126
INDU_MAN_PET,15,1.03308431163287
INDU_MAN_PET,15,1.01080351114112
INDU_MAN_PET,15,1.03091409049246
INDU_MAN_PET,15,1.20174016889875
INDU_MAN_PET,15,1.19855014095852
INDU_MAN_PET,45,1.02651048088779
INDU_MAN_PET,45,1.00645749449214
INDU_MAN_PET,45,0.988900423221273
INDU_MAN_PET,45,0.964651162790698
INDU_MAN_PET,45,0.983649827699978
INDU_MAN_PET,45,0.956612869419409
INDU_MAN_PET,45,0.958327526132404
INDU_MAN_PET,45,0.924783728455392
INDU_MAN_PET,45,1.06576942610462
INDU_MAN_PET,45,0.868599201527513
INDU_MAN_PET,45,1.10183451890678
INDU_MAN_PET,45,0.936842105263158
INDU_MAN_PET,45,1.06080347448426
INDU_MAN_PET,45,0.968546637744035
INDU_MAN_PET,45,0.907967262401871
INDU_MAN_PET,45,0.968252698920432
INDU_MAN_PET,45,1.01387406616862
INDU_MAN_PET,45,0.965226198514517
INDU_MAN_PET,45,0.936921923173069
INDU_MAN_PET,45,1.1321334129489
INDU_MAN_PET,45,1.0475231574708
INDU_MAN_PET,75,1.05887792848335
INDU_MAN_PET,75,1.1076502317101
INDU_MAN_PET,75,1.03968697596423
INDU_MAN_PET,75,1.0493023255814
INDU_MAN_PET,75,1.03995894127135
INDU_MAN_PET,75,1.11003982393628
INDU_MAN_PET,75,1.05867595818815
INDU_MAN_PET,75,1.03889585947302
INDU_MAN_PET,75,1.03377348908075
INDU_MAN_PET,75,0.94775212636695
INDU_MAN_PET,75,1.08947959565706
INDU_MAN_PET,75,1.05645933014354
INDU_MAN_PET,75,1.05537459283388
INDU_MAN_PET,75,1.08351409978308
INDU_MAN_PET,75,1.00918657090362
INDU_MAN_PET,75,1.02678928428629
INDU_MAN_PET,75,1.06616862326574
INDU_MAN_PET,75,1.12018906144497
INDU_MAN_PET,75,1.0159153403883
INDU_MAN_PET,75,1.15465324575621
INDU_MAN_PET,75,1.15867901731776
INDU_MAN_PET,105,0.914611590628853
INDU_MAN_PET,105,0.998252677960951
INDU_MAN_PET,105,1.01285634432644
INDU_MAN_PET,105,0.997209302325581
INDU_MAN_PET,105,0.993327956595058
INDU_MAN_PET,105,1.00523999161601
INDU_MAN_PET,105,0.960836236933798
INDU_MAN_PET,105,0.985802020735654
INDU_MAN_PET,105,0.992635855764347
INDU_MAN_PET,105,0.895677833709425
INDU_MAN_PET,105,1.01647323099963
INDU_MAN_PET,105,1.1511961722488
INDU_MAN_PET,105,1.0228013029316
INDU_MAN_PET,105,1.03470715835141
INDU_MAN_PET,105,1.02321697010189
INDU_MAN_PET,105,1.02678928428629
INDU_MAN_PET,105,0.959445037353255
INDU_MAN_PET,105,1.04017555705604
INDU_MAN_PET,105,0.967919340054996
INDU_MAN_PET,105,1.02158150644033
INDU_MAN_PET,105,1.02698348771647
INDU_MAN_PET,135,1.02558569667078
INDU_MAN_PET,135,1.0565980399605
INDU_MAN_PET,135,1.03489579174319
INDU_MAN_PET,135,1.04279069767442
INDU_MAN_PET,135,0.997727106092822
INDU_MAN_PET,135,1.03626074198281
INDU_MAN_PET,135,1.04445993031359
INDU_MAN_PET,135,1.01987717097009
INDU_MAN_PET,135,1.05205688166582
INDU_MAN_PET,135,0.922756465891338
INDU_MAN_PET,135,0.871583676525646
INDU_MAN_PET,135,1.09377990430622
INDU_MAN_PET,135,1.07491856677524
INDU_MAN_PET,135,1.03470715835141
INDU_MAN_PET,135,1.01018874227493
INDU_MAN_PET,135,1.01527389044382
INDU_MAN_PET,135,0.959445037353255
INDU_MAN_PET,135,1.03308575286968
INDU_MAN_PET,135,0.99491709024248
INDU_MAN_PET,135,1.09221189115414
INDU_MAN_PET,135,0.954490535642368
INDU_MAN_PET,165,0.993218249075216
INDU_MAN_PET,165,1.0502165159918
INDU_MAN_PET,165,0.987942186377066
INDU_MAN_PET,165,1.00744186046512
INDU_MAN_PET,165,0.993327956595058
INDU_MAN_PET,165,1.00607839027458
INDU_MAN_PET,165,1.01686411149826
INDU_MAN_PET,165,1.01987717097009
INDU_MAN_PET,165,1.07643473844591
INDU_MAN_PET,165,1.05710814094775
INDU_MAN_PET,165,0.956944964432797
INDU_MAN_PET,165,1.04114832535885
INDU_MAN_PET,165,1.09554831704669
INDU_MAN_PET,165,0.986984815618221
INDU_MAN_PET,165,1.0031735426758
INDU_MAN_PET,165,1.02582966813275
INDU_MAN_PET,165,0.964781216648879
INDU_MAN_PET,165,1.05638082376772
INDU_MAN_PET,165,0.978918423464711
INDU_MAN_PET,165,0.951974750490489
INDU_MAN_PET,165,0.862666129681837
INDU_MAN_PET,195,0.975647348951911
INDU_MAN_PET,195,0.996429385398465
INDU_MAN_PET,195,1.01668929170327
INDU_MAN_PET,195,1.00558139534884
INDU_MAN_PET,195,0.972212039005792
INDU_MAN_PET,195,0.992664011737581
INDU_MAN_PET,195,1.01017421602787
INDU_MAN_PET,195,1.04285808624447
INDU_MAN_PET,195,1.09471813103098
INDU_MAN_PET,195,1.08522825898282
INDU_MAN_PET,195,0.959191314114564
INDU_MAN_PET,195,1.00956937799043
INDU_MAN_PET,195,1.04885993485342
INDU_MAN_PET,195,1.0119305856833
INDU_MAN_PET,195,1.00718222816102
INDU_MAN_PET,195,1.0594162335066
INDU_MAN_PET,195,0.988260405549626
INDU_MAN_PET,195,0.961174881836597
INDU_MAN_PET,195,1.02091492375635
INDU_MAN_PET,195,0.9806363558816
INDU_MAN_PET,195,0.952074103906565
INDU_MAN_PET,225,1.00893958076449
INDU_MAN_PET,225,0.996429385398465
INDU_MAN_PET,225,0.97261039686976
INDU_MAN_PET,225,0.933953488372093
INDU_MAN_PET,225,0.924701224429944
INDU_MAN_PET,225,0.978411234542025
INDU_MAN_PET,225,1.00515679442509
INDU_MAN_PET,225,0.996896255695701
INDU_MAN_PET,225,1.07948197054342
INDU_MAN_PET,225,0.977955216108315
INDU_MAN_PET,225,0.900786222388619
INDU_MAN_PET,225,1.0200956937799
INDU_MAN_PET,225,0.957654723127036
INDU_MAN_PET,225,0.964208242950108
INDU_MAN_PET,225,0.976114915650576
INDU_MAN_PET,225,0.989364254298281
INDU_MAN_PET,225,1.01173959445037
INDU_MAN_PET,225,0.980418636056718
INDU_MAN_PET,225,1.00991584034664
INDU_MAN_PET,225,0.919218630043504
INDU_MAN_PET,225,0.827627869512686
INDU_MAN_PET,255,1.04130702836005
INDU_MAN_PET,255,0.952670363898807
INDU_MAN_PET,255,1.00519044957279
INDU_MAN_PET,255,1.02976744186047
INDU_MAN_PET,255,1.01004472468656
INDU_MAN_PET,255,1.01110878222595
INDU_MAN_PET,255,1.0018118466899
INDU_MAN_PET,255,0.977085121838473
INDU_MAN_PET,255,1.04520060944642
INDU_MAN_PET,255,1.08626974483597
INDU_MAN_PET,255,0.965930363159865
INDU_MAN_PET,255,1.05454545454545
INDU_MAN_PET,255,0.90228013029316
INDU_MAN_PET,255,0.964208242950108
INDU_MAN_PET,255,1.08635376649407
INDU_MAN_PET,255,1.04022391043583
INDU_MAN_PET,255,1.08858057630736
INDU_MAN_PET,255,1.03409858203916
INDU_MAN_PET,255,1.06391134072161
INDU_MAN_PET,255,0.93354943273906
INDU_MAN_PET,255,0.985904148207813
INDU_MAN_PET,285,1.06997533908755
INDU_MAN_PET,285,1.00554584821089
INDU_MAN_PET,285,1.0358540285874
INDU_MAN_PET,285,1.0306976744186
INDU_MAN_PET,285,1.03028081237627
INDU_MAN_PET,285,0.996856005030392
INDU_MAN_PET,285,1.01101045296167
INDU_MAN_PET,285,1.01274516278148
INDU_MAN_PET,285,0.93473844591163
INDU_MAN_PET,285,1.12480472140253
INDU_MAN_PET,285,1.00524148259079
INDU_MAN_PET,285,0.894736842105263
INDU_MAN_PET,285,0.969598262757872
INDU_MAN_PET,285,1.04338394793926
INDU_MAN_PET,285,1.02722565558711
INDU_MAN_PET,285,1.03350659736106
INDU_MAN_PET,285,1.01600853788687
INDU_MAN_PET,285,0.939905469277515
INDU_MAN_PET,285,1.07891009082576
INDU_MAN_PET,285,0.90386419858398
INDU_MAN_PET,285,0.989528795811518
INDU_MAN_PET,315,1.05147965474723
INDU_MAN_PET,315,0.984577983742308
INDU_MAN_PET,315,0.98985866006548
INDU_MAN_PET,315,0.988837209302325
INDU_MAN_PET,315,1.0540362196642
INDU_MAN_PET,315,1.02033116747013
INDU_MAN_PET,315,1.02773519163763
INDU_MAN_PET,315,1.04523542230734
INDU_MAN_PET,315,0.857034027425089
INDU_MAN_PET,315,1.08939420239542
INDU_MAN_PET,315,1.06476974915762
INDU_MAN_PET,315,0.974162679425837
INDU_MAN_PET,315,0.96742671009772
INDU_MAN_PET,315,1.03904555314534
INDU_MAN_PET,315,0.990145314848839
INDU_MAN_PET,315,0.978808476609356
INDU_MAN_PET,315,1.0042689434365
INDU_MAN_PET,315,1.01890614449696
INDU_MAN_PET,315,1.01191567369386
INDU_MAN_PET,315,0.875202593192869
INDU_MAN_PET,315,1.0438985098671
INDU_MAN_PET,345,0.92478421701603
INDU_MAN_PET,345,0.835979639899719
INDU_MAN_PET,345,0.93236444941308
INDU_MAN_PET,345,0.947906976744186
INDU_MAN_PET,345,1.03643962167314
INDU_MAN_PET,345,0.934814504296793
INDU_MAN_PET,345,0.917351916376307
INDU_MAN_PET,345,0.968368222941293
INDU_MAN_PET,345,0.735144743524632
INDU_MAN_PET,345,0.998784933171324
INDU_MAN_PET,345,0.955821789591913
INDU_MAN_PET,345,0.863157894736842
INDU_MAN_PET,345,0.815418023887079
INDU_MAN_PET,345,0.89587852494577
INDU_MAN_PET,345,0.897945548688826
INDU_MAN_PET,345,0.850219912035186
INDU_MAN_PET,345,0.894343649946638
INDU_MAN_PET,345,0.839635381498987
INDU_MAN_PET,345,0.888925922839763
INDU_MAN_PET,345,0.83323381387017
INDU_MAN_PET,345,0.952074103906565
INDU_MAN_MET,15,0.922811804408702
INDU_MAN_MET,15,1.01939385001106
INDU_MAN_MET,15,1.02329180530836
INDU_MAN_MET,15,0.948725821307952
INDU_MAN_MET,15,0.91690203656905
INDU_MAN_MET,15,0.907079646017699
INDU_MAN_MET,15,0.945559985501994
INDU_MAN_MET,15,0.977872340425532
INDU_MAN_MET,15,1.01857470583882
INDU_MAN_MET,15,0.959692898272553
INDU_MAN_MET,15,0.852520756654969
INDU_MAN_MET,15,0.894484015239357
INDU_MAN_MET,15,0.923525599481529
INDU_MAN_MET,15,0.932375526380976
INDU_MAN_MET,15,0.961235322502815
INDU_MAN_MET,15,0.949717057396928
INDU_MAN_MET,15,0.91074559572514
INDU_MAN_MET,15,0.935414245392661
INDU_MAN_MET,15,1.005
INDU_MAN_MET,15,0.986723768736617
INDU_MAN_MET,15,1.08206106870229
INDU_MAN_MET,45,1.01759172829755
INDU_MAN_MET,45,0.978688887250203
INDU_MAN_MET,45,1.01679176661766
INDU_MAN_MET,45,0.95148910039914
INDU_MAN_MET,45,0.94901144640999
INDU_MAN_MET,45,0.969026548672566
INDU_MAN_MET,45,0.945559985501994
INDU_MAN_MET,45,0.967659574468085
INDU_MAN_MET,45,1.0398875157256
INDU_MAN_MET,45,0.965176857691253
INDU_MAN_MET,45,0.900796028417359
INDU_MAN_MET,45,0.938214344873282
INDU_MAN_MET,45,0.984769928710304
INDU_MAN_MET,45,0.919494674263067
INDU_MAN_MET,45,0.941933408396333
INDU_MAN_MET,45,0.975909458367017
INDU_MAN_MET,45,0.97787425899641
INDU_MAN_MET,45,0.941391333222647
INDU_MAN_MET,45,0.992
INDU_MAN_MET,45,0.988779443254818
INDU_MAN_MET,45,1.08091603053435
INDU_MAN_MET,75,1.13046600129245
INDU_MAN_MET,75,1.08399085613155
INDU_MAN_MET,75,1.05114911398282
INDU_MAN_MET,75,1.04267731040835
INDU_MAN_MET,75,1.13096476884198
INDU_MAN_MET,75,1.07699115044248
INDU_MAN_MET,75,1.11431678144255
INDU_MAN_MET,75,1.06723404255319
INDU_MAN_MET,75,1.04787981943314
INDU_MAN_MET,75,1.07156567041404
INDU_MAN_MET,75,1.05897457844732
INDU_MAN_MET,75,1.1181050190492
INDU_MAN_MET,75,1.07906675307842
INDU_MAN_MET,75,1.04533069110726
INDU_MAN_MET,75,1.05774489303523
INDU_MAN_MET,75,1.12239288601455
INDU_MAN_MET,75,1.09008933789764
INDU_MAN_MET,75,1.09779179810726
INDU_MAN_MET,75,1.075
INDU_MAN_MET,75,1.07408993576017
INDU_MAN_MET,75,1.11526717557252
INDU_MAN_MET,105,0.938321246499605
INDU_MAN_MET,105,0.978688887250203
INDU_MAN_MET,105,1.04186334442467
INDU_MAN_MET,105,0.994780472827756
INDU_MAN_MET,105,0.979337000148655
INDU_MAN_MET,105,1.00796460176991
INDU_MAN_MET,105,0.936861181587532
INDU_MAN_MET,105,0.957446808510638
INDU_MAN_MET,105,1.07540886553689
INDU_MAN_MET,105,0.978338360296134
INDU_MAN_MET,105,0.970641102456561
INDU_MAN_MET,105,0.936226602617194
INDU_MAN_MET,105,0.931302657161374
INDU_MAN_MET,105,0.987862273965816
INDU_MAN_MET,105,0.98825800225189
INDU_MAN_MET,105,1.02441390460792
INDU_MAN_MET,105,0.981881940385739
INDU_MAN_MET,105,0.906524987547734
INDU_MAN_MET,105,0.991
INDU_MAN_MET,105,0.952805139186296
INDU_MAN_MET,105,0.732824427480916
INDU_MAN_MET,135,1.03913262009047
INDU_MAN_MET,135,1.07160238920434
INDU_MAN_MET,135,1.05950630658516
INDU_MAN_MET,135,0.990175007675775
INDU_MAN_MET,135,0.99985134532481
INDU_MAN_MET,135,1.03451327433628
INDU_MAN_MET,135,1.03515766582095
INDU_MAN_MET,135,1.04936170212766
INDU_MAN_MET,135,1.02656700954636
INDU_MAN_MET,135,0.970660817109953
INDU_MAN_MET,135,0.961396901480784
INDU_MAN_MET,135,1.03362597316548
INDU_MAN_MET,135,1.08295528191834
INDU_MAN_MET,135,1.00173396086203
INDU_MAN_MET,135,0.970886279556056
INDU_MAN_MET,135,0.958447857720291
INDU_MAN_MET,135,0.993904984553728
INDU_MAN_MET,135,1.0011622115225
INDU_MAN_MET,135,1.004
INDU_MAN_MET,135,1.02269807280514
INDU_MAN_MET,135,0.795801526717557
INDU_MAN_MET,165,1.04861061247936
INDU_MAN_MET,165,1.03178231693828
INDU_MAN_MET,165,0.893291031494235
INDU_MAN_MET,165,1.01688670555726
INDU_MAN_MET,165,1.06317823695555
INDU_MAN_MET,165,1.04955752212389
INDU_MAN_MET,165,1.05951431678144
INDU_MAN_MET,165,1.03148936170213
INDU_MAN_MET,165,1.04699178568786
INDU_MAN_MET,165,1.04743624897176
INDU_MAN_MET,165,1.07335444663186
INDU_MAN_MET,165,1.1181050190492
INDU_MAN_MET,165,0.995463383020091
INDU_MAN_MET,165,0.984889769630914
INDU_MAN_MET,165,1.03554769181277
INDU_MAN_MET,165,1.11269199676637
INDU_MAN_MET,165,1.07606245303498
INDU_MAN_MET,165,1.06591399634734
INDU_MAN_MET,165,1.051
INDU_MAN_MET,165,1.00625267665953
INDU_MAN_MET,165,0.99618320610687
INDU_MAN_MET,195,0.96934013068141
INDU_MAN_MET,195,0.997271587641029
INDU_MAN_MET,195,1.03814903660141
INDU_MAN_MET,195,1.04636168252994
INDU_MAN_MET,195,0.991823992864576
INDU_MAN_MET,195,0.969026548672566
INDU_MAN_MET,195,0.96904675607104
INDU_MAN_MET,195,1.00085106382979
INDU_MAN_MET,195,1.05942425812181
INDU_MAN_MET,195,1.02988757883192
INDU_MAN_MET,195,1.03226910896174
INDU_MAN_MET,195,0.99387112804373
INDU_MAN_MET,195,1.03823720025924
INDU_MAN_MET,195,1.02155065642804
INDU_MAN_MET,195,1.04616374457134
INDU_MAN_MET,195,1.02247372675829
INDU_MAN_MET,195,0.970860816565083
INDU_MAN_MET,195,0.937406608002657
INDU_MAN_MET,195,0.998
INDU_MAN_MET,195,1.02783725910064
INDU_MAN_MET,195,0.991603053435114
INDU_MAN_MET,225,0.972786673368278
INDU_MAN_MET,225,1.00169604011504
INDU_MAN_MET,225,0.937862725373365
INDU_MAN_MET,225,0.918329751304882
INDU_MAN_MET,225,0.912442396313364
INDU_MAN_MET,225,0.964601769911504
INDU_MAN_MET,225,0.993403407031533
INDU_MAN_MET,225,0.998297872340425
INDU_MAN_MET,225,0.938651668763413
INDU_MAN_MET,225,0.924595557992871
INDU_MAN_MET,225,0.972695369340067
INDU_MAN_MET,225,0.989895643531555
INDU_MAN_MET,225,1.00129617627997
INDU_MAN_MET,225,0.956155561060193
INDU_MAN_MET,225,0.941933408396333
INDU_MAN_MET,225,0.911883589329022
INDU_MAN_MET,225,0.986891542122401
INDU_MAN_MET,225,0.971276772372572
INDU_MAN_MET,225,0.998
INDU_MAN_MET,225,0.939443254817987
INDU_MAN_MET,225,0.908015267175573
INDU_MAN_MET,255,0.999497379191499
INDU_MAN_MET,255,0.960106186859376
INDU_MAN_MET,255,0.984291573164126
INDU_MAN_MET,255,1.02978200798281
INDU_MAN_MET,255,1.03642039542144
INDU_MAN_MET,255,1.02300884955752
INDU_MAN_MET,255,0.997752808988764
INDU_MAN_MET,255,0.965106382978724
INDU_MAN_MET,255,1.02923111078221
INDU_MAN_MET,255,1.05072662462298
INDU_MAN_MET,255,1.08978858169991
INDU_MAN_MET,255,1.04853404008614
INDU_MAN_MET,255,1.01685029163966
INDU_MAN_MET,255,1.05622987366857
INDU_MAN_MET,255,1.05581470162458
INDU_MAN_MET,255,1.05933710590137
INDU_MAN_MET,255,1.04099524087835
INDU_MAN_MET,255,1.02606674414743
INDU_MAN_MET,255,1.008
INDU_MAN_MET,255,1.01858672376874
INDU_MAN_MET,255,1.0969465648855
INDU_MAN_MET,285,1.0356860774036
INDU_MAN_MET,285,1.03797655040189
INDU_MAN_MET,285,1.07714926874565
INDU_MAN_MET,285,1.07675775253301
INDU_MAN_MET,285,1.00252712947822
INDU_MAN_MET,285,1.01327433628319
INDU_MAN_MET,285,1.04298658934397
INDU_MAN_MET,285,1.06297872340426
INDU_MAN_MET,285,1.03189521201806
INDU_MAN_MET,285,1.0540170002742
INDU_MAN_MET,285,1.04664897714628
INDU_MAN_MET,285,1.01076693722047
INDU_MAN_MET,285,1.09753726506805
INDU_MAN_MET,285,1.12162496903641
INDU_MAN_MET,285,1.07511661573106
INDU_MAN_MET,285,1.0176232821342
INDU_MAN_MET,285,0.989897303164398
INDU_MAN_MET,285,1.07786817200731
INDU_MAN_MET,285,1.085
INDU_MAN_MET,285,1.06895074946467
INDU_MAN_MET,285,1.09351145038168
INDU_MAN_MET,315,1.06928986860056
INDU_MAN_MET,315,0.993732025661824
INDU_MAN_MET,315,1.00657742010369
INDU_MAN_MET,315,1.01504451949647
INDU_MAN_MET,315,1.06942173331351
INDU_MAN_MET,315,1.07522123893805
INDU_MAN_MET,315,1.06473359913012
INDU_MAN_MET,315,1.04765957446809
INDU_MAN_MET,315,0.90313031895212
INDU_MAN_MET,315,1.02988757883192
INDU_MAN_MET,315,1.09492424890867
INDU_MAN_MET,315,1.04157694218983
INDU_MAN_MET,315,1.0197666882696
INDU_MAN_MET,315,1.05622987366857
INDU_MAN_MET,315,1.01431558629564
INDU_MAN_MET,315,0.965238480194018
INDU_MAN_MET,315,1.04600484261501
INDU_MAN_MET,315,1.09081852897227
INDU_MAN_MET,315,0.961
INDU_MAN_MET,315,1.00214132762313
INDU_MAN_MET,315,1.09351145038168
INDU_MAN_MET,345,0.856465857686508
INDU_MAN_MET,345,0.845070422535211
INDU_MAN_MET,345,0.870076607598855
INDU_MAN_MET,345,0.968989867976666
INDU_MAN_MET,345,0.948119518358852
INDU_MAN_MET,345,0.909734513274336
INDU_MAN_MET,345,0.895106922798115
INDU_MAN_MET,345,0.874042553191489
INDU_MAN_MET,345,0.782357729593725
INDU_MAN_MET,345,0.918014806690431
INDU_MAN_MET,345,0.945989899854489
INDU_MAN_MET,345,0.87659433493457
INDU_MAN_MET,345,0.829228775113415
INDU_MAN_MET,345,0.916522169928165
INDU_MAN_MET,345,0.911050345825961
INDU_MAN_MET,345,0.879870654810024
INDU_MAN_MET,345,0.934791684061117
INDU_MAN_MET,345,0.948364602357629
INDU_MAN_MET,345,0.832
INDU_MAN_MET,345,0.91169164882227
INDU_MAN_MET,345,1.01335877862595
INDU_MAN_IRO,15,0.995429616087751
INDU_MAN_IRO,15,1.22552129374448
INDU_MAN_IRO,15,1.19583989914907
INDU_MAN_IRO,15,0.999407806191117
INDU_MAN_IRO,15,0.903409090909091
INDU_MAN_IRO,15,0.999082288161517
INDU_MAN_IRO,15,0.964595591901865
INDU_MAN_IRO,15,1.09875583203733
INDU_MAN_IRO,15,1.1707915729188
INDU_MAN_IRO,15,0.881335894783508
INDU_MAN_IRO,15,1.03484019579614
INDU_MAN_IRO,15,0.937574237824997
INDU_MAN_IRO,15,0.831706518178841
INDU_MAN_IRO,15,0.947443860487339
INDU_MAN_IRO,15,1.14654615881214
INDU_MAN_IRO,15,1.20833608997684
INDU_MAN_IRO,15,0.895939768755042
INDU_MAN_IRO,15,0.973432164570667
INDU_MAN_IRO,15,1.05608800733394
INDU_MAN_IRO,15,1.08017307202851
INDU_MAN_IRO,15,1.12432040594418
INDU_MAN_IRO,45,1.0617915904936
INDU_MAN_IRO,45,1.0146118246581
INDU_MAN_IRO,45,1.04153797667822
INDU_MAN_IRO,45,0.922530282637954
INDU_MAN_IRO,45,0.932797805642633
INDU_MAN_IRO,45,0.975221780360967
INDU_MAN_IRO,45,0.933479605066321
INDU_MAN_IRO,45,1.05793157076205
INDU_MAN_IRO,45,1.00634076498261
INDU_MAN_IRO,45,0.837889759125166
INDU_MAN_IRO,45,0.926864382378347
INDU_MAN_IRO,45,0.92332057542563
INDU_MAN_IRO,45,1.02980674746151
INDU_MAN_IRO,45,0.914476827520306
INDU_MAN_IRO,45,1.03245495627678
INDU_MAN_IRO,45,1.13370823685081
INDU_MAN_IRO,45,0.914224253831675
INDU_MAN_IRO,45,0.960439743482968
INDU_MAN_IRO,45,0.956079673306109
INDU_MAN_IRO,45,1.03130567574446
INDU_MAN_IRO,45,0.999275099673795
INDU_MAN_IRO,75,1.26800731261426
INDU_MAN_IRO,75,1.02833965992408
INDU_MAN_IRO,75,1.03094862905767
INDU_MAN_IRO,75,0.936742934051144
INDU_MAN_IRO,75,1.18436520376176
INDU_MAN_IRO,75,1.13429183236464
INDU_MAN_IRO,75,1.18958811209734
INDU_MAN_IRO,75,1.01360808709176
INDU_MAN_IRO,75,1.01922683575373
INDU_MAN_IRO,75,0.89906901137875
INDU_MAN_IRO,75,1.1298589116038
INDU_MAN_IRO,75,1.11099379701729
INDU_MAN_IRO,75,0.966917785784474
INDU_MAN_IRO,75,1.01409460105112
INDU_MAN_IRO,75,1.03597628968836
INDU_MAN_IRO,75,1.16070129010916
INDU_MAN_IRO,75,1.09814466254369
INDU_MAN_IRO,75,1.13933538769051
INDU_MAN_IRO,75,1.02208517376448
INDU_MAN_IRO,75,1.09238992109952
INDU_MAN_IRO,75,1.00688655309895
INDU_MAN_IRO,105,1.00255941499086
INDU_MAN_IRO,105,1.10633872393531
INDU_MAN_IRO,105,1.07028049164828
INDU_MAN_IRO,105,1.04527590847914
INDU_MAN_IRO,105,0.967476489028213
INDU_MAN_IRO,105,1.09330070357908
INDU_MAN_IRO,105,0.955619826468535
INDU_MAN_IRO,105,1.00894245723173
INDU_MAN_IRO,105,1.1996318265494
INDU_MAN_IRO,105,0.94162849120733
INDU_MAN_IRO,105,1.03311258278146
INDU_MAN_IRO,105,0.993797017289164
INDU_MAN_IRO,105,0.863937111038323
INDU_MAN_IRO,105,0.936693741041567
INDU_MAN_IRO,105,1.06907682375726
INDU_MAN_IRO,105,1.20595434998346
INDU_MAN_IRO,105,0.998117773595052
INDU_MAN_IRO,105,1.02440243191472
INDU_MAN_IRO,105,1.07108925743812
INDU_MAN_IRO,105,1.0394502417918
INDU_MAN_IRO,105,1.00797390358826
INDU_MAN_IRO,135,1.13912248628885
INDU_MAN_IRO,135,1.24049711403463
INDU_MAN_IRO,135,1.19659628112197
INDU_MAN_IRO,135,0.950955585464334
INDU_MAN_IRO,135,1.01978840125392
INDU_MAN_IRO,135,1.04313245640869
INDU_MAN_IRO,135,1.15667697217513
INDU_MAN_IRO,135,1.17457231726283
INDU_MAN_IRO,135,1.03886275311925
INDU_MAN_IRO,135,0.896409043889464
INDU_MAN_IRO,135,1.0115174200979
INDU_MAN_IRO,135,1.00013197835555
INDU_MAN_IRO,135,1.27585981002293
INDU_MAN_IRO,135,1.08791208791209
INDU_MAN_IRO,135,0.928223487293855
INDU_MAN_IRO,135,1.04399603043334
INDU_MAN_IRO,135,1.0497445549879
INDU_MAN_IRO,135,1.12334471558258
INDU_MAN_IRO,135,1.09909159096591
INDU_MAN_IRO,135,1.12802239755663
INDU_MAN_IRO,135,0.923160565422254
INDU_MAN_IRO,165,1.0672760511883
INDU_MAN_IRO,165,0.999636004367948
INDU_MAN_IRO,165,0.872108414749448
INDU_MAN_IRO,165,0.978088829071332
INDU_MAN_IRO,165,1.16379310344828
INDU_MAN_IRO,165,1.08473539308657
INDU_MAN_IRO,165,1.00349057544629
INDU_MAN_IRO,165,1.01594090202177
INDU_MAN_IRO,165,1.04561259971364
INDU_MAN_IRO,165,0.933648588739471
INDU_MAN_IRO,165,1.13072271811114
INDU_MAN_IRO,165,1.25669790154415
INDU_MAN_IRO,165,1.03295119554537
INDU_MAN_IRO,165,0.982560917343526
INDU_MAN_IRO,165,0.964845354774341
INDU_MAN_IRO,165,1.10433344359907
INDU_MAN_IRO,165,1.07770906157569
INDU_MAN_IRO,165,0.968435079536937
INDU_MAN_IRO,165,1.05008750729227
INDU_MAN_IRO,165,0.985492491728175
INDU_MAN_IRO,165,0.916636462486408
INDU_MAN_IRO,195,0.93290676416819
INDU_MAN_IRO,195,0.854245749051012
INDU_MAN_IRO,195,1.05515285219036
INDU_MAN_IRO,195,1.09695827725437
INDU_MAN_IRO,195,0.912813479623825
INDU_MAN_IRO,195,0.875497093912511
INDU_MAN_IRO,195,0.935873142515209
INDU_MAN_IRO,195,0.885303265940902
INDU_MAN_IRO,195,1.16526897115975
INDU_MAN_IRO,195,1.09945322890498
INDU_MAN_IRO,195,0.900086380650734
INDU_MAN_IRO,195,0.981127095156394
INDU_MAN_IRO,195,1.01251228300033
INDU_MAN_IRO,195,0.940277114190158
INDU_MAN_IRO,195,1.05710429015787
INDU_MAN_IRO,195,1.08686735031426
INDU_MAN_IRO,195,0.984135520301156
INDU_MAN_IRO,195,0.894478221037728
INDU_MAN_IRO,195,0.981081756813068
INDU_MAN_IRO,195,1.10257062865869
INDU_MAN_IRO,195,1.04059441826749
INDU_MAN_IRO,225,0.888482632541134
INDU_MAN_IRO,225,1.00525193697676
INDU_MAN_IRO,225,0.819918058619603
INDU_MAN_IRO,225,0.836608344549125
INDU_MAN_IRO,225,0.866967084639498
INDU_MAN_IRO,225,0.988069746099725
INDU_MAN_IRO,225,1.06033708985739
INDU_MAN_IRO,225,1.01710730948678
INDU_MAN_IRO,225,0.900797709142974
INDU_MAN_IRO,225,0.862716122358505
INDU_MAN_IRO,225,0.849121796717535
INDU_MAN_IRO,225,1.02626369275439
INDU_MAN_IRO,225,0.993645594497216
INDU_MAN_IRO,225,1.02842809364549
INDU_MAN_IRO,225,0.90568695345971
INDU_MAN_IRO,225,0.74548461792921
INDU_MAN_IRO,225,0.899166442592095
INDU_MAN_IRO,225,0.933455484300825
INDU_MAN_IRO,225,0.974081173431119
INDU_MAN_IRO,225,0.804275897174854
INDU_MAN_IRO,225,0.798115259151867
INDU_MAN_IRO,255,0.859414990859232
INDU_MAN_IRO,255,0.94659664084031
INDU_MAN_IRO,255,0.902363693665301
INDU_MAN_IRO,255,0.965814266487214
INDU_MAN_IRO,255,1.1573275862069
INDU_MAN_IRO,255,0.877944325481799
INDU_MAN_IRO,255,0.893387852797447
INDU_MAN_IRO,255,0.90454898911353
INDU_MAN_IRO,255,1.02290857025977
INDU_MAN_IRO,255,1.20141864932762
INDU_MAN_IRO,255,1.15922833285344
INDU_MAN_IRO,255,0.968457173023624
INDU_MAN_IRO,255,1.03688175565018
INDU_MAN_IRO,255,0.996894409937888
INDU_MAN_IRO,255,0.952168554492634
INDU_MAN_IRO,255,0.959841217333775
INDU_MAN_IRO,255,1.07233127184727
INDU_MAN_IRO,255,0.981427500624636
INDU_MAN_IRO,255,1.00308359029919
INDU_MAN_IRO,255,0.951896156782896
INDU_MAN_IRO,255,1.10148604566872
INDU_MAN_IRO,285,0.96636197440585
INDU_MAN_IRO,285,0.977796266444803
INDU_MAN_IRO,285,1.13986763315474
INDU_MAN_IRO,285,1.03946164199192
INDU_MAN_IRO,285,0.973942006269592
INDU_MAN_IRO,285,0.90547568063628
INDU_MAN_IRO,285,0.972972972972973
INDU_MAN_IRO,285,1.01302488335925
INDU_MAN_IRO,285,1.06033953773778
INDU_MAN_IRO,285,1.08881335894784
INDU_MAN_IRO,285,0.944140512525194
INDU_MAN_IRO,285,0.952619770357661
INDU_MAN_IRO,285,1.19174582377989
INDU_MAN_IRO,285,1.01552795031056
INDU_MAN_IRO,285,1.08738775749751
INDU_MAN_IRO,285,0.902679457492557
INDU_MAN_IRO,285,1.02285560634579
INDU_MAN_IRO,285,1.03739485300242
INDU_MAN_IRO,285,1.03908659054921
INDU_MAN_IRO,285,1.04861287859506
INDU_MAN_IRO,285,1.00906125407756
INDU_MAN_IRO,315,1.10676416819013
INDU_MAN_IRO,315,0.797462430450835
INDU_MAN_IRO,315,0.881941380397101
INDU_MAN_IRO,315,1.05884253028264
INDU_MAN_IRO,315,0.93044670846395
INDU_MAN_IRO,315,1.13306821657999
INDU_MAN_IRO,315,1.02622918121073
INDU_MAN_IRO,315,0.90746500777605
INDU_MAN_IRO,315,0.790959296379628
INDU_MAN_IRO,315,1.14733264371213
INDU_MAN_IRO,315,0.967463288223438
INDU_MAN_IRO,315,1.12524745941666
INDU_MAN_IRO,315,0.948051097281363
INDU_MAN_IRO,315,1.18681318681319
INDU_MAN_IRO,315,0.985973355243852
INDU_MAN_IRO,315,0.717697651339729
INDU_MAN_IRO,315,1.03791341758537
INDU_MAN_IRO,315,1.09236278837345
INDU_MAN_IRO,315,0.918076506375531
INDU_MAN_IRO,315,0.894884194451514
INDU_MAN_IRO,315,1.00144980065241
INDU_MAN_IRO,345,0.711882998171847
INDU_MAN_IRO,345,0.803702355571733
INDU_MAN_IRO,345,0.793444689568232
INDU_MAN_IRO,345,1.1693135935397
INDU_MAN_IRO,345,0.986873040752351
INDU_MAN_IRO,345,0.890180483328235
INDU_MAN_IRO,345,0.907749077490775
INDU_MAN_IRO,345,0.902799377916019
INDU_MAN_IRO,345,0.579259562282675
INDU_MAN_IRO,345,1.21028520762524
INDU_MAN_IRO,345,0.91304347826087
INDU_MAN_IRO,345,0.723769301834499
INDU_MAN_IRO,345,0.815984277759581
INDU_MAN_IRO,345,0.948877209746775
INDU_MAN_IRO,345,0.834556018545689
INDU_MAN_IRO,345,0.730400264637777
INDU_MAN_IRO,345,0.949717666039258
INDU_MAN_IRO,345,0.871491629882569
INDU_MAN_IRO,345,0.830069172431036
INDU_MAN_IRO,345,0.840926444387885
INDU_MAN_IRO,345,1.0710402319681
