Profile_ID,Pollutant,Year,0,1,2,3,4,5,6,7,8,9,10,11,12,13,14,15,16,17,18,19,20,21,22,23
AGRI_BUR_ALL,All,0,0.668210020764991,0.668210020764991,0.668210020764991,0.668210020764991,0.668210020764991,0.709045719132378,0.790717102152864,0.913224166397878,1.07656691529599,1.28074536256149,1.3624167421534,1.48492380982699,1.6482665587251,1.60743087407201,1.5665951894189,1.44408812860246,1.28074536256149,1.07656691529599,0.913224166397878,0.790717102152864,0.709045719132378,0.668210020764991,0.668210020764991,0.668210020764991
AGRI_ENT_ALL,All,0,0.668210020764991,0.668210020764991,0.668210020764991,0.668210020764991,0.668210020764991,0.709045719132378,0.790717102152864,0.913224166397878,1.07656691529599,1.28074536256149,1.3624167421534,1.48492380982699,1.6482665587251,1.60743087407201,1.5665951894189,1.44408812860246,1.28074536256149,1.07656691529599,0.913224166397878,0.790717102152864,0.709045719132378,0.668210020764991,0.668210020764991,0.668210020764991
AGRI_EXC_ALL,All,0,0.668210020764991,0.668210020764991,0.668210020764991,0.668210020764991,0.668210020764991,0.709045719132378,0.790717102152864,0.913224166397878,1.07656691529599,1.28074536256149,1.3624167421534,1.48492380982699,1.6482665587251,1.60743087407201,1.5665951894189,1.44408812860246,1.28074536256149,1.07656691529599,0.913224166397878,0.790717102152864,0.709045719132378,0.668210020764991,0.668210020764991,0.668210020764991
AGRI_GRZ_CAT,All,0,0.668210020764991,0.668210020764991,0.668210020764991,0.668210020764991,0.668210020764991,0.709045719132378,0.790717102152864,0.913224166397878,1.07656691529599,1.28074536256149,1.3624167421534,1.48492380982699,1.6482665587251,1.60743087407201,1.5665951894189,1.44408812860246,1.28074536256149,1.07656691529599,0.913224166397878,0.790717102152864,0.709045719132378,0.668210020764991,0.668210020764991,0.668210020764991
AGRI_GRZ_MLI,All,0,0.668210020764991,0.668210020764991,0.668210020764991,0.668210020764991,0.668210020764991,0.709045719132378,0.790717102152864,0.913224166397878,1.07656691529599,1.28074536256149,1.3624167421534,1.48492380982699,1.6482665587251,1.60743087407201,1.5665951894189,1.44408812860246,1.28074536256149,1.07656691529599,0.913224166397878,0.790717102152864,0.709045719132378,0.668210020764991,0.668210020764991,0.668210020764991
AGRI_GRZ_PIG,All,0,0.668210020764991,0.668210020764991,0.668210020764991,0.668210020764991,0.668210020764991,0.709045719132378,0.790717102152864,0.913224166397878,1.07656691529599,1.28074536256149,1.3624167421534,1.48492380982699,1.6482665587251,1.60743087407201,1.5665951894189,1.44408812860246,1.28074536256149,1.07656691529599,0.913224166397878,0.790717102152864,0.709045719132378,0.668210020764991,0.668210020764991,0.668210020764991
AGRI_GRZ_POU,All,0,0.668210020764991,0.668210020764991,0.668210020764991,0.668210020764991,0.668210020764991,0.709045719132378,0.790717102152864,0.913224166397878,1.07656691529599,1.28074536256149,1.3624167421534,1.48492380982699,1.6482665587251,1.60743087407201,1.5665951894189,1.44408812860246,1.28074536256149,1.07656691529599,0.913224166397878,0.790717102152864,0.709045719132378,0.668210020764991,0.668210020764991,0.668210020764991
AGRI_GRZ_SHP,All,0,0.668210020764991,0.668210020764991,0.668210020764991,0.668210020764991,0.668210020764991,0.709045719132378,0.790717102152864,0.913224166397878,1.07656691529599,1.28074536256149,1.3624167421534,1.48492380982699,1.6482665587251,1.60743087407201,1.5665951894189,1.44408812860246,1.28074536256149,1.07656691529599,0.913224166397878,0.790717102152864,0.709045719132378,0.668210020764991,0.668210020764991,0.668210020764991
AGRI_HOU_CAT,All,0,0.668210020764991,0.668210020764991,0.668210020764991,0.668210020764991,0.668210020764991,0.709045719132378,0.790717102152864,0.913224166397878,1.07656691529599,1.28074536256149,1.3624167421534,1.48492380982699,1.6482665587251,1.60743087407201,1.5665951894189,1.44408812860246,1.28074536256149,1.07656691529599,0.913224166397878,0.790717102152864,0.709045719132378,0.668210020764991,0.668210020764991,0.668210020764991
AGRI_HOU_MLI,All,0,0.668210020764991,0.668210020764991,0.668210020764991,0.668210020764991,0.668210020764991,0.709045719132378,0.790717102152864,0.913224166397878,1.07656691529599,1.28074536256149,1.3624167421534,1.48492380982699,1.6482665587251,1.60743087407201,1.5665951894189,1.44408812860246,1.28074536256149,1.07656691529599,0.913224166397878,0.790717102152864,0.709045719132378,0.668210020764991,0.668210020764991,0.668210020764991
AGRI_HOU_PIG,All,0,0.668210020764991,0.668210020764991,0.668210020764991,0.668210020764991,0.668210020764991,0.709045719132378,0.790717102152864,0.913224166397878,1.07656691529599,1.28074536256149,1.3624167421534,1.48492380982699,1.6482665587251,1.60743087407201,1.5665951894189,1.44408812860246,1.28074536256149,1.07656691529599,0.913224166397878,0.790717102152864,0.709045719132378,0.668210020764991,0.668210020764991,0.668210020764991
AGRI_HOU_POU,All,0,0.668210020764991,0.668210020764991,0.668210020764991,0.668210020764991,0.668210020764991,0.709045719132378,0.790717102152864,0.913224166397878,1.07656691529599,1.28074536256149,1.3624167421534,1.48492380982699,1.6482665587251,1.60743087407201,1.5665951894189,1.44408812860246,1.28074536256149,1.07656691529599,0.913224166397878,0.790717102152864,0.709045719132378,0.668210020764991,0.668210020764991,0.668210020764991
AGRI_HOU_SHP,All,0,0.668210020764991,0.668210020764991,0.668210020764991,0.668210020764991,0.668210020764991,0.709045719132378,0.790717102152864,0.913224166397878,1.07656691529599,1.28074536256149,1.3624167421534,1.48492380982699,1.6482665587251,1.60743087407201,1.5665951894189,1.44408812860246,1.28074536256149,1.07656691529599,0.913224166397878,0.790717102152864,0.709045719132378,0.668210020764991,0.668210020764991,0.668210020764991
AGRI_SPR_BIO,All,0,0.668210020764991,0.668210020764991,0.668210020764991,0.668210020764991,0.668210020764991,0.709045719132378,0.790717102152864,0.913224166397878,1.07656691529599,1.28074536256149,1.3624167421534,1.48492380982699,1.6482665587251,1.60743087407201,1.5665951894189,1.44408812860246,1.28074536256149,1.07656691529599,0.913224166397878,0.790717102152864,0.709045719132378,0.668210020764991,0.668210020764991,0.668210020764991
AGRI_SPR_CAT,All,0,0.668210020764991,0.668210020764991,0.668210020764991,0.668210020764991,0.668210020764991,0.709045719132378,0.790717102152864,0.913224166397878,1.07656691529599,1.28074536256149,1.3624167421534,1.48492380982699,1.6482665587251,1.60743087407201,1.5665951894189,1.44408812860246,1.28074536256149,1.07656691529599,0.913224166397878,0.790717102152864,0.709045719132378,0.668210020764991,0.668210020764991,0.668210020764991
AGRI_SPR_FER,All,0,0.668210020764991,0.668210020764991,0.668210020764991,0.668210020764991,0.668210020764991,0.709045719132378,0.790717102152864,0.913224166397878,1.07656691529599,1.28074536256149,1.3624167421534,1.48492380982699,1.6482665587251,1.60743087407201,1.5665951894189,1.44408812860246,1.28074536256149,1.07656691529599,0.913224166397878,0.790717102152864,0.709045719132378,0.668210020764991,0.668210020764991,0.668210020764991
AGRI_SPR_NMD,All,0,0.668210020764991,0.668210020764991,0.668210020764991,0.668210020764991,0.668210020764991,0.709045719132378,0.790717102152864,0.913224166397878,1.07656691529599,1.28074536256149,1.3624167421534,1.48492380982699,1.6482665587251,1.60743087407201,1.5665951894189,1.44408812860246,1.28074536256149,1.07656691529599,0.913224166397878,0.790717102152864,0.709045719132378,0.668210020764991,0.668210020764991,0.668210020764991
AGRI_SPR_OTH,All,0,0.668210020764991,0.668210020764991,0.668210020764991,0.668210020764991,0.668210020764991,0.709045719132378,0.790717102152864,0.913224166397878,1.07656691529599,1.28074536256149,1.3624167421534,1.48492380982699,1.6482665587251,1.60743087407201,1.5665951894189,1.44408812860246,1.28074536256149,1.07656691529599,0.913224166397878,0.790717102152864,0.709045719132378,0.668210020764991,0.668210020764991,0.668210020764991
AGRI_SPR_PIG,All,0,0.668210020764991,0.668210020764991,0.668210020764991,0.668210020764991,0.668210020764991,0.709045719132378,0.790717102152864,0.913224166397878,1.07656691529599,1.28074536256149,1.3624167421534,1.48492380982699,1.6482665587251,1.60743087407201,1.5665951894189,1.44408812860246,1.28074536256149,1.07656691529599,0.913224166397878,0.790717102152864,0.709045719132378,0.668210020764991,0.668210020764991,0.668210020764991
AGRI_SPR_POU,All,0,0.668210020764991,0.668210020764991,0.668210020764991,0.668210020764991,0.668210020764991,0.709045719132378,0.790717102152864,0.913224166397878,1.07656691529599,1.28074536256149,1.3624167421534,1.48492380982699,1.6482665587251,1.60743087407201,1.5665951894189,1.44408812860246,1.28074536256149,1.07656691529599,0.913224166397878,0.790717102152864,0.709045719132378,0.668210020764991,0.668210020764991,0.668210020764991
AGRI_STO_CAT,All,0,0.668210020764991,0.668210020764991,0.668210020764991,0.668210020764991,0.668210020764991,0.709045719132378,0.790717102152864,0.913224166397878,1.07656691529599,1.28074536256149,1.3624167421534,1.48492380982699,1.6482665587251,1.60743087407201,1.5665951894189,1.44408812860246,1.28074536256149,1.07656691529599,0.913224166397878,0.790717102152864,0.709045719132378,0.668210020764991,0.668210020764991,0.668210020764991
AGRI_STO_MLI,All,0,0.668210020764991,0.668210020764991,0.668210020764991,0.668210020764991,0.668210020764991,0.709045719132378,0.790717102152864,0.913224166397878,1.07656691529599,1.28074536256149,1.3624167421534,1.48492380982699,1.6482665587251,1.60743087407201,1.5665951894189,1.44408812860246,1.28074536256149,1.07656691529599,0.913224166397878,0.790717102152864,0.709045719132378,0.668210020764991,0.668210020764991,0.668210020764991
AGRI_STO_PIG,All,0,0.668210020764991,0.668210020764991,0.668210020764991,0.668210020764991,0.668210020764991,0.709045719132378,0.790717102152864,0.913224166397878,1.07656691529599,1.28074536256149,1.3624167421534,1.48492380982699,1.6482665587251,1.60743087407201,1.5665951894189,1.44408812860246,1.28074536256149,1.07656691529599,0.913224166397878,0.790717102152864,0.709045719132378,0.668210020764991,0.668210020764991,0.668210020764991
AGRI_STO_POU,All,0,0.668210020764991,0.668210020764991,0.668210020764991,0.668210020764991,0.668210020764991,0.709045719132378,0.790717102152864,0.913224166397878,1.07656691529599,1.28074536256149,1.3624167421534,1.48492380982699,1.6482665587251,1.60743087407201,1.5665951894189,1.44408812860246,1.28074536256149,1.07656691529599,0.913224166397878,0.790717102152864,0.709045719132378,0.668210020764991,0.668210020764991,0.668210020764991
AGRI_STO_SHP,All,0,0.668210020764991,0.668210020764991,0.668210020764991,0.668210020764991,0.668210020764991,0.709045719132378,0.790717102152864,0.913224166397878,1.07656691529599,1.28074536256149,1.3624167421534,1.48492380982699,1.6482665587251,1.60743087407201,1.5665951894189,1.44408812860246,1.28074536256149,1.07656691529599,0.913224166397878,0.790717102152864,0.709045719132378,0.668210020764991,0.668210020764991,0.668210020764991
AGRI_YRD_CAT,All,0,0.668210020764991,0.668210020764991,0.668210020764991,0.668210020764991,0.668210020764991,0.709045719132378,0.790717102152864,0.913224166397878,1.07656691529599,1.28074536256149,1.3624167421534,1.48492380982699,1.6482665587251,1.60743087407201,1.5665951894189,1.44408812860246,1.28074536256149,1.07656691529599,0.913224166397878,0.790717102152864,0.709045719132378,0.668210020764991,0.668210020764991,0.668210020764991
AVIA_DOM_CRU,All,0,0.444027364040551,0.169843084777426,0,0.0852956565939836,0.442648873785861,0.885939188899578,1.24219142315895,1.44508076956104,1.46646506510246,1.34461643534246,1.22069145395829,1.22398957205539,1.31935848774531,1.39356485977142,1.38833329852286,1.36164790192294,1.37862141032829,1.41705708594098,1.39846059570558,1.27437471977565,1.08544467259979,0.885657791719207,0.682662924651426,0.444027364040551
AVIA_DOM_TOL,All,0,0.444027364040551,0.169843084777426,0,0.0852956565939836,0.442648873785861,0.885939188899578,1.24219142315895,1.44508076956104,1.46646506510246,1.34461643534246,1.22069145395829,1.22398957205539,1.31935848774531,1.39356485977142,1.38833329852286,1.36164790192294,1.37862141032829,1.41705708594098,1.39846059570558,1.27437471977565,1.08544467259979,0.885657791719207,0.682662924651426,0.444027364040551
AVIA_INT_CRU,All,0,0.444027364040551,0.169843084777426,0,0.0852956565939836,0.442648873785861,0.885939188899578,1.24219142315895,1.44508076956104,1.46646506510246,1.34461643534246,1.22069145395829,1.22398957205539,1.31935848774531,1.39356485977142,1.38833329852286,1.36164790192294,1.37862141032829,1.41705708594098,1.39846059570558,1.27437471977565,1.08544467259979,0.885657791719207,0.682662924651426,0.444027364040551
AVIA_INT_TOL,All,0,0.444027364040551,0.169843084777426,0,0.0852956565939836,0.442648873785861,0.885939188899578,1.24219142315895,1.44508076956104,1.46646506510246,1.34461643534246,1.22069145395829,1.22398957205539,1.31935848774531,1.39356485977142,1.38833329852286,1.36164790192294,1.37862141032829,1.41705708594098,1.39846059570558,1.27437471977565,1.08544467259979,0.885657791719207,0.682662924651426,0.444027364040551
ENER_ANY,All,0,0.837654646935962,0.791079391445933,0.774804318104438,0.763310696436918,0.757403365440439,0.78831997704062,0.87868791446442,0.99346803596085,1.07808267752756,1.10846792425351,1.10788737061373,1.10148526664225,1.09700936560342,1.09392824307946,1.09437572529711,1.10618180070772,1.13633081153692,1.17363845424749,1.19520350861557,1.18270048871287,1.13152799522095,1.04069969680205,0.930097678373858,0.837654646935962
ENER_ANY,All,2011,0.840197551541055,0.792884576623158,0.771703387428856,0.757864106573826,0.753640900116671,0.785660182176759,0.872967620953114,0.984598597487155,1.07262610039036,1.11450863015651,1.12707928687334,1.12907534371482,1.12745742574516,1.1235795070351,1.12027198011053,1.12353381105898,1.13866039396264,1.15812995920547,1.16615429814129,1.14949542749395,1.10264753970853,1.02251880824078,0.92454701372091,0.840197551541055
ENER_ANY,All,2012,0.842238379718756,0.796683179558089,0.777728945437431,0.765784998586537,0.762396141393768,0.793542013815725,0.877870065581076,0.985382559678453,1.06958255096394,1.10867600403657,1.11918471123721,1.11949910664084,1.11667410376166,1.11236908801515,1.10984479263606,1.11578978428821,1.13603559238549,1.16143304612402,1.17317197427993,1.15623271544839,1.10696238819229,1.02469787207607,0.925981606425594,0.842238379718756
ENER_ANY,All,2013,0.841908762362249,0.798296010114336,0.780458310307232,0.767655688610699,0.761681940144646,0.790382265822975,0.874033644500754,0.982443214094791,1.06828552297533,1.10899431028945,1.12040736568886,1.12038241762804,1.11658295863514,1.11181790819502,1.10996636114575,1.11721434962294,1.13874999558884,1.16478383414392,1.1758679015866,1.15683580667212,1.10530038646256,1.02205480649254,0.923987476552961,0.841908762362249
ENER_ANY,All,2014,0.835966915530253,0.786671051098448,0.764982260469026,0.74711874137991,0.735723532386362,0.763989565291512,0.856190907193574,0.977171794218625,1.07160493187958,1.11347582033579,1.12223694371311,1.11960022540067,1.1141603046357,1.10826931791087,1.10631376053623,1.11702695745378,1.14794167621165,1.18627134129057,1.20612662022488,1.18787035184956,1.13047826419188,1.03717144932965,0.927670351938132,0.835966915530253
ENER_ANY,All,2015,0.829699899392331,0.782805542581465,0.768706325602805,0.75668691879675,0.746720506429931,0.774259420244731,0.865614729286005,0.984886732169129,1.07506363107313,1.11001811428023,1.11152748031941,1.1036235056714,1.09551600192736,1.08936001562431,1.08944591550254,1.10463311833988,1.14251770937783,1.18932139940368,1.2174821724102,1.20537561975298,1.14911800922038,1.04924318658031,0.928674146620888,0.829699899392331
ENER_ANY,All,2016,0.840197779777976,0.795754447374605,0.784730336120645,0.775535507806775,0.767414435692776,0.795259413407646,0.884746310425917,0.998867068644169,1.07938037550837,1.10152917259053,1.09249090812858,1.08123480885941,1.07548047179587,1.07283715855162,1.07459012686727,1.08986405749168,1.12700497205908,1.17383167921943,1.20492451495528,1.19951407864981,1.15084239060615,1.05606783994897,0.937704365739451,0.840197779777976
ENER_ANY,All,2017,0.835429035763924,0.785107721582459,0.770118510464679,0.76145451918631,0.758264624687733,0.792248721843134,0.886167533015391,1.00261455535999,1.0838256716669,1.10556531681428,1.09559973262092,1.08347381223494,1.07733259055559,1.07513666008934,1.07812156001992,1.09452217796436,1.13179567650742,1.17811256012315,1.20920455436395,1.20480540719491,1.15675724781818,1.06055216956724,0.938360604791364,0.835429035763924
ENER_ANY,All,2018,0.835293276434446,0.787877495823491,0.774147145987132,0.764961038002873,0.760346288651794,0.794051641710763,0.890254433382229,1.00906209187763,1.08891965081361,1.10491717025942,1.08897916388882,1.07470428152781,1.07015983492826,1.07126155367018,1.07768294609843,1.09713481082734,1.13664759560543,1.18357773166854,1.21259400787387,1.20340407905971,1.15081844913405,1.0536566368797,0.934255399460027,0.835293276434446
ENER_ANY,All,2019,0.838858737087135,0.791208310902661,0.777147580082078,0.771634930215918,0.774365697161781,0.813633731150945,0.908973288860162,1.02198828189869,1.09473530917994,1.10476012789679,1.08464803159971,1.06836871827391,1.06328579693479,1.06410180532899,1.06976586368033,1.08829602168106,1.12713494440519,1.17376140571775,1.20277973727656,1.19404525981979,1.14313528240266,1.04964533156215,0.934867069793885,0.838858737087135
ENER_BIO,All,0,0.98962184754563,0.98676947695531,0.98505627388378,0.984655832352942,0.9855886406547,0.98769818076561,0.990792783906061,0.994539261607029,0.998556180499765,1.0025192719125,1.00619294901767,1.00935933415325,1.01188060682431,1.01365721694201,1.014605009659,1.01467162087517,1.01381323746989,1.01203891635246,1.00939186955847,1.00596112546478,1.00196586815089,0.997654750954593,0.993387896948557,0.98962184754563
ENER_BIO,All,2011,1,1,1,1,1,1,1,1,1,1,1,1,1,1,1,1,1,1,1,1,1,1,1,1
ENER_BIO,All,2012,1,1,1,1,1,1,1,1,1,1,1,1,1,1,1,1,1,1,1,1,1,1,1,1
ENER_BIO,All,2013,1,1,1,1,1,1,1,1,1,1,1,1,1,1,1,1,1,1,1,1,1,1,1,1
ENER_BIO,All,2014,1,1,1,1,1,1,1,1,1,1,1,1,1,1,1,1,1,1,1,1,1,1,1,1
ENER_BIO,All,2015,1,1,1,1,1,1,1,1,1,1,1,1,1,1,1,1,1,1,1,1,1,1,1,1
ENER_BIO,All,2016,1,1,1,1,1,1,1,1,1,1,1,1,1,1,1,1,1,1,1,1,1,1,1,1
ENER_BIO,All,2017,0.999581145510051,0.999468368247198,0.999399467536464,0.999380376323348,0.999412112802536,0.99949001320023,0.999608137008877,0.999755170587941,0.999917942638938,1.00008389675101,1.00024143249604,1.00037950246157,1.000490798029,1.00056979998535,1.00061205206189,1.00061530395573,1.00057782942106,1.00050076529558,1.0003870975496,1.00024181695534,1.00007559255425,0.999900242225308,0.999729990892634,0.999581145510051
ENER_BIO,All,2018,0.978568170734123,0.971041204398227,0.966188930499295,0.964580670900714,0.966327424262912,0.971010319453726,0.978108692028887,0.986697434714213,0.995714988023963,1.00434864549263,1.01217164164455,1.01881778812308,1.02413832334536,1.0280879953852,1.03059375292511,1.03152291034733,1.03073454673746,1.02807929819209,1.02340247440146,1.01666949492729,1.00819153724326,0.998367773844266,0.988067811640751,0.978568170734123
ENER_BIO,All,2019,0.967727403796006,0.958867376713173,0.953889582400086,0.95336730126986,0.957275164446639,0.96489570155821,0.975388782553128,0.987443640761309,0.999592498024857,1.01076356185318,1.02049907216018,1.02842924272598,1.03446346853777,1.03864384506371,1.04094293247896,1.04118575624898,1.0391798928718,1.03474603502948,1.02771351020618,1.01808384379314,1.00635348381279,0.993141436027074,0.979679063871494,0.967727403796006
ENER_COA,All,0,0.84364530342175,0.787333395095735,0.75868307748531,0.740928628561498,0.737474528061958,0.775044128864109,0.871934066462382,0.992018990725158,1.08076934223988,1.1145525471565,1.11765580220591,1.11608083192483,1.1167089218897,1.11731887680852,1.1181543518275,1.1247455425895,1.1422654723842,1.16399662935565,1.17555177913464,1.16399995404265,1.12096692261054,1.04008723895976,0.936438364770553,0.84364530342175
ENER_COA,All,2011,0.774236993808051,0.703693729956174,0.669516504148047,0.648962503113319,0.646227127242476,0.69664918313665,0.824933174908118,0.986569694998198,1.11359195312712,1.17427401688293,1.19310072912051,1.19716143598808,1.19582890360598,1.19003943798394,1.18263965020451,1.18059116571399,1.1902526061252,1.20494913993324,1.20959793134563,1.18964844252271,1.13248442084332,1.02747124520511,0.893343016278644,0.774236993808051
ENER_COA,All,2012,0.889114624607677,0.831532515189057,0.795905034649496,0.776662115420908,0.77803804350457,0.815601968070067,0.898587365122619,0.997242046825812,1.06867811774536,1.0950394972596,1.09729050942683,1.09754642057308,1.10054252422837,1.10273785479429,1.1024511595007,1.1020080350975,1.10403028836157,1.10871796513558,1.11470506221651,1.11699138998086,1.10019790515711,1.04838643477172,0.968878497753048,0.889114624607677
ENER_COA,All,2013,0.930632930649683,0.889678581100856,0.86160463356454,0.844972147125997,0.843474486502934,0.866738501131844,0.920393857762062,0.985853686909496,1.03635796811346,1.0598731506857,1.06720481352711,1.07009536019932,1.072124472954,1.07298257303361,1.07287425881388,1.07313262773257,1.07508558002564,1.07834870824268,1.08143101933794,1.08095963323752,1.06820137246619,1.03419804005794,0.983148666175328,0.930632930649683
ENER_COA,All,2014,0.899769443507664,0.843135011112911,0.804091867644162,0.77801069140939,0.771081857448005,0.802004447376068,0.882715008882695,0.983409948489577,1.06018012875326,1.09341173104926,1.10117126284877,1.10298050743645,1.10417705003776,1.10334428923012,1.1006255927122,1.09952293439581,1.10353789240525,1.11125113603447,1.11806674374856,1.11753218643479,1.09800659665639,1.04794893138787,0.974255297490907,0.899769443507664
ENER_COA,All,2015,0.848404657364434,0.7884760751842,0.759292076088388,0.742121495108882,0.738803685754046,0.774959682862113,0.868265037447444,0.984521896047344,1.07197091172373,1.10715362749462,1.11050602995551,1.10455532923849,1.0984498247427,1.09496191616206,1.09749556587726,1.11086151690376,1.13893079238626,1.1725909348451,1.19435521252632,1.18875346518847,1.14651779398666,1.06082419937449,0.948823616373281,0.848404657364434
ENER_COA,All,2016,0.67564009860149,0.598576981673284,0.582109640935079,0.581742170662956,0.592682907057385,0.656042462917666,0.801177152522096,0.977361820068703,1.10674043172253,1.15396677447149,1.14962818263253,1.12826745124587,1.11079750960522,1.1116147514773,1.14234263624319,1.20887372694787,1.3130402000284,1.4178610895794,1.46133541186741,1.40168112791626,1.25647661232532,1.05479417424399,0.841606586653083,0.67564009860149
ENER_COA,All,2017,0.738637442735629,0.661428120863548,0.630102074293729,0.634620282820982,0.671711499973666,0.745928737012274,0.857316013157447,0.97824751743676,1.07179834270546,1.12024314568783,1.13563087682133,1.13263527778824,1.1264348774755,1.13241470259899,1.16040459835209,1.20858209833082,1.27200830904861,1.32657245660226,1.33580811033482,1.27628785071686,1.16268404183998,1.01674959452041,0.865116586147136,0.738637442735629
ENER_COA,All,2018,0.576912511102044,0.481149711027298,0.45578100620261,0.468763976830378,0.514372367820459,0.617304176325626,0.792468010056388,0.990510610512031,1.14036243602459,1.20836957719921,1.21890712111901,1.2009650655374,1.18054073316068,1.18215437632764,1.22220736384519,1.30009421514352,1.4098669359001,1.5083653343928,1.52844669998062,1.42781716058424,1.23681165761611,0.998972904942288,0.761943537247713,0.576912511102044
ENER_COA,All,2019,0.406902776892604,0.282115114187854,0.244388774552861,0.285696748553373,0.397070618997175,0.568453602381447,0.785330814847881,1.00858041415048,1.19091822319319,1.30857904064581,1.3742653902803,1.40415294155289,1.41708686067722,1.43313159691746,1.46363570201858,1.50165407043819,1.53662513275147,1.54272407364323,1.4842929249562,1.33955575844615,1.12714051213065,0.873559238064217,0.617236892828146,0.406902776892604
ENER_COG,All,0,0.761631642778508,0.692910809032771,0.668888074003029,0.652667728352853,0.645425816579313,0.692353331969986,0.826046782108161,0.994908053332221,1.11882113902447,1.16275225658985,1.16159062098699,1.15290806081357,1.14781256303337,1.14481437670338,1.14593999141577,1.16075242482337,1.197860355628,1.24374634727179,1.27062255672578,1.25495179908116,1.18610829767538,1.05766683202816,0.897188497263604,0.761631642778508
ENER_COG,All,2011,0.799557051793033,0.73793029458744,0.709703854256944,0.692100581394818,0.68813069687594,0.730617331885297,0.842771697017046,0.984726757145437,1.09523687424147,1.14604455928361,1.16005808031344,1.1625038123615,1.16206361501283,1.15953918560096,1.15721937523713,1.16061348385019,1.1746151919521,1.19224753050676,1.19887612710711,1.18081485551989,1.12747238657898,1.03029173792949,0.907307867755549,0.799557051793033
ENER_COG,All,2012,0.797549329089628,0.736454901423006,0.710009980250908,0.694019618012337,0.690764880630946,0.733135888259929,0.844439925151695,0.984820618199508,1.09301765034846,1.14101993157051,1.15238684603955,1.15296631840182,1.15155046469302,1.14881078788797,1.14745176234358,1.15454603833176,1.17635131496474,1.20325737419749,1.21541980167283,1.19598047768622,1.13716217450302,1.03419395151691,0.907140635734515,0.797549329089628
ENER_COG,All,2013,0.785677712074713,0.726803833944522,0.702657528384112,0.685951154379176,0.679318184217941,0.719984041889244,0.834841251660597,0.982180062473991,1.09702158971888,1.14916506867861,1.16235293514108,1.16286957635517,1.16033514000494,1.15643483219882,1.15471636216261,1.16273573196903,1.18701728729285,1.2162250529508,1.22750490887367,1.20243488184008,1.13589451853759,1.02643145181044,0.895769181366413,0.785677712074713
ENER_COG,All,2014,0.770471145217124,0.701945838653979,0.671941539016526,0.647618674069588,0.63276401909909,0.673508256571464,0.803448468829312,0.972848684297869,1.10370292861743,1.15999004080254,1.17081040479799,1.16823923625729,1.16348875698817,1.15784206059784,1.15574485120729,1.1684033063712,1.20568933772536,1.25206807479153,1.2756204689044,1.25141924816634,1.17543486481951,1.04877614832357,0.897752500657443,0.770471145217126
ENER_COG,All,2015,0.736326523575064,0.66474231748551,0.643528470307174,0.626544005530155,0.613851622565057,0.658930326214343,0.801233785939356,0.985084003423627,1.12253566075717,1.17388815088813,1.17427163598916,1.16211791084751,1.15095821131683,1.14247236480224,1.14199796523666,1.16269628668624,1.21604270069603,1.28246170555273,1.32235339058133,1.30416281010425,1.22043681758261,1.06999933798114,0.88703747236261,0.736326523575064
ENER_COG,All,2016,0.755829817562322,0.68698547644087,0.669346120979806,0.655018839384147,0.643100529075364,0.687013245579871,0.825967954404103,1.00272123257215,1.12736004064503,1.16166792952106,1.14761034812376,1.12995675244151,1.12096839431765,1.11743323916326,1.12074841977122,1.14217668678001,1.19198873360769,1.25448135575525,1.29719869051348,1.29208208951522,1.2245248950754,1.08469402911422,0.905295362094288,0.755829817562322
ENER_COG,All,2017,0.727116399419819,0.641766525177286,0.61561720948988,0.601125935185652,0.596865356903691,0.654722114622595,0.811821645322112,1.00607191478141,1.14181464971384,1.17892399081593,1.16340299832212,1.14421324462467,1.13497238498325,1.13247245123847,1.13809589599321,1.16306894205309,1.21756630585725,1.28512969005348,1.33212223942667,1.32863627545058,1.25631488251484,1.10157459114444,0.899467957485906,0.727116399419819
ENER_COG,All,2018,0.713451939886089,0.633012445114842,0.611146028229883,0.59828092548423,0.593698430260535,0.653159104462256,0.816616662570521,1.01796960191796,1.15525073524138,1.1866822433611,1.16383720479493,1.14122763603796,1.13293244511878,1.13378064044162,1.14360178645256,1.17296061274439,1.23136787695189,1.30036784179902,1.34346793962923,1.32992017142946,1.24636583300187,1.08502259794531,0.882427357238104,0.713451939886092
ENER_COG,All,2019,0.708502160983544,0.624107409314991,0.601924256419964,0.595742993180341,0.603763080185333,0.675525645630171,0.845350442451049,1.04637954357795,1.17760536646347,1.19943436099763,1.16751946570938,1.14007278540271,1.13056230219365,1.13115336918345,1.13949831810017,1.16503122259723,1.21659240307313,1.27887375457591,1.32099062005216,1.31486353028175,1.24122907070264,1.08517425292684,0.881601485012984,0.708502160983544
ENER_GAS,All,0,0.709338459369072,0.63169653888007,0.609658001722051,0.594706089132199,0.586522199329409,0.640509865652089,0.79712749564161,0.995836219293396,1.14186912176735,1.19340707239291,1.19075464672327,1.1775638172674,1.16796722864244,1.16204386422303,1.16356723511764,1.18424006580665,1.23432512626478,1.2957389799609,1.33211679208882,1.31323991236935,1.22744598039181,1.06869256067929,0.872294267915381,0.709338459369072
ENER_GAS,All,2011,0.822879690647526,0.765797713430229,0.739163920267946,0.724695522344972,0.724365439558702,0.763564319963235,0.859948392050397,0.980594978299384,1.07544026889678,1.12094199095993,1.13469361765487,1.13643863986011,1.13489318424952,1.13351452223392,1.135693226395,1.14474791496725,1.16311025066756,1.18300636466554,1.1900800093141,1.1716929444223,1.1204644474455,1.03116114376748,0.920231807290241,0.822879690647526
ENER_GAS,All,2012,0.649687228105769,0.579593117769064,0.564425837566397,0.554767486425486,0.549550727013313,0.603606555346108,0.758143342411738,0.960717581712718,1.1270260516874,1.21460061877545,1.2458682026284,1.24754174661333,1.23603901118644,1.22287229870332,1.22017786937113,1.24146382531447,1.29722000943081,1.36084090706188,1.38180346820001,1.32407935071096,1.1944816927766,1.00882097083131,0.80698487225213,0.649687228105769
ENER_GAS,All,2013,0.56247008218195,0.471617330079885,0.448716360417909,0.433427409758082,0.426503362084806,0.499326622668282,0.704855464556969,0.970936710114852,1.18291108522168,1.28536441028117,1.31478008903237,1.31283232777363,1.29963867766981,1.28504927385774,1.28085701054465,1.30306150168279,1.3645122713994,1.43528127826034,1.45785809843588,1.39025514506376,1.23645948280317,1.01054942008862,0.760266503840302,0.56247008218195
ENER_GAS,All,2014,0.629222810891719,0.544293302126238,0.520703193115324,0.499620655142778,0.481890672966706,0.537350899782298,0.718266241757396,0.957064466102713,1.14545369344315,1.23156101083766,1.25102773667418,1.24428976377573,1.23007412267075,1.21677521298391,1.21592620579548,1.24577596452104,1.32137010164873,1.41068604713409,1.4513525968144,1.39835595356685,1.25806683317739,1.04768508551231,0.813964618667447,0.629222810891719
ENER_GAS,All,2015,0.641332733708482,0.555446174617511,0.536498667845517,0.520673671880023,0.506366610349824,0.563896477093404,0.7456954714459,0.98168776469287,1.16021409926189,1.22991742614246,1.23297539793491,1.21605853138122,1.19761946934768,1.18268164452368,1.18058772334543,1.20991157757435,1.28649654273785,1.3809308871874,1.43462035181358,1.4027169755799,1.281313853691,1.07615406782921,0.83487114630742,0.641332733708482
ENER_GAS,All,2016,0.776563068018137,0.706023598080354,0.68445060297213,0.66793111303104,0.656192275197959,0.699413797803689,0.834184966509606,1.00532085108645,1.12655686367223,1.16110214078225,1.14889974268861,1.13255363769637,1.12337864671727,1.11779614388218,1.11659755214123,1.12993097355373,1.16737134202094,1.21813426037225,1.25830095564473,1.26440754335497,1.21492834608932,1.09130775642795,0.922090754238473,0.776563068018137
ENER_GAS,All,2017,0.72895727791403,0.638516997350701,0.609729261857947,0.593220629405656,0.587354965593678,0.64568548085525,0.806579752746337,1.00622834770947,1.14624824503018,1.1850788933962,1.16928984807994,1.14858242469412,1.13732278188245,1.13305184597699,1.13728617773957,1.16009684866525,1.21065060530381,1.27507937477963,1.3246548071008,1.33129398576384,1.2694830585166,1.11731262898846,0.90933848273506,0.72895727791403
ENER_GAS,All,2018,0.735103655734717,0.652699762656075,0.627536380388376,0.612502968506616,0.6070578644659,0.664497922961369,0.822838778220613,1.01780523141141,1.15053497917244,1.18055127635235,1.15793033361553,1.13558171717712,1.12705481316021,1.12715748353968,1.13516963480532,1.15999144342336,1.2098105990561,1.27045003829199,1.31330602928177,1.31173005411312,1.24538952520778,1.09784790576512,0.902347946958318,0.73510365573472
ENER_GAS,All,2019,0.728853879004842,0.64386068946336,0.619278557976215,0.611246759103326,0.618077371199214,0.686838666186234,0.849989957325087,1.04304568091758,1.16880180804652,1.18905072551644,1.15708171286334,1.12873798419509,1.11763864209771,1.11729650950794,1.12584618225333,1.15137414395712,1.20138854166725,1.26210684557382,1.30601214189226,1.30688901729422,1.24292435665769,1.09593898890633,0.898866959390246,0.728853879004842
ENER_OTH,All,0,0.999113405281218,0.998793513130321,0.998573947803546,0.998473772607457,0.998499683492262,0.998644078444417,0.99889580924456,0.99922834088502,0.999609821578764,1.00001033486317,1.00040297235289,1.00076189615375,1.00106771489525,1.00130412632595,1.00145727478057,1.00151839537775,1.00147989192603,1.0013403023939,1.00110212792704,1.00077356760906,1.00037902094568,0.999946203774821,0.999510392925351,0.999113405281218
ENER_OTH,All,2011,1,1,1,1,1,1,1,1,1,1,1,1,1,1,1,1,1,1,1,1,1,1,1,1
ENER_OTH,All,2012,0.998966520636797,0.99842848723614,0.998019528189054,0.997773667183626,0.997707400045787,0.997816958550628,0.998093855676316,0.998509515792006,0.999028335087559,0.999612033021477,1.00021819098684,1.00080475062548,1.00133534150847,1.00177633346447,1.00209863386679,1.00228263027976,1.00231092952406,1.00217806022794,1.00188625046567,1.00144578192967,1.00088973384991,1.00025594662271,0.999594594592046,0.998966520636797
ENER_OTH,All,2013,0.998816926019603,0.998312883546657,0.99794493379215,0.997737945362627,0.997704136299329,0.997841099260425,0.998142071748843,0.998580479896392,0.999122783297149,0.999730680599682,1.00035850170521,1.00096059937819,1.00149654196145,1.00192842707988,1.00222520650449,1.0023701730143,1.00234955366218,1.00216269415221,1.00181741182092,1.00132961968581,1.00073811227711,1.00008625396426,0.999426038951531,0.998816926019603
ENER_OTH,All,2014,0.998902902828967,0.998616431638256,0.998440843927046,0.998393185797097,0.998477811715874,0.998684403287664,0.998998785756373,0.999389778902255,0.999820335215074,1.00025607464222,1.00066676089056,1.00102367147089,1.00130727522181,1.00150244709686,1.00159782785217,1.0015898985176,1.00147675118931,1.00126373006268,1.00096086245077,1.00058258021588,1.00015576062412,0.999709790768047,0.99927918709951,0.998902902828967
ENER_OTH,All,2015,0.999903269328523,0.999799594886342,0.999713091752165,0.999651179136721,0.999618358103872,0.999615756033048,0.999643496524198,0.999697137914969,0.999770650859145,0.999857968542903,0.999952968547498,1.00004961811739,1.00014263456131,1.00022709327431,1.00029813704066,1.00035104534044,1.0003812209253,1.00038529948472,1.00036071388509,1.00030663650063,1.0002272052752,1.00012761225812,1.00001604237892,0.999903269328523
ENER_OTH,All,2016,0.999944233730464,0.999915059133862,0.999893581904816,0.999881823793754,0.999880516686349,0.999888901249057,0.999905921537216,0.999929326676781,0.999956457723279,0.999985095689771,1.00001370416995,1.00004084476013,1.00006539105395,1.00008636514485,1.00010274407939,1.00011340851959,1.00011723589948,1.00011320721524,1.00010037098318,1.00007847986969,1.00004930882985,1.00001504306038,0.999978744558512,0.999944233730464
ENER_OTH,All,2017,0.999614894725385,0.999534801627367,0.999493913903412,0.999496103696332,0.999540810663522,0.999622350043344,0.999734009356163,0.999864922617302,1.00000280496787,1.00013687410607,1.00025867894075,1.00036034095031,1.00043693620265,1.00048495607083,1.0005019306218,1.00048754986508,1.00044192647038,1.00036692482119,1.00026554079825,1.00014214298709,1.00000499438606,0.99986320047409,0.999728496979369,0.999614894725385
ENER_OTH,All,2018,1.00018110203732,1.00014712767118,1.00010252643277,1.00005008606544,0.999993147511145,0.999935691267554,0.999881687779775,0.999834851889718,0.999798799107876,0.999776516504216,0.999770017204168,0.999780922424029,0.999808406315122,0.999850470610861,0.999904219956651,0.999964892876858,1.00002748149231,1.00008684509972,1.00013775825848,1.00017594598939,1.00019987142936,1.0002085435805,1.00020198645822,1.00018110203732
ENER_OTH,All,2019,0.999261621521526,0.999030399031497,0.998881429614731,0.998824122183654,0.998860098962706,0.998981979946642,0.999180018675426,0.999434032738038,0.999720256102989,1.00001758159939,1.0003090289362,1.0005784855715,1.00081391105466,1.00100519910142,1.00114100493811,1.00120736160332,1.00119057452456,1.00108395399367,1.00088533819919,1.00060123555153,1.00026287774491,0.999905738527479,0.999562128355329,0.999261621521526
INDU_EXT_PAG,All,0,1,1,1,1,1,1,1,1,1,1,1,1,1,1,1,1,1,1,1,1,1,1,1,1
INDU_MAN_CAP,All,0,1,1,1,1,1,1,1,1,1,1,1,1,1,1,1,1,1,1,1,1,1,1,1,1
INDU_MAN_CHE,All,0,1,1,1,1,1,1,1,1,1,1,1,1,1,1,1,1,1,1,1,1,1,1,1,1
INDU_MAN_FAB,All,0,1,1,1,1,1,1,1,1,1,1,1,1,1,1,1,1,1,1,1,1,1,1,1,1
INDU_MAN_GEN,All,0,1,1,1,1,1,1,1,1,1,1,1,1,1,1,1,1,1,1,1,1,1,1,1,1
INDU_MAN_IRO,All,0,1,1,1,1,1,1,1,1,1,1,1,1,1,1,1,1,1,1,1,1,1,1,1,1
INDU_MAN_MET,All,0,1,1,1,1,1,1,1,1,1,1,1,1,1,1,1,1,1,1,1,1,1,1,1,1
INDU_MAN_PAP,All,0,1,1,1,1,1,1,1,1,1,1,1,1,1,1,1,1,1,1,1,1,1,1,1,1
INDU_MAN_PET,All,0,1,1,1,1,1,1,1,1,1,1,1,1,1,1,1,1,1,1,1,1,1,1,1,1
INDU_MIN_GEN,All,0,1,1,1,1,1,1,1,1,1,1,1,1,1,1,1,1,1,1,1,1,1,1,1,1
INDU_PRO_GEN,All,0,1,1,1,1,1,1,1,1,1,1,1,1,1,1,1,1,1,1,1,1,1,1,1,1
MISC_ANY,All,0,1,1,1,1,1,1,1,1,1,1,1,1,1,1,1,1,1,1,1,1,1,1,1,1
OFFR_OTH,All,0,0.12093600060468,0.12093600060468,0.106472904532365,0.142169040710845,0.271413601357068,0.729000963645005,1.4132791990664,1.4132791990664,1.4132791990664,1.4132791990664,1.4132791990664,1.4132791990664,1.4132791990664,1.4132791990664,1.4132791990664,1.4132791990664,1.4132791990664,1.4132791990664,1.4132791990664,1.4109199510546,1.01672400508362,0.738540435692702,0.581292866906464,0.388964641944823
OFFS_OTH,All,0,1,1,1,1,1,1,1,1,1,1,1,1,1,1,1,1,1,1,1,1,1,1,1,1
RAIL_FRE,All,0,0.800841321302211,0.744758051286297,0.710698424202706,0.704926811493013,0.728535592585314,0.77663778056133,0.843549702927009,0.920993461270721,0.999827139338667,1.07317886609185,1.13769674408215,1.19049549812663,1.2299909310447,1.25522100975807,1.26550617599092,1.26075120767833,1.24097638665758,1.20668937975887,1.15871273329778,1.09831003854609,1.02799848034735,0.950681786527291,0.872181155822916,0.800841321302211
RAIL_PAS,All,0,0.751402380474952,0.766046375942653,0.814610923082456,0.885533455488425,0.968569354435933,1.05499768723688,1.13480599296859,1.19027986369897,1.20131359000498,1.16497281500732,1.10494294511701,1.04627946481756,1.00673313859054,1.00050792936905,1.03149448226475,1.08200142546435,1.13142287407383,1.15686335665935,1.133964628287,1.05266541467004,0.944100581020798,0.84585910968323,0.779229831166371,0.751402380474952
ROAD_BUS_MOT,All,0,0.343675498285714,0.330971441142857,0.335692992,0.386231574857143,0.527249341714286,0.803607185142857,1.21830642857143,1.49813907428571,1.58351606742857,1.63790002628571,1.64076507771429,1.64223669257143,1.60505354057143,1.59494488114286,1.58696680457143,1.509357792,1.319598,1.06084278514286,0.87020121942857,0.706006621714287,0.575491998857143,0.471382409142857,0.396146609142857,0.355715938285714
ROAD_BUS_RUR,All,0,0.343675498285714,0.330971441142857,0.335692992,0.386231574857143,0.527249341714286,0.803607185142857,1.21830642857143,1.49813907428571,1.58351606742857,1.63790002628571,1.64076507771429,1.64223669257143,1.60505354057143,1.59494488114286,1.58696680457143,1.509357792,1.319598,1.06084278514286,0.87020121942857,0.706006621714287,0.575491998857143,0.471382409142857,0.396146609142857,0.355715938285714
ROAD_BUS_URB,All,0,0.343675498285714,0.330971441142857,0.335692992,0.386231574857143,0.527249341714286,0.803607185142857,1.21830642857143,1.49813907428571,1.58351606742857,1.63790002628571,1.64076507771429,1.64223669257143,1.60505354057143,1.59494488114286,1.58696680457143,1.509357792,1.319598,1.06084278514286,0.87020121942857,0.706006621714287,0.575491998857143,0.471382409142857,0.396146609142857,0.355715938285714
ROAD_CAT_ALL,All,0,0.146967260529438,0.0836099211189685,0.0581776354119492,0.0580270936977065,0.0900611074028396,0.267632375923534,0.66678701123806,1.30321539391337,1.56642180298102,1.35581400989834,1.43966976644581,1.56008711269712,1.63299717210486,1.61959454010869,1.66606199609541,1.80813767262625,1.96394662572459,1.98481436171862,1.56528550583849,1.12068171053695,0.78983396891719,0.581482024976719,0.420125334737107,0.250568595356979
ROAD_CAT_MOT,All,0,0.146967260529438,0.0836099211189685,0.0581776354119492,0.0580270936977065,0.0900611074028396,0.267632375923534,0.66678701123806,1.30321539391337,1.56642180298102,1.35581400989834,1.43966976644581,1.56008711269712,1.63299717210486,1.61959454010869,1.66606199609541,1.80813767262625,1.96394662572459,1.98481436171862,1.56528550583849,1.12068171053695,0.78983396891719,0.581482024976719,0.420125334737107,0.250568595356979
ROAD_CAT_RUR,All,0,0.146967260529438,0.0836099211189685,0.0581776354119492,0.0580270936977065,0.0900611074028396,0.267632375923534,0.66678701123806,1.30321539391337,1.56642180298102,1.35581400989834,1.43966976644581,1.56008711269712,1.63299717210486,1.61959454010869,1.66606199609541,1.80813767262625,1.96394662572459,1.98481436171862,1.56528550583849,1.12068171053695,0.78983396891719,0.581482024976719,0.420125334737107,0.250568595356979
ROAD_CAT_URB,All,0,0.146967260529438,0.0836099211189685,0.0581776354119492,0.0580270936977065,0.0900611074028396,0.267632375923534,0.66678701123806,1.30321539391337,1.56642180298102,1.35581400989834,1.43966976644581,1.56008711269712,1.63299717210486,1.61959454010869,1.66606199609541,1.80813767262625,1.96394662572459,1.98481436171862,1.56528550583849,1.12068171053695,0.78983396891719,0.581482024976719,0.420125334737107,0.250568595356979
ROAD_CYC_ALL,All,0,0.146967260529438,0.0836099211189685,0.0581776354119492,0.0580270936977065,0.0900611074028396,0.267632375923534,0.66678701123806,1.30321539391337,1.56642180298102,1.35581400989834,1.43966976644581,1.56008711269712,1.63299717210486,1.61959454010869,1.66606199609541,1.80813767262625,1.96394662572459,1.98481436171862,1.56528550583849,1.12068171053695,0.78983396891719,0.581482024976719,0.420125334737107,0.250568595356979
ROAD_CYC_MOT,All,0,0.146967260529438,0.0836099211189685,0.0581776354119492,0.0580270936977065,0.0900611074028396,0.267632375923534,0.66678701123806,1.30321539391337,1.56642180298102,1.35581400989834,1.43966976644581,1.56008711269712,1.63299717210486,1.61959454010869,1.66606199609541,1.80813767262625,1.96394662572459,1.98481436171862,1.56528550583849,1.12068171053695,0.78983396891719,0.581482024976719,0.420125334737107,0.250568595356979
ROAD_CYC_RUR,All,0,0.146967260529438,0.0836099211189685,0.0581776354119492,0.0580270936977065,0.0900611074028396,0.267632375923534,0.66678701123806,1.30321539391337,1.56642180298102,1.35581400989834,1.43966976644581,1.56008711269712,1.63299717210486,1.61959454010869,1.66606199609541,1.80813767262625,1.96394662572459,1.98481436171862,1.56528550583849,1.12068171053695,0.78983396891719,0.581482024976719,0.420125334737107,0.250568595356979
ROAD_CYC_URB,All,0,0.146967260529438,0.0836099211189685,0.0581776354119492,0.0580270936977065,0.0900611074028396,0.267632375923534,0.66678701123806,1.30321539391337,1.56642180298102,1.35581400989834,1.43966976644581,1.56008711269712,1.63299717210486,1.61959454010869,1.66606199609541,1.80813767262625,1.96394662572459,1.98481436171862,1.56528550583849,1.12068171053695,0.78983396891719,0.581482024976719,0.420125334737107,0.250568595356979
ROAD_HGV_MOT,All,0,0.343675498285714,0.330971441142857,0.335692992,0.386231574857143,0.527249341714286,0.803607185142857,1.21830642857143,1.49813907428571,1.58351606742857,1.63790002628571,1.64076507771429,1.64223669257143,1.60505354057143,1.59494488114286,1.58696680457143,1.509357792,1.319598,1.06084278514286,0.87020121942857,0.706006621714287,0.575491998857143,0.471382409142857,0.396146609142857,0.355715938285714
ROAD_HGV_RUR,All,0,0.343675498285714,0.330971441142857,0.335692992,0.386231574857143,0.527249341714286,0.803607185142857,1.21830642857143,1.49813907428571,1.58351606742857,1.63790002628571,1.64076507771429,1.64223669257143,1.60505354057143,1.59494488114286,1.58696680457143,1.509357792,1.319598,1.06084278514286,0.87020121942857,0.706006621714287,0.575491998857143,0.471382409142857,0.396146609142857,0.355715938285714
ROAD_HGV_URB,All,0,0.343675498285714,0.330971441142857,0.335692992,0.386231574857143,0.527249341714286,0.803607185142857,1.21830642857143,1.49813907428571,1.58351606742857,1.63790002628571,1.64076507771429,1.64223669257143,1.60505354057143,1.59494488114286,1.58696680457143,1.509357792,1.319598,1.06084278514286,0.87020121942857,0.706006621714287,0.575491998857143,0.471382409142857,0.396146609142857,0.355715938285714
ROAD_LGV_ALL,All,0,0.156884382812319,0.104476299398721,0.0816926811195163,0.0850526468328422,0.129076333677407,0.317522903909279,0.832169248905094,1.51010691042568,1.6731379983791,1.53318439156195,1.53471611270437,1.61528166468135,1.65529776295563,1.63813549667482,1.68684010580376,1.84000475947428,1.91720883373794,1.73761232521783,1.348493677329,0.951404482013884,0.646001026101142,0.455584919869833,0.328262543906211,0.221852492508042
ROAD_LGV_MOT,All,0,0.156884382812319,0.104476299398721,0.0816926811195163,0.0850526468328422,0.129076333677407,0.317522903909279,0.832169248905094,1.51010691042568,1.6731379983791,1.53318439156195,1.53471611270437,1.61528166468135,1.65529776295563,1.63813549667482,1.68684010580376,1.84000475947428,1.91720883373794,1.73761232521783,1.348493677329,0.951404482013884,0.646001026101142,0.455584919869833,0.328262543906211,0.221852492508042
ROAD_LGV_RUR,All,0,0.156884382812319,0.104476299398721,0.0816926811195163,0.0850526468328422,0.129076333677407,0.317522903909279,0.832169248905094,1.51010691042568,1.6731379983791,1.53318439156195,1.53471611270437,1.61528166468135,1.65529776295563,1.63813549667482,1.68684010580376,1.84000475947428,1.91720883373794,1.73761232521783,1.348493677329,0.951404482013884,0.646001026101142,0.455584919869833,0.328262543906211,0.221852492508042
ROAD_LGV_URB,All,0,0.156884382812319,0.104476299398721,0.0816926811195163,0.0850526468328422,0.129076333677407,0.317522903909279,0.832169248905094,1.51010691042568,1.6731379983791,1.53318439156195,1.53471611270437,1.61528166468135,1.65529776295563,1.63813549667482,1.68684010580376,1.84000475947428,1.91720883373794,1.73761232521783,1.348493677329,0.951404482013884,0.646001026101142,0.455584919869833,0.328262543906211,0.221852492508042
SHIP_CTP,All,0,0.83970716655785,0.793933423134736,0.7344970088874,0.70934653757318,0.74461246166255,0.84120114607952,0.990769285528185,1.14107760519023,1.22535053338192,1.22022953560099,1.16967623323214,1.12081532039604,1.09990145469996,1.12311013084658,1.18596287706712,1.24079843146487,1.23834599406055,1.17383459604055,1.07120536698041,0.957397704884897,0.866599157511906,0.83175107758411,0.840169785076474,0.83970716655785
SHIP_FIS,All,0,0.810633477726061,0.794680479517341,0.780866412543155,0.82214819438651,0.926277360946539,1.04874327578923,1.14790228715354,1.21444384591709,1.25034786164627,1.26060854339006,1.25487477179193,1.2413429118262,1.21349403009162,1.15788972931953,1.07693736240742,1.00636340914996,0.98148319507829,0.984060037610746,0.961333482715592,0.88577480682304,0.804090883873521,0.77305601714943,0.792014145420872,0.810633477726061
SHIP_MIL,All,0,0.605530472680362,0.573685528530661,0.57165663183086,0.603956041386111,0.671683478534993,0.771993412645436,0.900202752296428,1.04257571068151,1.18226981729354,1.30486532253051,1.39970259181208,1.45747915079709,1.47710192641558,1.46139975103769,1.41437352758033,1.34243142990668,1.25225534477663,1.1501853224799,1.04234061626123,0.934580446428907,0.832026620044102,0.739669439720414,0.662504191648593,0.605530472680362
SHIP_MIS,All,0,0.865576737362301,0.812470077250681,0.738678741016932,0.714629068626663,0.767542911711647,0.874693192577959,1.00805780084651,1.12555445655385,1.18084990096601,1.1658232395841,1.1315903491972,1.12820777481814,1.1568512075947,1.19540439009932,1.22452604155673,1.23099503764404,1.20316987074942,1.13881342890951,1.04176626464599,0.926241256955169,0.83599646484387,0.816558920540012,0.850426128586938,0.865576737362301
SHIP_REC,All,0,0.249331730233087,0.216831041494489,0.192553652131409,0.22502204851031,0.325199313358186,0.460625911284059,0.612046559423898,0.847628038667381,1.26383184674416,1.83132775954668,2.32576108771524,2.53432259366007,2.4691256246546,2.24936029149641,1.96523167893423,1.64477813450683,1.30871209353646,0.983581562042551,0.699693617641004,0.481628612562408,0.337313443761061,0.270188218487722,0.256573409374664,0.249331730233088
SOLV_IND,All,0,0.589285708607142,0.466071422646429,0.342857136685714,0.260714294235715,0.260714294235715,0.342857136685714,0.794642857589285,1.20535713841071,1.32857142437143,1.41071428739286,1.41071428739286,1.41071428739286,1.41071428739286,1.41071428739286,1.41071428739286,1.41071428739286,1.41071428739286,1.32857142437143,1.20535713841071,1.08214285245,1.00000001,0.91785714355,0.835714280528571,0.753571438078572
SOLV_OTH,All,0,0.589285708607142,0.466071422646429,0.342857136685714,0.260714294235715,0.260714294235715,0.342857136685714,0.794642857589285,1.20535713841071,1.32857142437143,1.41071428739286,1.41071428739286,1.41071428739286,1.41071428739286,1.41071428739286,1.41071428739286,1.41071428739286,1.41071428739286,1.32857142437143,1.20535713841071,1.08214285245,1.00000001,0.91785714355,0.835714280528571,0.753571438078572
STAT_DOM_COA,All,0,0.785237184832757,0.616613386086473,0.509100862756568,0.453608071705123,0.454829899742023,0.533399795657009,0.698969715272562,0.894774332662353,1.04168296865258,1.10399465324384,1.1133603982179,1.1044082619239,1.0893971617986,1.07000388697113,1.06165669840819,1.10875842398389,1.25173791108357,1.44241368518662,1.57546777545917,1.57595690211912,1.45905149969927,1.25673008652503,1.01360925317957,0.785237184832757
STAT_DOM_GAS,All,0,0.785237184832757,0.616613386086473,0.509100862756568,0.453608071705123,0.454829899742023,0.533399795657009,0.698969715272562,0.894774332662353,1.04168296865258,1.10399465324384,1.1133603982179,1.1044082619239,1.0893971617986,1.07000388697113,1.06165669840819,1.10875842398389,1.25173791108357,1.44241368518662,1.57546777545917,1.57595690211912,1.45905149969927,1.25673008652503,1.01360925317957,0.785237184832757
STAT_DOM_OIL,All,0,0.785237184832757,0.616613386086473,0.509100862756568,0.453608071705123,0.454829899742023,0.533399795657009,0.698969715272562,0.894774332662353,1.04168296865258,1.10399465324384,1.1133603982179,1.1044082619239,1.0893971617986,1.07000388697113,1.06165669840819,1.10875842398389,1.25173791108357,1.44241368518662,1.57546777545917,1.57595690211912,1.45905149969927,1.25673008652503,1.01360925317957,0.785237184832757
STAT_DOM_OTH,All,0,0.785237184832757,0.616613386086473,0.509100862756568,0.453608071705123,0.454829899742023,0.533399795657009,0.698969715272562,0.894774332662353,1.04168296865258,1.10399465324384,1.1133603982179,1.1044082619239,1.0893971617986,1.07000388697113,1.06165669840819,1.10875842398389,1.25173791108357,1.44241368518662,1.57546777545917,1.57595690211912,1.45905149969927,1.25673008652503,1.01360925317957,0.785237184832757
STAT_DOM_SOL,All,0,0.785237184832757,0.616613386086473,0.509100862756568,0.453608071705123,0.454829899742023,0.533399795657009,0.698969715272562,0.894774332662353,1.04168296865258,1.10399465324384,1.1133603982179,1.1044082619239,1.0893971617986,1.07000388697113,1.06165669840819,1.10875842398389,1.25173791108357,1.44241368518662,1.57546777545917,1.57595690211912,1.45905149969927,1.25673008652503,1.01360925317957,0.785237184832757
STAT_DOM_WOO,All,0,0.785237184832757,0.616613386086473,0.509100862756568,0.453608071705123,0.454829899742023,0.533399795657009,0.698969715272562,0.894774332662353,1.04168296865258,1.10399465324384,1.1133603982179,1.1044082619239,1.0893971617986,1.07000388697113,1.06165669840819,1.10875842398389,1.25173791108357,1.44241368518662,1.57546777545917,1.57595690211912,1.45905149969927,1.25673008652503,1.01360925317957,0.785237184832757
STAT_PIC_COA,All,0,0.577193164174861,0.578288960001684,0.596741983370853,0.585273288575423,0.553325434953622,0.575917003132378,0.716049931617413,0.949044314778188,1.21967297209986,1.46876553672415,1.63108713990931,1.65376571109164,1.58625370439762,1.52644971516847,1.51578902486309,1.47667330199734,1.326483637188,1.0984775976912,0.900631528203005,0.802088969263783,0.756706586939196,0.70087314436032,0.627254185323722,0.577193164174861
STAT_PIC_GAS,All,0,0.577193164174861,0.578288960001684,0.596741983370853,0.585273288575423,0.553325434953622,0.575917003132378,0.716049931617413,0.949044314778188,1.21967297209986,1.46876553672415,1.63108713990931,1.65376571109164,1.58625370439762,1.52644971516847,1.51578902486309,1.47667330199734,1.326483637188,1.0984775976912,0.900631528203005,0.802088969263783,0.756706586939196,0.70087314436032,0.627254185323722,0.577193164174861
STAT_PIC_OIL,All,0,0.577193164174861,0.578288960001684,0.596741983370853,0.585273288575423,0.553325434953622,0.575917003132378,0.716049931617413,0.949044314778188,1.21967297209986,1.46876553672415,1.63108713990931,1.65376571109164,1.58625370439762,1.52644971516847,1.51578902486309,1.47667330199734,1.326483637188,1.0984775976912,0.900631528203005,0.802088969263783,0.756706586939196,0.70087314436032,0.627254185323722,0.577193164174861
WAST_OTH,All,0,1,1,1,1,1,1,1,1,1,1,1,1,1,1,1,1,1,1,1,1,1,1,1,1
